ID,SKU,Name,Attribute 1 name,Attribute 1 value(s),Attribute 1 visible,Attribute 1 global,Attribute 2 name,Attribute 2 value(s),Attribute 2 visible,Attribute 2 global,Attribute 3 name,Attribute 3 value(s),Attribute 3 visible,Attribute 3 global,Attribute 4 name,Attribute 4 value(s),Attribute 4 visible,Attribute 4 global,Attribute 5 name,Attribute 5 value(s),Attribute 5 visible,Attribute 5 global,Attribute 6 name,Attribute 6 value(s),Attribute 6 visible,Attribute 6 global,Attribute 7 name,Attribute 7 value(s),Attribute 7 visible,Attribute 7 global,Attribute 8 name,Attribute 8 value(s),Attribute 8 visible,Attribute 8 global,Attribute 9 name,Attribute 9 value(s),Attribute 9 visible,Attribute 9 global,Attribute 10 name,Attribute 10 value(s),Attribute 10 visible,Attribute 10 global,Attribute 11 name,Attribute 11 value(s),Attribute 11 visible,Attribute 11 global,Attribute 12 name,Attribute 12 value(s),Attribute 12 visible,Attribute 12 global,Attribute 13 name,Attribute 13 value(s),Attribute 13 visible,Attribute 13 global,Attribute 14 name,Attribute 14 value(s),Attribute 14 visible,Attribute 14 global,Attribute 15 name,Attribute 15 value(s),Attribute 15 visible,Attribute 15 global,Attribute 16 name,Attribute 16 value(s),Attribute 16 visible,Attribute 16 global,Attribute 17 name,Attribute 17 value(s),Attribute 17 visible,Attribute 17 global,Attribute 18 name,Attribute 18 value(s),Attribute 18 visible,Attribute 18 global,Attribute 19 name,Attribute 19 value(s),Attribute 19 visible,Attribute 19 global,Attribute 20 name,Attribute 20 value(s),Attribute 20 visible,Attribute 20 global
2600,CDM-BC4B12,Larsen Original & Il Cannone – 4/4,Marque,Larsen,1,1,Modèle,Original et Il Cannone,1,1,Instrument,Violoncelle,1,1,Corde,jeu,1,1,Taille,4/4,1,1,Tension,,0,1,Attache,,0,1,Âme,,0,1,Filage,,0,1,Type produit,,0,1,Type pack,,0,1,Profil sonore,équilibré,1,1,Complexité,équilibré,1,1,Puissance,modéré,1,1,Réponse,rapide,1,1,Usage,soliste,1,1,Positionnement,premium,1,1,Durabilité,élevée,1,1,Stabilité,bonne,1,1,Temps de rodage,court,1,1
2601,CDM-3496B8,Pirastro Eudoxa – Sol – Medium – 4/4,Marque,Pirastro,1,1,Modèle,Eudoxa,1,1,Instrument,Violoncelle,1,1,Corde,Sol,1,1,Taille,4/4,1,1,Tension,Medium,1,1,Attache,,0,1,Âme,boyau,1,1,Filage,argent,1,1,Type produit,,0,1,Type pack,,0,1,Profil sonore,chaud,1,1,Complexité,complexe,1,1,Puissance,modéré,1,1,Réponse,douce,1,1,Usage,soliste,1,1,Positionnement,premium,1,1,Durabilité,faible,1,1,Stabilité,moyenne,1,1,Temps de rodage,long,1,1
2602,CDM-9792DC,Optima Goldbrokat Premium – Mi – Boucle – Extra-hard – 4/4,Marque,Optima,1,1,Modèle,Goldbrokat Premium,1,1,Instrument,Violon,1,1,Corde,Mi,1,1,Taille,4/4,1,1,Tension,Heavy,1,1,Attache,Boucle,1,1,Âme,,0,1,Filage,laiton,1,1,Type produit,,0,1,Type pack,,0,1,Profil sonore,brillant,1,1,Complexité,équilibré,1,1,Puissance,modéré,1,1,Réponse,rapide,1,1,Usage,soliste,1,1,Positionnement,intermédiaire,1,1,Durabilité,élevée,1,1,Stabilité,excellente,1,1,Temps de rodage,court,1,1
2603,CDM-674065,Jargar Evoke – Sol – Medium – 4/4,Marque,Jargar,1,1,Modèle,Evoke,1,1,Instrument,Violoncelle,1,1,Corde,Sol,1,1,Taille,4/4,1,1,Tension,Medium,1,1,Attache,,0,1,Âme,,0,1,Filage,,0,1,Type produit,,0,1,Type pack,,0,1,Profil sonore,brillant,1,1,Complexité,équilibré,1,1,Puissance,puissant,1,1,Réponse,rapide,1,1,Usage,soliste,1,1,Positionnement,intermédiaire,1,1,Durabilité,élevée,1,1,Stabilité,bonne,1,1,Temps de rodage,court,1,1
2604,CDM-EF2CA3,Jargar Evoke – Do – Medium – 4/4,Marque,Jargar,1,1,Modèle,Evoke,1,1,Instrument,Violoncelle,1,1,Corde,Do,1,1,Taille,4/4,1,1,Tension,Medium,1,1,Attache,,0,1,Âme,,0,1,Filage,,0,1,Type produit,,0,1,Type pack,,0,1,Profil sonore,brillant,1,1,Complexité,équilibré,1,1,Puissance,puissant,1,1,Réponse,rapide,1,1,Usage,soliste,1,1,Positionnement,intermédiaire,1,1,Durabilité,élevée,1,1,Stabilité,bonne,1,1,Temps de rodage,court,1,1
2605,CDM-5E0473,Jargar Evoke – La – Medium – 4/4,Marque,Jargar,1,1,Modèle,Evoke,1,1,Instrument,Violoncelle,1,1,Corde,La,1,1,Taille,4/4,1,1,Tension,Medium,1,1,Attache,,0,1,Âme,,0,1,Filage,,0,1,Type produit,,0,1,Type pack,,0,1,Profil sonore,brillant,1,1,Complexité,équilibré,1,1,Puissance,puissant,1,1,Réponse,rapide,1,1,Usage,soliste,1,1,Positionnement,intermédiaire,1,1,Durabilité,élevée,1,1,Stabilité,bonne,1,1,Temps de rodage,court,1,1
2606,CDM-BD4C99,Jargar Evoke – Ré – Medium – 4/4,Marque,Jargar,1,1,Modèle,Evoke,1,1,Instrument,Violoncelle,1,1,Corde,Ré,1,1,Taille,4/4,1,1,Tension,Medium,1,1,Attache,,0,1,Âme,,0,1,Filage,,0,1,Type produit,,0,1,Type pack,,0,1,Profil sonore,brillant,1,1,Complexité,équilibré,1,1,Puissance,puissant,1,1,Réponse,rapide,1,1,Usage,soliste,1,1,Positionnement,intermédiaire,1,1,Durabilité,élevée,1,1,Stabilité,bonne,1,1,Temps de rodage,court,1,1
2608,CDM-ED5DEC,Pirastro Chorda -platejada Light – Ré – 4/4,Marque,Pirastro,1,1,Modèle,Chorda,1,1,Instrument,Violoncelle,1,1,Corde,Ré,1,1,Taille,4/4,1,1,Tension,,0,1,Attache,,0,1,Âme,boyau,1,1,Filage,,0,1,Type produit,,0,1,Type pack,,0,1,Profil sonore,chaud,1,1,Complexité,complexe,1,1,Puissance,modéré,1,1,Réponse,douce,1,1,Usage,baroque,1,1,Positionnement,premium,1,1,Durabilité,faible,1,1,Stabilité,faible,1,1,Temps de rodage,long,1,1
2610,CDM-8FD204,Pirastro Eudoxa - Light – Sol – 4/4,Marque,Pirastro,1,1,Modèle,Eudoxa,1,1,Instrument,Violoncelle,1,1,Corde,Sol,1,1,Taille,4/4,1,1,Tension,Light,1,1,Attache,,0,1,Âme,boyau,1,1,Filage,argent,1,1,Type produit,,0,1,Type pack,,0,1,Profil sonore,chaud,1,1,Complexité,complexe,1,1,Puissance,modéré,1,1,Réponse,douce,1,1,Usage,soliste,1,1,Positionnement,premium,1,1,Durabilité,faible,1,1,Stabilité,moyenne,1,1,Temps de rodage,long,1,1
2612,CDM-F4DB35,Pirastro Flexocor Deluxe – La – Medium – 4/4,Marque,Pirastro,1,1,Modèle,Flexocor Deluxe,1,1,Instrument,Violoncelle,1,1,Corde,La,1,1,Taille,4/4,1,1,Tension,Medium,1,1,Attache,,0,1,Âme,,0,1,Filage,,0,1,Type produit,,0,1,Type pack,,0,1,Profil sonore,chaud,1,1,Complexité,complexe,1,1,Puissance,modéré,1,1,Réponse,rapide,1,1,Usage,orchestre,1,1,Positionnement,premium,1,1,Durabilité,élevée,1,1,Stabilité,bonne,1,1,Temps de rodage,court,1,1
2614,CDM-125CB3,Pirastro Flexocor Deluxe – Ré – Medium – 4/4,Marque,Pirastro,1,1,Modèle,Flexocor Deluxe,1,1,Instrument,Violoncelle,1,1,Corde,Ré,1,1,Taille,4/4,1,1,Tension,Medium,1,1,Attache,,0,1,Âme,,0,1,Filage,,0,1,Type produit,,0,1,Type pack,,0,1,Profil sonore,chaud,1,1,Complexité,complexe,1,1,Puissance,modéré,1,1,Réponse,rapide,1,1,Usage,orchestre,1,1,Positionnement,premium,1,1,Durabilité,élevée,1,1,Stabilité,bonne,1,1,Temps de rodage,court,1,1
2616,CDM-3C4965,Pirastro Flexocor Deluxe – Sol – Medium – 4/4,Marque,Pirastro,1,1,Modèle,Flexocor Deluxe,1,1,Instrument,Violoncelle,1,1,Corde,Sol,1,1,Taille,4/4,1,1,Tension,Medium,1,1,Attache,,0,1,Âme,,0,1,Filage,,0,1,Type produit,,0,1,Type pack,,0,1,Profil sonore,chaud,1,1,Complexité,complexe,1,1,Puissance,modéré,1,1,Réponse,rapide,1,1,Usage,orchestre,1,1,Positionnement,premium,1,1,Durabilité,élevée,1,1,Stabilité,bonne,1,1,Temps de rodage,court,1,1
2618,CDM-FCCD3C,Pirastro Flexocor Deluxe – Do – Medium – 4/4,Marque,Pirastro,1,1,Modèle,Flexocor Deluxe,1,1,Instrument,Violoncelle,1,1,Corde,Do,1,1,Taille,4/4,1,1,Tension,Medium,1,1,Attache,,0,1,Âme,,0,1,Filage,,0,1,Type produit,,0,1,Type pack,,0,1,Profil sonore,chaud,1,1,Complexité,complexe,1,1,Puissance,modéré,1,1,Réponse,rapide,1,1,Usage,orchestre,1,1,Positionnement,premium,1,1,Durabilité,élevée,1,1,Stabilité,bonne,1,1,Temps de rodage,court,1,1
2620,CDM-F9C607,Thomastik Peter Infeld PI41 – La – Medium – 4/4,Marque,Thomastik,1,1,Modèle,Peter Infeld,1,1,Instrument,Violoncelle,1,1,Corde,La,1,1,Taille,4/4,1,1,Tension,Medium,1,1,Attache,,0,1,Âme,,0,1,Filage,,0,1,Type produit,,0,1,Type pack,,0,1,Profil sonore,équilibré,1,1,Complexité,complexe,1,1,Puissance,puissant,1,1,Réponse,rapide,1,1,Usage,soliste,1,1,Positionnement,premium,1,1,Durabilité,moyenne,1,1,Stabilité,bonne,1,1,Temps de rodage,moyen,1,1
2622,CDM-401FDC,Thomastik Peter Infeld PI42 – Ré – Medium – 4/4,Marque,Thomastik,1,1,Modèle,Peter Infeld,1,1,Instrument,Violoncelle,1,1,Corde,Ré,1,1,Taille,4/4,1,1,Tension,Medium,1,1,Attache,,0,1,Âme,,0,1,Filage,,0,1,Type produit,,0,1,Type pack,,0,1,Profil sonore,équilibré,1,1,Complexité,complexe,1,1,Puissance,puissant,1,1,Réponse,rapide,1,1,Usage,soliste,1,1,Positionnement,premium,1,1,Durabilité,moyenne,1,1,Stabilité,bonne,1,1,Temps de rodage,moyen,1,1
2624,CDM-CCB5C7,Thomastik Peter Infeld PI43 – Sol – Medium – 4/4,Marque,Thomastik,1,1,Modèle,Peter Infeld,1,1,Instrument,Violoncelle,1,1,Corde,Sol,1,1,Taille,4/4,1,1,Tension,Medium,1,1,Attache,,0,1,Âme,,0,1,Filage,,0,1,Type produit,,0,1,Type pack,,0,1,Profil sonore,équilibré,1,1,Complexité,complexe,1,1,Puissance,puissant,1,1,Réponse,rapide,1,1,Usage,soliste,1,1,Positionnement,premium,1,1,Durabilité,moyenne,1,1,Stabilité,bonne,1,1,Temps de rodage,moyen,1,1
2626,CDM-77D9E8,Thomastik Peter Infeld PI44 – Do – Medium – 4/4,Marque,Thomastik,1,1,Modèle,Peter Infeld,1,1,Instrument,Violoncelle,1,1,Corde,Do,1,1,Taille,4/4,1,1,Tension,Medium,1,1,Attache,,0,1,Âme,,0,1,Filage,,0,1,Type produit,,0,1,Type pack,,0,1,Profil sonore,équilibré,1,1,Complexité,complexe,1,1,Puissance,puissant,1,1,Réponse,rapide,1,1,Usage,soliste,1,1,Positionnement,premium,1,1,Durabilité,moyenne,1,1,Stabilité,bonne,1,1,Temps de rodage,moyen,1,1
2628,CDM-ED14CF,Thomastik Spirocore S3233 combo C G – Medium – 4/4,Marque,Thomastik,1,1,Modèle,Spirocore,1,1,Instrument,Violoncelle,1,1,Corde,jeu,1,1,Taille,4/4,1,1,Tension,Medium,1,1,Attache,,0,1,Âme,,0,1,Filage,tungstène,1,1,Type produit,,0,1,Type pack,,0,1,Profil sonore,brillant,1,1,Complexité,complexe,1,1,Puissance,puissant,1,1,Réponse,rapide,1,1,Usage,soliste,1,1,Positionnement,intermédiaire,1,1,Durabilité,élevée,1,1,Stabilité,bonne,1,1,Temps de rodage,long,1,1
2630,CDM-AE9BF6,Thomastik Spirocore S787 – Sol – Medium – 1/2,Marque,Thomastik,1,1,Modèle,Spirocore,1,1,Instrument,Violoncelle,1,1,Corde,Sol,1,1,Taille,1/2,1,1,Tension,Medium,1,1,Attache,,0,1,Âme,,0,1,Filage,chrome,1,1,Type produit,,0,1,Type pack,,0,1,Profil sonore,brillant,1,1,Complexité,complexe,1,1,Puissance,puissant,1,1,Réponse,rapide,1,1,Usage,soliste,1,1,Positionnement,intermédiaire,1,1,Durabilité,élevée,1,1,Stabilité,bonne,1,1,Temps de rodage,long,1,1
2632,CDM-4E9996,D'Addario Helicore Orchestral H616 – Si – Medium – 3/4,Marque,D'Addario,1,1,Modèle,Helicore Orchestral,1,1,Instrument,Contrebasse,1,1,Corde,Si,1,1,Taille,3/4,1,1,Tension,Medium,1,1,Attache,,0,1,Âme,,0,1,Filage,,0,1,Type produit,,0,1,Type pack,,0,1,Profil sonore,chaud,1,1,Complexité,équilibré,1,1,Puissance,modéré,1,1,Réponse,rapide,1,1,Usage,orchestre,1,1,Positionnement,intermédiaire,1,1,Durabilité,élevée,1,1,Stabilité,excellente,1,1,Temps de rodage,court,1,1
2634,CDM-0A44AF,Pirastro Evah Pirazzi Orchestra Light – Si – 3/4,Marque,Pirastro,1,1,Modèle,Evah Pirazzi Orchestra,1,1,Instrument,Contrebasse,1,1,Corde,Si,1,1,Taille,3/4,1,1,Tension,Light,1,1,Attache,,0,1,Âme,,0,1,Filage,,0,1,Type produit,,0,1,Type pack,,0,1,Profil sonore,brillant,1,1,Complexité,équilibré,1,1,Puissance,puissant,1,1,Réponse,rapide,1,1,Usage,orchestre,1,1,Positionnement,premium,1,1,Durabilité,élevée,1,1,Stabilité,excellente,1,1,Temps de rodage,court,1,1
2636,CDM-CC96AA,Pirastro Flexocor Orchestra - Heavy – Sol – 4/4,Marque,Pirastro,1,1,Modèle,Flexocor Orchestra,1,1,Instrument,Contrebasse,1,1,Corde,Sol,1,1,Taille,4/4,1,1,Tension,Heavy,1,1,Attache,,0,1,Âme,,0,1,Filage,,0,1,Type produit,,0,1,Type pack,,0,1,Profil sonore,chaud,1,1,Complexité,équilibré,1,1,Puissance,modéré,1,1,Réponse,rapide,1,1,Usage,orchestre,1,1,Positionnement,intermédiaire,1,1,Durabilité,élevée,1,1,Stabilité,bonne,1,1,Temps de rodage,court,1,1
2638,CDM-DDEDDB,Pirastro Flexocor Orchestra - Light – Si – 3/4,Marque,Pirastro,1,1,Modèle,Flexocor Orchestra,1,1,Instrument,Contrebasse,1,1,Corde,Si,1,1,Taille,3/4,1,1,Tension,Light,1,1,Attache,,0,1,Âme,,0,1,Filage,,0,1,Type produit,,0,1,Type pack,,0,1,Profil sonore,chaud,1,1,Complexité,équilibré,1,1,Puissance,modéré,1,1,Réponse,rapide,1,1,Usage,orchestre,1,1,Positionnement,intermédiaire,1,1,Durabilité,élevée,1,1,Stabilité,bonne,1,1,Temps de rodage,court,1,1
2640,CDM-679A06,Pirastro Permanent Soloist – Fa – Medium – 3/4,Marque,Pirastro,1,1,Modèle,Permanent Soloist,1,1,Instrument,Contrebasse,1,1,Corde,Fa,1,1,Taille,3/4,1,1,Tension,Medium,1,1,Attache,,0,1,Âme,,0,1,Filage,,0,1,Type produit,,0,1,Type pack,,0,1,Profil sonore,brillant,1,1,Complexité,équilibré,1,1,Puissance,puissant,1,1,Réponse,rapide,1,1,Usage,soliste,1,1,Positionnement,intermédiaire,1,1,Durabilité,élevée,1,1,Stabilité,excellente,1,1,Temps de rodage,court,1,1
2642,CDM-B2AEF2,Pirastro Perpetual Orchestra Heavy – Sol – 3/4,Marque,Pirastro,1,1,Modèle,Perpetual Orchestra,1,1,Instrument,Contrebasse,1,1,Corde,Sol,1,1,Taille,3/4,1,1,Tension,Heavy,1,1,Attache,,0,1,Âme,,0,1,Filage,,0,1,Type produit,,0,1,Type pack,,0,1,Profil sonore,brillant,1,1,Complexité,équilibré,1,1,Puissance,puissant,1,1,Réponse,rapide,1,1,Usage,orchestre,1,1,Positionnement,premium,1,1,Durabilité,élevée,1,1,Stabilité,excellente,1,1,Temps de rodage,court,1,1
2644,CDM-88E6A0,Thomastik Spirocore Orchestra Light S37W – Ré – 4/4,Marque,Thomastik,1,1,Modèle,Spirocore Orchestra,1,1,Instrument,Contrebasse,1,1,Corde,Ré,1,1,Taille,4/4,1,1,Tension,Light,1,1,Attache,,0,1,Âme,,0,1,Filage,,0,1,Type produit,,0,1,Type pack,,0,1,Profil sonore,brillant,1,1,Complexité,complexe,1,1,Puissance,puissant,1,1,Réponse,rapide,1,1,Usage,orchestre,1,1,Positionnement,intermédiaire,1,1,Durabilité,élevée,1,1,Stabilité,bonne,1,1,Temps de rodage,long,1,1
2646,CDM-00BEF7,D'Addario Helicore – La – Medium – 4/4,Marque,D'Addario,1,1,Modèle,Helicore,1,1,Instrument,Violoncelle,1,1,Corde,La,1,1,Taille,4/4,1,1,Tension,Medium,1,1,Attache,,0,1,Âme,,0,1,Filage,,0,1,Type produit,,0,1,Type pack,,0,1,Profil sonore,équilibré,1,1,Complexité,équilibré,1,1,Puissance,puissant,1,1,Réponse,rapide,1,1,Usage,orchestre,1,1,Positionnement,intermédiaire,1,1,Durabilité,élevée,1,1,Stabilité,excellente,1,1,Temps de rodage,court,1,1
2648,CDM-9F23D1,D'Addario Helicore – Ré – Medium – 4/4,Marque,D'Addario,1,1,Modèle,Helicore,1,1,Instrument,Violoncelle,1,1,Corde,Ré,1,1,Taille,4/4,1,1,Tension,Medium,1,1,Attache,,0,1,Âme,,0,1,Filage,,0,1,Type produit,,0,1,Type pack,,0,1,Profil sonore,équilibré,1,1,Complexité,équilibré,1,1,Puissance,puissant,1,1,Réponse,rapide,1,1,Usage,orchestre,1,1,Positionnement,intermédiaire,1,1,Durabilité,élevée,1,1,Stabilité,excellente,1,1,Temps de rodage,court,1,1
2650,CDM-6F40FB,D'Addario Helicore Heavy – Sol – 4/4,Marque,D'Addario,1,1,Modèle,Helicore,1,1,Instrument,Violoncelle,1,1,Corde,Sol,1,1,Taille,4/4,1,1,Tension,Heavy,1,1,Attache,,0,1,Âme,,0,1,Filage,,0,1,Type produit,,0,1,Type pack,,0,1,Profil sonore,équilibré,1,1,Complexité,équilibré,1,1,Puissance,puissant,1,1,Réponse,rapide,1,1,Usage,orchestre,1,1,Positionnement,intermédiaire,1,1,Durabilité,élevée,1,1,Stabilité,excellente,1,1,Temps de rodage,court,1,1
2652,CDM-8D0639,D'Addario Helicore – Sol – Medium – 4/4,Marque,D'Addario,1,1,Modèle,Helicore,1,1,Instrument,Violoncelle,1,1,Corde,Sol,1,1,Taille,4/4,1,1,Tension,Medium,1,1,Attache,,0,1,Âme,,0,1,Filage,,0,1,Type produit,,0,1,Type pack,,0,1,Profil sonore,équilibré,1,1,Complexité,équilibré,1,1,Puissance,puissant,1,1,Réponse,rapide,1,1,Usage,orchestre,1,1,Positionnement,intermédiaire,1,1,Durabilité,élevée,1,1,Stabilité,excellente,1,1,Temps de rodage,court,1,1
2654,CDM-743A11,D'Addario Helicore Heavy – Do – 4/4,Marque,D'Addario,1,1,Modèle,Helicore,1,1,Instrument,Violoncelle,1,1,Corde,Do,1,1,Taille,4/4,1,1,Tension,Heavy,1,1,Attache,,0,1,Âme,,0,1,Filage,,0,1,Type produit,,0,1,Type pack,,0,1,Profil sonore,équilibré,1,1,Complexité,équilibré,1,1,Puissance,puissant,1,1,Réponse,rapide,1,1,Usage,orchestre,1,1,Positionnement,intermédiaire,1,1,Durabilité,élevée,1,1,Stabilité,excellente,1,1,Temps de rodage,court,1,1
2656,CDM-C5DF29,D'Addario Helicore – Do – Medium – 4/4,Marque,D'Addario,1,1,Modèle,Helicore,1,1,Instrument,Violoncelle,1,1,Corde,Do,1,1,Taille,4/4,1,1,Tension,Medium,1,1,Attache,,0,1,Âme,,0,1,Filage,,0,1,Type produit,,0,1,Type pack,,0,1,Profil sonore,équilibré,1,1,Complexité,équilibré,1,1,Puissance,puissant,1,1,Réponse,rapide,1,1,Usage,orchestre,1,1,Positionnement,intermédiaire,1,1,Durabilité,élevée,1,1,Stabilité,excellente,1,1,Temps de rodage,court,1,1
2658,CDM-1906E8,D'Addario Kaplan Solutions – La – Medium – 4/4,Marque,D'Addario,1,1,Modèle,Kaplan Solutions,1,1,Instrument,Violoncelle,1,1,Corde,La,1,1,Taille,4/4,1,1,Tension,Medium,1,1,Attache,,0,1,Âme,,0,1,Filage,,0,1,Type produit,,0,1,Type pack,,0,1,Profil sonore,chaud,1,1,Complexité,équilibré,1,1,Puissance,modéré,1,1,Réponse,rapide,1,1,Usage,étudiant,1,1,Positionnement,intermédiaire,1,1,Durabilité,élevée,1,1,Stabilité,excellente,1,1,Temps de rodage,court,1,1
2660,CDM-4585E4,D'Addario Kaplan Solutions – Ré – Medium – 4/4,Marque,D'Addario,1,1,Modèle,Kaplan Solutions,1,1,Instrument,Violoncelle,1,1,Corde,Ré,1,1,Taille,4/4,1,1,Tension,Medium,1,1,Attache,,0,1,Âme,,0,1,Filage,,0,1,Type produit,,0,1,Type pack,,0,1,Profil sonore,chaud,1,1,Complexité,équilibré,1,1,Puissance,modéré,1,1,Réponse,rapide,1,1,Usage,étudiant,1,1,Positionnement,intermédiaire,1,1,Durabilité,élevée,1,1,Stabilité,excellente,1,1,Temps de rodage,court,1,1
2662,CDM-ECE5EA,D'Addario Kaplan Solutions – Sol – Medium – 4/4,Marque,D'Addario,1,1,Modèle,Kaplan Solutions,1,1,Instrument,Violoncelle,1,1,Corde,Sol,1,1,Taille,4/4,1,1,Tension,Medium,1,1,Attache,,0,1,Âme,,0,1,Filage,,0,1,Type produit,,0,1,Type pack,,0,1,Profil sonore,chaud,1,1,Complexité,équilibré,1,1,Puissance,modéré,1,1,Réponse,rapide,1,1,Usage,étudiant,1,1,Positionnement,intermédiaire,1,1,Durabilité,élevée,1,1,Stabilité,excellente,1,1,Temps de rodage,court,1,1
2664,CDM-A3FCEB,D'Addario Kaplan Solutions – Do – Medium – 4/4,Marque,D'Addario,1,1,Modèle,Kaplan Solutions,1,1,Instrument,Violoncelle,1,1,Corde,Do,1,1,Taille,4/4,1,1,Tension,Medium,1,1,Attache,,0,1,Âme,,0,1,Filage,,0,1,Type produit,,0,1,Type pack,,0,1,Profil sonore,chaud,1,1,Complexité,équilibré,1,1,Puissance,modéré,1,1,Réponse,rapide,1,1,Usage,étudiant,1,1,Positionnement,intermédiaire,1,1,Durabilité,élevée,1,1,Stabilité,excellente,1,1,Temps de rodage,court,1,1
2666,CDM-A7D56D,Jargar Classic – La – Dolce – 4/4,Marque,Jargar,1,1,Modèle,Classic,1,1,Instrument,Violoncelle,1,1,Corde,La,1,1,Taille,4/4,1,1,Tension,Light,1,1,Attache,,0,1,Âme,,0,1,Filage,,0,1,Type produit,,0,1,Type pack,,0,1,Profil sonore,brillant,1,1,Complexité,pur,1,1,Puissance,puissant,1,1,Réponse,rapide,1,1,Usage,orchestre,1,1,Positionnement,intermédiaire,1,1,Durabilité,moyenne,1,1,Stabilité,excellente,1,1,Temps de rodage,court,1,1
2668,CDM-E61BFD,Jargar Classic – La – Forte – 4/4,Marque,Jargar,1,1,Modèle,Classic,1,1,Instrument,Violoncelle,1,1,Corde,La,1,1,Taille,4/4,1,1,Tension,Heavy,1,1,Attache,,0,1,Âme,,0,1,Filage,,0,1,Type produit,,0,1,Type pack,,0,1,Profil sonore,brillant,1,1,Complexité,pur,1,1,Puissance,puissant,1,1,Réponse,rapide,1,1,Usage,orchestre,1,1,Positionnement,intermédiaire,1,1,Durabilité,moyenne,1,1,Stabilité,excellente,1,1,Temps de rodage,court,1,1
2670,CDM-1A4476,Jargar Classic – La – Medium – 4/4,Marque,Jargar,1,1,Modèle,Classic,1,1,Instrument,Violoncelle,1,1,Corde,La,1,1,Taille,4/4,1,1,Tension,Medium,1,1,Attache,,0,1,Âme,,0,1,Filage,,0,1,Type produit,,0,1,Type pack,,0,1,Profil sonore,brillant,1,1,Complexité,pur,1,1,Puissance,puissant,1,1,Réponse,rapide,1,1,Usage,orchestre,1,1,Positionnement,intermédiaire,1,1,Durabilité,moyenne,1,1,Stabilité,excellente,1,1,Temps de rodage,court,1,1
2672,CDM-31302C,Jargar Classic – Ré – Dolce – 4/4,Marque,Jargar,1,1,Modèle,Classic,1,1,Instrument,Violoncelle,1,1,Corde,Ré,1,1,Taille,4/4,1,1,Tension,Light,1,1,Attache,,0,1,Âme,,0,1,Filage,,0,1,Type produit,,0,1,Type pack,,0,1,Profil sonore,brillant,1,1,Complexité,pur,1,1,Puissance,puissant,1,1,Réponse,rapide,1,1,Usage,orchestre,1,1,Positionnement,intermédiaire,1,1,Durabilité,moyenne,1,1,Stabilité,excellente,1,1,Temps de rodage,court,1,1
2674,CDM-2C26B6,Jargar Classic – Ré – Forte – 4/4,Marque,Jargar,1,1,Modèle,Classic,1,1,Instrument,Violoncelle,1,1,Corde,Ré,1,1,Taille,4/4,1,1,Tension,Heavy,1,1,Attache,,0,1,Âme,,0,1,Filage,,0,1,Type produit,,0,1,Type pack,,0,1,Profil sonore,brillant,1,1,Complexité,pur,1,1,Puissance,puissant,1,1,Réponse,rapide,1,1,Usage,orchestre,1,1,Positionnement,intermédiaire,1,1,Durabilité,moyenne,1,1,Stabilité,excellente,1,1,Temps de rodage,court,1,1
2676,CDM-3A9669,Jargar Classic – Ré – Medium – 4/4,Marque,Jargar,1,1,Modèle,Classic,1,1,Instrument,Violoncelle,1,1,Corde,Ré,1,1,Taille,4/4,1,1,Tension,Medium,1,1,Attache,,0,1,Âme,,0,1,Filage,,0,1,Type produit,,0,1,Type pack,,0,1,Profil sonore,brillant,1,1,Complexité,pur,1,1,Puissance,puissant,1,1,Réponse,rapide,1,1,Usage,orchestre,1,1,Positionnement,intermédiaire,1,1,Durabilité,moyenne,1,1,Stabilité,excellente,1,1,Temps de rodage,court,1,1
2678,CDM-B15CCC,Jargar Classic – Sol – Dolce – 4/4,Marque,Jargar,1,1,Modèle,Classic,1,1,Instrument,Violoncelle,1,1,Corde,Sol,1,1,Taille,4/4,1,1,Tension,Light,1,1,Attache,,0,1,Âme,,0,1,Filage,,0,1,Type produit,,0,1,Type pack,,0,1,Profil sonore,brillant,1,1,Complexité,pur,1,1,Puissance,puissant,1,1,Réponse,rapide,1,1,Usage,orchestre,1,1,Positionnement,intermédiaire,1,1,Durabilité,moyenne,1,1,Stabilité,excellente,1,1,Temps de rodage,court,1,1
2680,CDM-30DFD0,Jargar Classic – Sol – Forte – 4/4,Marque,Jargar,1,1,Modèle,Classic,1,1,Instrument,Violoncelle,1,1,Corde,Sol,1,1,Taille,4/4,1,1,Tension,Heavy,1,1,Attache,,0,1,Âme,,0,1,Filage,,0,1,Type produit,,0,1,Type pack,,0,1,Profil sonore,brillant,1,1,Complexité,pur,1,1,Puissance,puissant,1,1,Réponse,rapide,1,1,Usage,orchestre,1,1,Positionnement,intermédiaire,1,1,Durabilité,moyenne,1,1,Stabilité,excellente,1,1,Temps de rodage,court,1,1
2682,CDM-7AD29F,Jargar Classic – Sol – Medium – 4/4,Marque,Jargar,1,1,Modèle,Classic,1,1,Instrument,Violoncelle,1,1,Corde,Sol,1,1,Taille,4/4,1,1,Tension,Medium,1,1,Attache,,0,1,Âme,,0,1,Filage,,0,1,Type produit,,0,1,Type pack,,0,1,Profil sonore,brillant,1,1,Complexité,pur,1,1,Puissance,puissant,1,1,Réponse,rapide,1,1,Usage,orchestre,1,1,Positionnement,intermédiaire,1,1,Durabilité,moyenne,1,1,Stabilité,excellente,1,1,Temps de rodage,court,1,1
2684,CDM-E99D5C,Jargar Classic – Do – Dolce – 4/4,Marque,Jargar,1,1,Modèle,Classic,1,1,Instrument,Violoncelle,1,1,Corde,Do,1,1,Taille,4/4,1,1,Tension,Light,1,1,Attache,,0,1,Âme,,0,1,Filage,,0,1,Type produit,,0,1,Type pack,,0,1,Profil sonore,brillant,1,1,Complexité,pur,1,1,Puissance,puissant,1,1,Réponse,rapide,1,1,Usage,orchestre,1,1,Positionnement,intermédiaire,1,1,Durabilité,moyenne,1,1,Stabilité,excellente,1,1,Temps de rodage,court,1,1
2686,CDM-E4DA19,Jargar Classic – Do – Forte – 4/4,Marque,Jargar,1,1,Modèle,Classic,1,1,Instrument,Violoncelle,1,1,Corde,Do,1,1,Taille,4/4,1,1,Tension,Heavy,1,1,Attache,,0,1,Âme,,0,1,Filage,,0,1,Type produit,,0,1,Type pack,,0,1,Profil sonore,brillant,1,1,Complexité,pur,1,1,Puissance,puissant,1,1,Réponse,rapide,1,1,Usage,orchestre,1,1,Positionnement,intermédiaire,1,1,Durabilité,moyenne,1,1,Stabilité,excellente,1,1,Temps de rodage,court,1,1
2688,CDM-B047D9,Jargar Classic – Do – Medium – 4/4,Marque,Jargar,1,1,Modèle,Classic,1,1,Instrument,Violoncelle,1,1,Corde,Do,1,1,Taille,4/4,1,1,Tension,Medium,1,1,Attache,,0,1,Âme,,0,1,Filage,,0,1,Type produit,,0,1,Type pack,,0,1,Profil sonore,brillant,1,1,Complexité,pur,1,1,Puissance,puissant,1,1,Réponse,rapide,1,1,Usage,orchestre,1,1,Positionnement,intermédiaire,1,1,Durabilité,moyenne,1,1,Stabilité,excellente,1,1,Temps de rodage,court,1,1
2690,CDM-C6011D,Jargar Eccentric – La – Medium – 4/4,Marque,Jargar,1,1,Modèle,Eccentric,1,1,Instrument,Violoncelle,1,1,Corde,La,1,1,Taille,4/4,1,1,Tension,Medium,1,1,Attache,,0,1,Âme,,0,1,Filage,,0,1,Type produit,,0,1,Type pack,,0,1,Profil sonore,chaud,1,1,Complexité,complexe,1,1,Puissance,puissant,1,1,Réponse,rapide,1,1,Usage,soliste,1,1,Positionnement,premium,1,1,Durabilité,moyenne,1,1,Stabilité,bonne,1,1,Temps de rodage,court,1,1
2693,CDM-01F3ED,Jargar Eccentric – Ré – Medium – 4/4,Marque,Jargar,1,1,Modèle,Eccentric,1,1,Instrument,Violoncelle,1,1,Corde,Ré,1,1,Taille,4/4,1,1,Tension,Medium,1,1,Attache,,0,1,Âme,,0,1,Filage,,0,1,Type produit,,0,1,Type pack,,0,1,Profil sonore,chaud,1,1,Complexité,complexe,1,1,Puissance,puissant,1,1,Réponse,rapide,1,1,Usage,soliste,1,1,Positionnement,premium,1,1,Durabilité,moyenne,1,1,Stabilité,bonne,1,1,Temps de rodage,court,1,1
2696,CDM-1F6EAF,Jargar Eccentric – Sol – Medium – 4/4,Marque,Jargar,1,1,Modèle,Eccentric,1,1,Instrument,Violoncelle,1,1,Corde,Sol,1,1,Taille,4/4,1,1,Tension,Medium,1,1,Attache,,0,1,Âme,,0,1,Filage,,0,1,Type produit,,0,1,Type pack,,0,1,Profil sonore,chaud,1,1,Complexité,complexe,1,1,Puissance,puissant,1,1,Réponse,rapide,1,1,Usage,soliste,1,1,Positionnement,premium,1,1,Durabilité,moyenne,1,1,Stabilité,bonne,1,1,Temps de rodage,court,1,1
2699,CDM-75DB5B,Jargar Eccentric – Do – Medium – 4/4,Marque,Jargar,1,1,Modèle,Eccentric,1,1,Instrument,Violoncelle,1,1,Corde,Do,1,1,Taille,4/4,1,1,Tension,Medium,1,1,Attache,,0,1,Âme,,0,1,Filage,,0,1,Type produit,,0,1,Type pack,,0,1,Profil sonore,chaud,1,1,Complexité,complexe,1,1,Puissance,puissant,1,1,Réponse,rapide,1,1,Usage,soliste,1,1,Positionnement,premium,1,1,Durabilité,moyenne,1,1,Stabilité,bonne,1,1,Temps de rodage,court,1,1
2702,CDM-6577BE,Jargar Silver Sound – Sol – Medium – 4/4,Marque,Jargar,1,1,Modèle,Silver sound,1,1,Instrument,Violoncelle,1,1,Corde,Sol,1,1,Taille,4/4,1,1,Tension,Medium,1,1,Attache,,0,1,Âme,,0,1,Filage,argent,1,1,Type produit,,0,1,Type pack,,0,1,Profil sonore,brillant,1,1,Complexité,équilibré,1,1,Puissance,puissant,1,1,Réponse,rapide,1,1,Usage,orchestre,1,1,Positionnement,intermédiaire,1,1,Durabilité,moyenne,1,1,Stabilité,bonne,1,1,Temps de rodage,court,1,1
2704,CDM-784AA7,Jargar Silver Sound – Do – Dolce – 4/4,Marque,Jargar,1,1,Modèle,Silver sound,1,1,Instrument,Violoncelle,1,1,Corde,Do,1,1,Taille,4/4,1,1,Tension,Light,1,1,Attache,,0,1,Âme,,0,1,Filage,argent,1,1,Type produit,,0,1,Type pack,,0,1,Profil sonore,brillant,1,1,Complexité,équilibré,1,1,Puissance,puissant,1,1,Réponse,rapide,1,1,Usage,orchestre,1,1,Positionnement,intermédiaire,1,1,Durabilité,moyenne,1,1,Stabilité,bonne,1,1,Temps de rodage,court,1,1
2706,CDM-31AA5C,Jargar Silver Sound – Do – Medium – 4/4,Marque,Jargar,1,1,Modèle,Silver sound,1,1,Instrument,Violoncelle,1,1,Corde,Do,1,1,Taille,4/4,1,1,Tension,Medium,1,1,Attache,,0,1,Âme,,0,1,Filage,argent,1,1,Type produit,,0,1,Type pack,,0,1,Profil sonore,brillant,1,1,Complexité,équilibré,1,1,Puissance,puissant,1,1,Réponse,rapide,1,1,Usage,orchestre,1,1,Positionnement,intermédiaire,1,1,Durabilité,moyenne,1,1,Stabilité,bonne,1,1,Temps de rodage,court,1,1
2707,CDM-0EE73D,Jargar Young Talent – La – Medium,Marque,Jargar,1,1,Modèle,Young Talent,1,1,Instrument,Violoncelle,1,1,Corde,La,1,1,Taille,"1/2, 1/4, 3/4",1,1,Tension,Medium,1,1,Attache,,0,1,Âme,,0,1,Filage,,0,1,Type produit,,0,1,Type pack,,0,1,Profil sonore,équilibré,1,1,Complexité,pur,1,1,Puissance,modéré,1,1,Réponse,rapide,1,1,Usage,étudiant,1,1,Positionnement,entrée,1,1,Durabilité,moyenne,1,1,Stabilité,bonne,1,1,Temps de rodage,court,1,1
2708,CDM-3259E4,Jargar Young Talent – Ré – Medium,Marque,Jargar,1,1,Modèle,Young Talent,1,1,Instrument,Violoncelle,1,1,Corde,Ré,1,1,Taille,"1/2, 1/4, 3/4",1,1,Tension,Medium,1,1,Attache,,0,1,Âme,,0,1,Filage,,0,1,Type produit,,0,1,Type pack,,0,1,Profil sonore,équilibré,1,1,Complexité,pur,1,1,Puissance,modéré,1,1,Réponse,rapide,1,1,Usage,étudiant,1,1,Positionnement,entrée,1,1,Durabilité,moyenne,1,1,Stabilité,bonne,1,1,Temps de rodage,court,1,1
2709,CDM-BEDC69,Jargar Young Talent – Sol – Medium,Marque,Jargar,1,1,Modèle,Young Talent,1,1,Instrument,Violoncelle,1,1,Corde,Sol,1,1,Taille,"1/2, 1/4, 3/4",1,1,Tension,Medium,1,1,Attache,,0,1,Âme,,0,1,Filage,,0,1,Type produit,,0,1,Type pack,,0,1,Profil sonore,équilibré,1,1,Complexité,pur,1,1,Puissance,modéré,1,1,Réponse,rapide,1,1,Usage,étudiant,1,1,Positionnement,entrée,1,1,Durabilité,moyenne,1,1,Stabilité,bonne,1,1,Temps de rodage,court,1,1
2710,CDM-041E3F,Jargar Young Talent – Do – Medium,Marque,Jargar,1,1,Modèle,Young Talent,1,1,Instrument,Violoncelle,1,1,Corde,Do,1,1,Taille,"1/2, 1/4, 3/4",1,1,Tension,Medium,1,1,Attache,,0,1,Âme,,0,1,Filage,,0,1,Type produit,,0,1,Type pack,,0,1,Profil sonore,équilibré,1,1,Complexité,pur,1,1,Puissance,modéré,1,1,Réponse,rapide,1,1,Usage,étudiant,1,1,Positionnement,entrée,1,1,Durabilité,moyenne,1,1,Stabilité,bonne,1,1,Temps de rodage,court,1,1
2713,CDM-E2F998,Jargar Special – La – Forte – 4/4,Marque,Jargar,1,1,Modèle,Special,1,1,Instrument,Violoncelle,1,1,Corde,La,1,1,Taille,4/4,1,1,Tension,Heavy,1,1,Attache,,0,1,Âme,,0,1,Filage,,0,1,Type produit,,0,1,Type pack,,0,1,Profil sonore,équilibré,1,1,Complexité,équilibré,1,1,Puissance,puissant,1,1,Réponse,rapide,1,1,Usage,orchestre,1,1,Positionnement,intermédiaire,1,1,Durabilité,moyenne,1,1,Stabilité,bonne,1,1,Temps de rodage,court,1,1
2717,CDM-04E3FA,Jargar Special – La – Medium – 4/4,Marque,Jargar,1,1,Modèle,Special,1,1,Instrument,Violoncelle,1,1,Corde,La,1,1,Taille,4/4,1,1,Tension,Medium,1,1,Attache,,0,1,Âme,,0,1,Filage,,0,1,Type produit,,0,1,Type pack,,0,1,Profil sonore,équilibré,1,1,Complexité,équilibré,1,1,Puissance,puissant,1,1,Réponse,rapide,1,1,Usage,orchestre,1,1,Positionnement,intermédiaire,1,1,Durabilité,moyenne,1,1,Stabilité,bonne,1,1,Temps de rodage,court,1,1
2721,CDM-7C3FFF,Jargar Special – Ré – Forte – 4/4,Marque,Jargar,1,1,Modèle,Special,1,1,Instrument,Violoncelle,1,1,Corde,Ré,1,1,Taille,4/4,1,1,Tension,Heavy,1,1,Attache,,0,1,Âme,,0,1,Filage,,0,1,Type produit,,0,1,Type pack,,0,1,Profil sonore,équilibré,1,1,Complexité,équilibré,1,1,Puissance,puissant,1,1,Réponse,rapide,1,1,Usage,orchestre,1,1,Positionnement,intermédiaire,1,1,Durabilité,moyenne,1,1,Stabilité,bonne,1,1,Temps de rodage,court,1,1
2725,CDM-F4C5CF,Jargar Special – Ré – Medium – 4/4,Marque,Jargar,1,1,Modèle,Special,1,1,Instrument,Violoncelle,1,1,Corde,Ré,1,1,Taille,4/4,1,1,Tension,Medium,1,1,Attache,,0,1,Âme,,0,1,Filage,,0,1,Type produit,,0,1,Type pack,,0,1,Profil sonore,équilibré,1,1,Complexité,équilibré,1,1,Puissance,puissant,1,1,Réponse,rapide,1,1,Usage,orchestre,1,1,Positionnement,intermédiaire,1,1,Durabilité,moyenne,1,1,Stabilité,bonne,1,1,Temps de rodage,court,1,1
2729,CDM-9E3E40,Jargar Superior – La – Dolce – 4/4,Marque,Jargar,1,1,Modèle,Superior,1,1,Instrument,Violoncelle,1,1,Corde,La,1,1,Taille,4/4,1,1,Tension,Light,1,1,Attache,,0,1,Âme,,0,1,Filage,,0,1,Type produit,,0,1,Type pack,,0,1,Profil sonore,équilibré,1,1,Complexité,pur,1,1,Puissance,modéré,1,1,Réponse,rapide,1,1,Usage,soliste,1,1,Positionnement,intermédiaire,1,1,Durabilité,moyenne,1,1,Stabilité,bonne,1,1,Temps de rodage,court,1,1
2731,CDM-83DBD5,Jargar Superior – La – Forte – 4/4,Marque,Jargar,1,1,Modèle,Superior,1,1,Instrument,Violoncelle,1,1,Corde,La,1,1,Taille,4/4,1,1,Tension,Heavy,1,1,Attache,,0,1,Âme,,0,1,Filage,,0,1,Type produit,,0,1,Type pack,,0,1,Profil sonore,équilibré,1,1,Complexité,pur,1,1,Puissance,modéré,1,1,Réponse,rapide,1,1,Usage,soliste,1,1,Positionnement,intermédiaire,1,1,Durabilité,moyenne,1,1,Stabilité,bonne,1,1,Temps de rodage,court,1,1
2733,CDM-FBF350,Jargar Superior – La – Medium – 4/4,Marque,Jargar,1,1,Modèle,Superior,1,1,Instrument,Violoncelle,1,1,Corde,La,1,1,Taille,4/4,1,1,Tension,Medium,1,1,Attache,,0,1,Âme,,0,1,Filage,,0,1,Type produit,,0,1,Type pack,,0,1,Profil sonore,équilibré,1,1,Complexité,pur,1,1,Puissance,modéré,1,1,Réponse,rapide,1,1,Usage,soliste,1,1,Positionnement,intermédiaire,1,1,Durabilité,moyenne,1,1,Stabilité,bonne,1,1,Temps de rodage,court,1,1
2735,CDM-59B5AB,Jargar Superior – Ré – Dolce – 4/4,Marque,Jargar,1,1,Modèle,Superior,1,1,Instrument,Violoncelle,1,1,Corde,Ré,1,1,Taille,4/4,1,1,Tension,Light,1,1,Attache,,0,1,Âme,,0,1,Filage,,0,1,Type produit,,0,1,Type pack,,0,1,Profil sonore,équilibré,1,1,Complexité,pur,1,1,Puissance,modéré,1,1,Réponse,rapide,1,1,Usage,soliste,1,1,Positionnement,intermédiaire,1,1,Durabilité,moyenne,1,1,Stabilité,bonne,1,1,Temps de rodage,court,1,1
2737,CDM-8E2872,Jargar Superior – Ré – Forte – 4/4,Marque,Jargar,1,1,Modèle,Superior,1,1,Instrument,Violoncelle,1,1,Corde,Ré,1,1,Taille,4/4,1,1,Tension,Heavy,1,1,Attache,,0,1,Âme,,0,1,Filage,,0,1,Type produit,,0,1,Type pack,,0,1,Profil sonore,équilibré,1,1,Complexité,pur,1,1,Puissance,modéré,1,1,Réponse,rapide,1,1,Usage,soliste,1,1,Positionnement,intermédiaire,1,1,Durabilité,moyenne,1,1,Stabilité,bonne,1,1,Temps de rodage,court,1,1
2739,CDM-1466E8,Jargar Superior – Ré – Medium – 4/4,Marque,Jargar,1,1,Modèle,Superior,1,1,Instrument,Violoncelle,1,1,Corde,Ré,1,1,Taille,4/4,1,1,Tension,Medium,1,1,Attache,,0,1,Âme,,0,1,Filage,,0,1,Type produit,,0,1,Type pack,,0,1,Profil sonore,équilibré,1,1,Complexité,pur,1,1,Puissance,modéré,1,1,Réponse,rapide,1,1,Usage,soliste,1,1,Positionnement,intermédiaire,1,1,Durabilité,moyenne,1,1,Stabilité,bonne,1,1,Temps de rodage,court,1,1
2741,CDM-0E2FE8,Jargar Superior – Sol – Medium – 4/4,Marque,Jargar,1,1,Modèle,Superior,1,1,Instrument,Violoncelle,1,1,Corde,Sol,1,1,Taille,4/4,1,1,Tension,Medium,1,1,Attache,,0,1,Âme,,0,1,Filage,,0,1,Type produit,,0,1,Type pack,,0,1,Profil sonore,équilibré,1,1,Complexité,pur,1,1,Puissance,modéré,1,1,Réponse,rapide,1,1,Usage,soliste,1,1,Positionnement,intermédiaire,1,1,Durabilité,moyenne,1,1,Stabilité,bonne,1,1,Temps de rodage,court,1,1
2743,CDM-A9A21E,Jargar Superior – Do – Medium – 4/4,Marque,Jargar,1,1,Modèle,Superior,1,1,Instrument,Violoncelle,1,1,Corde,Do,1,1,Taille,4/4,1,1,Tension,Medium,1,1,Attache,,0,1,Âme,,0,1,Filage,,0,1,Type produit,,0,1,Type pack,,0,1,Profil sonore,équilibré,1,1,Complexité,pur,1,1,Puissance,modéré,1,1,Réponse,rapide,1,1,Usage,soliste,1,1,Positionnement,intermédiaire,1,1,Durabilité,moyenne,1,1,Stabilité,bonne,1,1,Temps de rodage,court,1,1
2773,CDM-334E1B,Larsen Soloist's Ed – La – Medium – 4/4,Marque,Larsen,1,1,Modèle,Soloist's Ed,1,1,Instrument,Violoncelle,1,1,Corde,La,1,1,Taille,4/4,1,1,Tension,Medium,1,1,Attache,,0,1,Âme,,0,1,Filage,,0,1,Type produit,,0,1,Type pack,,0,1,Profil sonore,chaud,1,1,Complexité,équilibré,1,1,Puissance,puissant,1,1,Réponse,rapide,1,1,Usage,soliste,1,1,Positionnement,premium,1,1,Durabilité,élevée,1,1,Stabilité,excellente,1,1,Temps de rodage,court,1,1
2775,CDM-941181,Larsen Soloist's Ed – La – Soft – 4/4,Marque,Larsen,1,1,Modèle,Soloist's Ed,1,1,Instrument,Violoncelle,1,1,Corde,La,1,1,Taille,4/4,1,1,Tension,Light,1,1,Attache,,0,1,Âme,,0,1,Filage,,0,1,Type produit,,0,1,Type pack,,0,1,Profil sonore,chaud,1,1,Complexité,équilibré,1,1,Puissance,puissant,1,1,Réponse,rapide,1,1,Usage,soliste,1,1,Positionnement,premium,1,1,Durabilité,élevée,1,1,Stabilité,excellente,1,1,Temps de rodage,court,1,1
2777,CDM-47ED01,Larsen Soloist's Ed – La – Strong – 4/4,Marque,Larsen,1,1,Modèle,Soloist's Ed,1,1,Instrument,Violoncelle,1,1,Corde,La,1,1,Taille,4/4,1,1,Tension,Heavy,1,1,Attache,,0,1,Âme,,0,1,Filage,,0,1,Type produit,,0,1,Type pack,,0,1,Profil sonore,chaud,1,1,Complexité,équilibré,1,1,Puissance,puissant,1,1,Réponse,rapide,1,1,Usage,soliste,1,1,Positionnement,premium,1,1,Durabilité,élevée,1,1,Stabilité,excellente,1,1,Temps de rodage,court,1,1
2789,CDM-703716,Larsen Soloist's Ed – Ré – Medium – 4/4,Marque,Larsen,1,1,Modèle,Soloist's Ed,1,1,Instrument,Violoncelle,1,1,Corde,Ré,1,1,Taille,4/4,1,1,Tension,Medium,1,1,Attache,,0,1,Âme,,0,1,Filage,,0,1,Type produit,,0,1,Type pack,,0,1,Profil sonore,chaud,1,1,Complexité,équilibré,1,1,Puissance,puissant,1,1,Réponse,rapide,1,1,Usage,soliste,1,1,Positionnement,premium,1,1,Durabilité,élevée,1,1,Stabilité,excellente,1,1,Temps de rodage,court,1,1
2791,CDM-988A24,Larsen Soloist's Ed – Ré – Soft – 4/4,Marque,Larsen,1,1,Modèle,Soloist's Ed,1,1,Instrument,Violoncelle,1,1,Corde,Ré,1,1,Taille,4/4,1,1,Tension,Light,1,1,Attache,,0,1,Âme,,0,1,Filage,,0,1,Type produit,,0,1,Type pack,,0,1,Profil sonore,chaud,1,1,Complexité,équilibré,1,1,Puissance,puissant,1,1,Réponse,rapide,1,1,Usage,soliste,1,1,Positionnement,premium,1,1,Durabilité,élevée,1,1,Stabilité,excellente,1,1,Temps de rodage,court,1,1
2793,CDM-7F6696,Larsen Soloist's Ed – Ré – Strong – 4/4,Marque,Larsen,1,1,Modèle,Soloist's Ed,1,1,Instrument,Violoncelle,1,1,Corde,Ré,1,1,Taille,4/4,1,1,Tension,Heavy,1,1,Attache,,0,1,Âme,,0,1,Filage,,0,1,Type produit,,0,1,Type pack,,0,1,Profil sonore,chaud,1,1,Complexité,équilibré,1,1,Puissance,puissant,1,1,Réponse,rapide,1,1,Usage,soliste,1,1,Positionnement,premium,1,1,Durabilité,élevée,1,1,Stabilité,excellente,1,1,Temps de rodage,court,1,1
2805,CDM-B8D9BA,Larsen Soloist's Ed – Sol – Medium – 4/4,Marque,Larsen,1,1,Modèle,Soloist's Ed,1,1,Instrument,Violoncelle,1,1,Corde,Sol,1,1,Taille,4/4,1,1,Tension,Medium,1,1,Attache,,0,1,Âme,,0,1,Filage,,0,1,Type produit,,0,1,Type pack,,0,1,Profil sonore,chaud,1,1,Complexité,équilibré,1,1,Puissance,puissant,1,1,Réponse,rapide,1,1,Usage,soliste,1,1,Positionnement,premium,1,1,Durabilité,élevée,1,1,Stabilité,excellente,1,1,Temps de rodage,court,1,1
2807,CDM-DB139C,Larsen Soloist's Ed – Sol – Strong – 4/4,Marque,Larsen,1,1,Modèle,Soloist's Ed,1,1,Instrument,Violoncelle,1,1,Corde,Sol,1,1,Taille,4/4,1,1,Tension,Heavy,1,1,Attache,,0,1,Âme,,0,1,Filage,,0,1,Type produit,,0,1,Type pack,,0,1,Profil sonore,chaud,1,1,Complexité,équilibré,1,1,Puissance,puissant,1,1,Réponse,rapide,1,1,Usage,soliste,1,1,Positionnement,premium,1,1,Durabilité,élevée,1,1,Stabilité,excellente,1,1,Temps de rodage,court,1,1
2811,CDM-C31FB9,Larsen wire core – Sol – Strong – 4/4,Marque,Larsen,1,1,Modèle,Wire core,1,1,Instrument,Violoncelle,1,1,Corde,Sol,1,1,Taille,4/4,1,1,Tension,Heavy,1,1,Attache,,0,1,Âme,,0,1,Filage,,0,1,Type produit,,0,1,Type pack,,0,1,Profil sonore,brillant,1,1,Complexité,pur,1,1,Puissance,modéré,1,1,Réponse,rapide,1,1,Usage,orchestre,1,1,Positionnement,entrée,1,1,Durabilité,élevée,1,1,Stabilité,excellente,1,1,Temps de rodage,court,1,1
2816,CDM-9BBD40,Larsen Aurora – La – Medium,Marque,Larsen,1,1,Modèle,Aurora,1,1,Instrument,Violoncelle,1,1,Corde,La,1,1,Taille,"1/2, 1/4, 1/8, 3/4, 4/4",1,1,Tension,Medium,1,1,Attache,,0,1,Âme,,0,1,Filage,,0,1,Type produit,,0,1,Type pack,,0,1,Profil sonore,équilibré,1,1,Complexité,équilibré,1,1,Puissance,modéré,1,1,Réponse,rapide,1,1,Usage,"étudiant, intermédiaire",1,1,Positionnement,intermédiaire,1,1,Durabilité,élevée,1,1,Stabilité,excellente,1,1,Temps de rodage,court,1,1
2817,CDM-E6BDBC,Larsen Aurora – Ré – Medium,Marque,Larsen,1,1,Modèle,Aurora,1,1,Instrument,Violoncelle,1,1,Corde,Ré,1,1,Taille,"1/2, 1/4, 1/8, 3/4, 4/4",1,1,Tension,Medium,1,1,Attache,,0,1,Âme,,0,1,Filage,,0,1,Type produit,,0,1,Type pack,,0,1,Profil sonore,équilibré,1,1,Complexité,équilibré,1,1,Puissance,modéré,1,1,Réponse,rapide,1,1,Usage,"étudiant, intermédiaire",1,1,Positionnement,intermédiaire,1,1,Durabilité,élevée,1,1,Stabilité,excellente,1,1,Temps de rodage,court,1,1
2818,CDM-3AE1F4,Larsen Aurora – Sol – Medium,Marque,Larsen,1,1,Modèle,Aurora,1,1,Instrument,Violoncelle,1,1,Corde,Sol,1,1,Taille,"1/2, 1/4, 1/8, 3/4, 4/4",1,1,Tension,Medium,1,1,Attache,,0,1,Âme,,0,1,Filage,,0,1,Type produit,,0,1,Type pack,,0,1,Profil sonore,équilibré,1,1,Complexité,équilibré,1,1,Puissance,modéré,1,1,Réponse,rapide,1,1,Usage,"étudiant, intermédiaire",1,1,Positionnement,intermédiaire,1,1,Durabilité,élevée,1,1,Stabilité,excellente,1,1,Temps de rodage,court,1,1
2819,CDM-06430E,Larsen Aurora – Do – Medium,Marque,Larsen,1,1,Modèle,Aurora,1,1,Instrument,Violoncelle,1,1,Corde,Do,1,1,Taille,"1/2, 1/4, 1/8, 3/4, 4/4",1,1,Tension,Medium,1,1,Attache,,0,1,Âme,,0,1,Filage,,0,1,Type produit,,0,1,Type pack,,0,1,Profil sonore,équilibré,1,1,Complexité,équilibré,1,1,Puissance,modéré,1,1,Réponse,rapide,1,1,Usage,"étudiant, intermédiaire",1,1,Positionnement,intermédiaire,1,1,Durabilité,élevée,1,1,Stabilité,excellente,1,1,Temps de rodage,court,1,1
2851,CDM-03A3CF,Larsen Il Cannone Direct & Focused – La – 4/4,Marque,Larsen,1,1,Modèle,Il Cannone Direct & Focused,1,1,Instrument,Violoncelle,1,1,Corde,La,1,1,Taille,4/4,1,1,Tension,,0,1,Attache,,0,1,Âme,,0,1,Filage,,0,1,Type produit,,0,1,Type pack,,0,1,Profil sonore,brillant,1,1,Complexité,équilibré,1,1,Puissance,puissant,1,1,Réponse,rapide,1,1,Usage,soliste,1,1,Positionnement,premium,1,1,Durabilité,élevée,1,1,Stabilité,bonne,1,1,Temps de rodage,court,1,1
2853,CDM-135FA7,Larsen Il Cannone Warm & Broad – La – 4/4,Marque,Larsen,1,1,Modèle,Il Cannone Warm & Broad,1,1,Instrument,Violoncelle,1,1,Corde,La,1,1,Taille,4/4,1,1,Tension,,0,1,Attache,,0,1,Âme,,0,1,Filage,,0,1,Type produit,,0,1,Type pack,,0,1,Profil sonore,chaud,1,1,Complexité,équilibré,1,1,Puissance,puissant,1,1,Réponse,rapide,1,1,Usage,soliste,1,1,Positionnement,premium,1,1,Durabilité,élevée,1,1,Stabilité,bonne,1,1,Temps de rodage,court,1,1
2854,CDM-D0F14C,Optima Goldbrokat – La – Medium,Marque,Optima,1,1,Modèle,Goldbrokat,1,1,Instrument,Violoncelle,1,1,Corde,La,1,1,Taille,"1/2, 1/4, 1/8, 3/4, 4/4",1,1,Tension,Medium,1,1,Attache,,0,1,Âme,,0,1,Filage,,0,1,Type produit,,0,1,Type pack,,0,1,Profil sonore,brillant,1,1,Complexité,pur,1,1,Puissance,modéré,1,1,Réponse,rapide,1,1,Usage,soliste,1,1,Positionnement,entrée,1,1,Durabilité,élevée,1,1,Stabilité,excellente,1,1,Temps de rodage,court,1,1
2855,CDM-19DDB2,Optima Goldbrokat – Ré – Medium,Marque,Optima,1,1,Modèle,Goldbrokat,1,1,Instrument,Violoncelle,1,1,Corde,Ré,1,1,Taille,"1/2, 1/4, 1/8, 3/4, 4/4",1,1,Tension,Medium,1,1,Attache,,0,1,Âme,,0,1,Filage,,0,1,Type produit,,0,1,Type pack,,0,1,Profil sonore,brillant,1,1,Complexité,pur,1,1,Puissance,modéré,1,1,Réponse,rapide,1,1,Usage,soliste,1,1,Positionnement,entrée,1,1,Durabilité,élevée,1,1,Stabilité,excellente,1,1,Temps de rodage,court,1,1
2857,CDM-AF0034,Larsen Il Cannone Direct & Focused – Ré – 4/4,Marque,Larsen,1,1,Modèle,Il Cannone Direct & Focused,1,1,Instrument,Violoncelle,1,1,Corde,Ré,1,1,Taille,4/4,1,1,Tension,,0,1,Attache,,0,1,Âme,,0,1,Filage,,0,1,Type produit,,0,1,Type pack,,0,1,Profil sonore,brillant,1,1,Complexité,équilibré,1,1,Puissance,puissant,1,1,Réponse,rapide,1,1,Usage,soliste,1,1,Positionnement,premium,1,1,Durabilité,élevée,1,1,Stabilité,bonne,1,1,Temps de rodage,court,1,1
2859,CDM-5D07D0,Larsen Il Cannone Warm & Broad – Ré – 4/4,Marque,Larsen,1,1,Modèle,Il Cannone Warm & Broad,1,1,Instrument,Violoncelle,1,1,Corde,Ré,1,1,Taille,4/4,1,1,Tension,,0,1,Attache,,0,1,Âme,,0,1,Filage,,0,1,Type produit,,0,1,Type pack,,0,1,Profil sonore,chaud,1,1,Complexité,équilibré,1,1,Puissance,puissant,1,1,Réponse,rapide,1,1,Usage,soliste,1,1,Positionnement,premium,1,1,Durabilité,élevée,1,1,Stabilité,bonne,1,1,Temps de rodage,court,1,1
2861,CDM-7E0A75,Larsen Il Cannone Direct & Focused – Sol – 4/4,Marque,Larsen,1,1,Modèle,Il Cannone Direct & Focused,1,1,Instrument,Violoncelle,1,1,Corde,Sol,1,1,Taille,4/4,1,1,Tension,,0,1,Attache,,0,1,Âme,,0,1,Filage,,0,1,Type produit,,0,1,Type pack,,0,1,Profil sonore,brillant,1,1,Complexité,équilibré,1,1,Puissance,puissant,1,1,Réponse,rapide,1,1,Usage,soliste,1,1,Positionnement,premium,1,1,Durabilité,élevée,1,1,Stabilité,bonne,1,1,Temps de rodage,court,1,1
2863,CDM-F726CF,Larsen Il Cannone Warm & Broad – Sol – 4/4,Marque,Larsen,1,1,Modèle,Il Cannone Warm & Broad,1,1,Instrument,Violoncelle,1,1,Corde,Sol,1,1,Taille,4/4,1,1,Tension,,0,1,Attache,,0,1,Âme,,0,1,Filage,,0,1,Type produit,,0,1,Type pack,,0,1,Profil sonore,chaud,1,1,Complexité,équilibré,1,1,Puissance,puissant,1,1,Réponse,rapide,1,1,Usage,soliste,1,1,Positionnement,premium,1,1,Durabilité,élevée,1,1,Stabilité,bonne,1,1,Temps de rodage,court,1,1
2865,CDM-C1AB5C,Larsen Il Cannone Direct & Focused – Do – 4/4,Marque,Larsen,1,1,Modèle,Il Cannone Direct & Focused,1,1,Instrument,Violoncelle,1,1,Corde,Do,1,1,Taille,4/4,1,1,Tension,,0,1,Attache,,0,1,Âme,,0,1,Filage,,0,1,Type produit,,0,1,Type pack,,0,1,Profil sonore,brillant,1,1,Complexité,équilibré,1,1,Puissance,puissant,1,1,Réponse,rapide,1,1,Usage,soliste,1,1,Positionnement,premium,1,1,Durabilité,élevée,1,1,Stabilité,bonne,1,1,Temps de rodage,court,1,1
2867,CDM-2D066F,Larsen Il Cannone Warm & Broad – Do – 4/4,Marque,Larsen,1,1,Modèle,Il Cannone Warm & Broad,1,1,Instrument,Violoncelle,1,1,Corde,Do,1,1,Taille,4/4,1,1,Tension,,0,1,Attache,,0,1,Âme,,0,1,Filage,,0,1,Type produit,,0,1,Type pack,,0,1,Profil sonore,chaud,1,1,Complexité,équilibré,1,1,Puissance,puissant,1,1,Réponse,rapide,1,1,Usage,soliste,1,1,Positionnement,premium,1,1,Durabilité,élevée,1,1,Stabilité,bonne,1,1,Temps de rodage,court,1,1
2869,CDM-58CBEA,Larsen Magnacore – La – Medium – 4/4,Marque,Larsen,1,1,Modèle,Magnacore,1,1,Instrument,Violoncelle,1,1,Corde,La,1,1,Taille,4/4,1,1,Tension,Medium,1,1,Attache,,0,1,Âme,,0,1,Filage,,0,1,Type produit,,0,1,Type pack,,0,1,Profil sonore,chaud,1,1,Complexité,complexe,1,1,Puissance,puissant,1,1,Réponse,rapide,1,1,Usage,soliste,1,1,Positionnement,premium,1,1,Durabilité,élevée,1,1,Stabilité,bonne,1,1,Temps de rodage,court,1,1
2871,CDM-F9706A,Larsen Magnacore – La – Strong – 4/4,Marque,Larsen,1,1,Modèle,Magnacore,1,1,Instrument,Violoncelle,1,1,Corde,La,1,1,Taille,4/4,1,1,Tension,Heavy,1,1,Attache,,0,1,Âme,,0,1,Filage,,0,1,Type produit,,0,1,Type pack,,0,1,Profil sonore,chaud,1,1,Complexité,complexe,1,1,Puissance,puissant,1,1,Réponse,rapide,1,1,Usage,soliste,1,1,Positionnement,premium,1,1,Durabilité,élevée,1,1,Stabilité,bonne,1,1,Temps de rodage,court,1,1
2873,CDM-A1AF5D,Larsen Magnacore – Ré – Medium – 4/4,Marque,Larsen,1,1,Modèle,Magnacore,1,1,Instrument,Violoncelle,1,1,Corde,Ré,1,1,Taille,4/4,1,1,Tension,Medium,1,1,Attache,,0,1,Âme,,0,1,Filage,,0,1,Type produit,,0,1,Type pack,,0,1,Profil sonore,chaud,1,1,Complexité,complexe,1,1,Puissance,puissant,1,1,Réponse,rapide,1,1,Usage,soliste,1,1,Positionnement,premium,1,1,Durabilité,élevée,1,1,Stabilité,bonne,1,1,Temps de rodage,court,1,1
2875,CDM-18DAD5,Larsen Magnacore – Ré – Strong – 4/4,Marque,Larsen,1,1,Modèle,Magnacore,1,1,Instrument,Violoncelle,1,1,Corde,Ré,1,1,Taille,4/4,1,1,Tension,Heavy,1,1,Attache,,0,1,Âme,,0,1,Filage,,0,1,Type produit,,0,1,Type pack,,0,1,Profil sonore,chaud,1,1,Complexité,complexe,1,1,Puissance,puissant,1,1,Réponse,rapide,1,1,Usage,soliste,1,1,Positionnement,premium,1,1,Durabilité,élevée,1,1,Stabilité,bonne,1,1,Temps de rodage,court,1,1
2877,CDM-72A184,Larsen Magnacore – Sol – Medium – 4/4,Marque,Larsen,1,1,Modèle,Magnacore,1,1,Instrument,Violoncelle,1,1,Corde,Sol,1,1,Taille,4/4,1,1,Tension,Medium,1,1,Attache,,0,1,Âme,,0,1,Filage,,0,1,Type produit,,0,1,Type pack,,0,1,Profil sonore,chaud,1,1,Complexité,complexe,1,1,Puissance,puissant,1,1,Réponse,rapide,1,1,Usage,soliste,1,1,Positionnement,premium,1,1,Durabilité,élevée,1,1,Stabilité,bonne,1,1,Temps de rodage,court,1,1
2879,CDM-F5D8F7,Larsen Magnacore – Sol – Strong – 4/4,Marque,Larsen,1,1,Modèle,Magnacore,1,1,Instrument,Violoncelle,1,1,Corde,Sol,1,1,Taille,4/4,1,1,Tension,Heavy,1,1,Attache,,0,1,Âme,,0,1,Filage,,0,1,Type produit,,0,1,Type pack,,0,1,Profil sonore,chaud,1,1,Complexité,complexe,1,1,Puissance,puissant,1,1,Réponse,rapide,1,1,Usage,soliste,1,1,Positionnement,premium,1,1,Durabilité,élevée,1,1,Stabilité,bonne,1,1,Temps de rodage,court,1,1
2881,CDM-03B3C9,Larsen Magnacore – Do – Medium – 4/4,Marque,Larsen,1,1,Modèle,Magnacore,1,1,Instrument,Violoncelle,1,1,Corde,Do,1,1,Taille,4/4,1,1,Tension,Medium,1,1,Attache,,0,1,Âme,,0,1,Filage,,0,1,Type produit,,0,1,Type pack,,0,1,Profil sonore,chaud,1,1,Complexité,complexe,1,1,Puissance,puissant,1,1,Réponse,rapide,1,1,Usage,soliste,1,1,Positionnement,premium,1,1,Durabilité,élevée,1,1,Stabilité,bonne,1,1,Temps de rodage,court,1,1
2883,CDM-8B969A,Larsen Magnacore – Do – Strong – 4/4,Marque,Larsen,1,1,Modèle,Magnacore,1,1,Instrument,Violoncelle,1,1,Corde,Do,1,1,Taille,4/4,1,1,Tension,Heavy,1,1,Attache,,0,1,Âme,,0,1,Filage,,0,1,Type produit,,0,1,Type pack,,0,1,Profil sonore,chaud,1,1,Complexité,complexe,1,1,Puissance,puissant,1,1,Réponse,rapide,1,1,Usage,soliste,1,1,Positionnement,premium,1,1,Durabilité,élevée,1,1,Stabilité,bonne,1,1,Temps de rodage,court,1,1
2885,CDM-F3942C,Larsen Magnacore Arioso – La – Medium – 4/4,Marque,Larsen,1,1,Modèle,Magnacore Arioso,1,1,Instrument,Violoncelle,1,1,Corde,La,1,1,Taille,4/4,1,1,Tension,Medium,1,1,Attache,,0,1,Âme,,0,1,Filage,,0,1,Type produit,,0,1,Type pack,,0,1,Profil sonore,chaud,1,1,Complexité,complexe,1,1,Puissance,modéré,1,1,Réponse,rapide,1,1,Usage,soliste,1,1,Positionnement,premium,1,1,Durabilité,élevée,1,1,Stabilité,bonne,1,1,Temps de rodage,court,1,1
2887,CDM-1E0BB2,Larsen Magnacore Arioso – Ré – Medium – 4/4,Marque,Larsen,1,1,Modèle,Magnacore Arioso,1,1,Instrument,Violoncelle,1,1,Corde,Ré,1,1,Taille,4/4,1,1,Tension,Medium,1,1,Attache,,0,1,Âme,,0,1,Filage,,0,1,Type produit,,0,1,Type pack,,0,1,Profil sonore,chaud,1,1,Complexité,complexe,1,1,Puissance,modéré,1,1,Réponse,rapide,1,1,Usage,soliste,1,1,Positionnement,premium,1,1,Durabilité,élevée,1,1,Stabilité,bonne,1,1,Temps de rodage,court,1,1
2889,CDM-3E70C5,Larsen Magnacore Arioso – Sol – Medium – 4/4,Marque,Larsen,1,1,Modèle,Magnacore Arioso,1,1,Instrument,Violoncelle,1,1,Corde,Sol,1,1,Taille,4/4,1,1,Tension,Medium,1,1,Attache,,0,1,Âme,,0,1,Filage,,0,1,Type produit,,0,1,Type pack,,0,1,Profil sonore,chaud,1,1,Complexité,complexe,1,1,Puissance,modéré,1,1,Réponse,rapide,1,1,Usage,soliste,1,1,Positionnement,premium,1,1,Durabilité,élevée,1,1,Stabilité,bonne,1,1,Temps de rodage,court,1,1
2891,CDM-2AA6FB,Larsen Magnacore Arioso – Do – Medium – 4/4,Marque,Larsen,1,1,Modèle,Magnacore Arioso,1,1,Instrument,Violoncelle,1,1,Corde,Do,1,1,Taille,4/4,1,1,Tension,Medium,1,1,Attache,,0,1,Âme,,0,1,Filage,,0,1,Type produit,,0,1,Type pack,,0,1,Profil sonore,chaud,1,1,Complexité,complexe,1,1,Puissance,modéré,1,1,Réponse,rapide,1,1,Usage,soliste,1,1,Positionnement,premium,1,1,Durabilité,élevée,1,1,Stabilité,bonne,1,1,Temps de rodage,court,1,1
2905,CDM-E69FB8,Optima Goldbrokat – Sol – Medium,Marque,Optima,1,1,Modèle,Goldbrokat,1,1,Instrument,Violoncelle,1,1,Corde,Sol,1,1,Taille,"1/2, 1/4, 1/8, 3/4, 4/4",1,1,Tension,Medium,1,1,Attache,,0,1,Âme,,0,1,Filage,,0,1,Type produit,,0,1,Type pack,,0,1,Profil sonore,brillant,1,1,Complexité,pur,1,1,Puissance,modéré,1,1,Réponse,rapide,1,1,Usage,soliste,1,1,Positionnement,entrée,1,1,Durabilité,élevée,1,1,Stabilité,excellente,1,1,Temps de rodage,court,1,1
2906,CDM-5CFECB,Optima Goldbrokat – Do – Medium,Marque,Optima,1,1,Modèle,Goldbrokat,1,1,Instrument,Violoncelle,1,1,Corde,Do,1,1,Taille,"1/2, 1/4, 1/8, 3/4, 4/4",1,1,Tension,Medium,1,1,Attache,,0,1,Âme,,0,1,Filage,,0,1,Type produit,,0,1,Type pack,,0,1,Profil sonore,brillant,1,1,Complexité,pur,1,1,Puissance,modéré,1,1,Réponse,rapide,1,1,Usage,soliste,1,1,Positionnement,entrée,1,1,Durabilité,élevée,1,1,Stabilité,excellente,1,1,Temps de rodage,court,1,1
2907,CDM-172872,Optima Protos – La – Medium,Marque,Optima,1,1,Modèle,Protos,1,1,Instrument,Violoncelle,1,1,Corde,La,1,1,Taille,"1/2, 1/4, 1/8, 3/4, 4/4",1,1,Tension,Medium,1,1,Attache,,0,1,Âme,,0,1,Filage,,0,1,Type produit,,0,1,Type pack,,0,1,Profil sonore,équilibré,1,1,Complexité,équilibré,1,1,Puissance,modéré,1,1,Réponse,rapide,1,1,Usage,orchestre,1,1,Positionnement,intermédiaire,1,1,Durabilité,moyenne,1,1,Stabilité,bonne,1,1,Temps de rodage,court,1,1
2908,CDM-6E9A19,Optima Protos – Ré – Medium,Marque,Optima,1,1,Modèle,Protos,1,1,Instrument,Violoncelle,1,1,Corde,Ré,1,1,Taille,"1/2, 1/4, 1/8, 3/4, 4/4",1,1,Tension,Medium,1,1,Attache,,0,1,Âme,,0,1,Filage,,0,1,Type produit,,0,1,Type pack,,0,1,Profil sonore,équilibré,1,1,Complexité,équilibré,1,1,Puissance,modéré,1,1,Réponse,rapide,1,1,Usage,orchestre,1,1,Positionnement,intermédiaire,1,1,Durabilité,moyenne,1,1,Stabilité,bonne,1,1,Temps de rodage,court,1,1
2909,CDM-A42CF9,Optima Protos – Sol – Medium,Marque,Optima,1,1,Modèle,Protos,1,1,Instrument,Violoncelle,1,1,Corde,Sol,1,1,Taille,"1/2, 1/4, 1/8, 3/4, 4/4",1,1,Tension,Medium,1,1,Attache,,0,1,Âme,,0,1,Filage,,0,1,Type produit,,0,1,Type pack,,0,1,Profil sonore,équilibré,1,1,Complexité,équilibré,1,1,Puissance,modéré,1,1,Réponse,rapide,1,1,Usage,orchestre,1,1,Positionnement,intermédiaire,1,1,Durabilité,moyenne,1,1,Stabilité,bonne,1,1,Temps de rodage,court,1,1
2940,CDM-32B2AF,Optima Protos – Do – Medium,Marque,Optima,1,1,Modèle,Protos,1,1,Instrument,Violoncelle,1,1,Corde,Do,1,1,Taille,"1/2, 1/4, 1/8, 3/4, 4/4",1,1,Tension,Medium,1,1,Attache,,0,1,Âme,,0,1,Filage,,0,1,Type produit,,0,1,Type pack,,0,1,Profil sonore,équilibré,1,1,Complexité,équilibré,1,1,Puissance,modéré,1,1,Réponse,rapide,1,1,Usage,orchestre,1,1,Positionnement,intermédiaire,1,1,Durabilité,moyenne,1,1,Stabilité,bonne,1,1,Temps de rodage,court,1,1
2941,CDM-72C691,Pirastro Chromcor – La – Medium,Marque,Pirastro,1,1,Modèle,Chromcor,1,1,Instrument,Violoncelle,1,1,Corde,La,1,1,Taille,"1/2, 1/4, 4/4",1,1,Tension,Medium,1,1,Attache,,0,1,Âme,,0,1,Filage,,0,1,Type produit,,0,1,Type pack,,0,1,Profil sonore,brillant,1,1,Complexité,pur,1,1,Puissance,modéré,1,1,Réponse,rapide,1,1,Usage,"étudiant, orchestre",1,1,Positionnement,entrée,1,1,Durabilité,élevée,1,1,Stabilité,excellente,1,1,Temps de rodage,court,1,1
2942,CDM-DA2307,Pirastro Chromcor – Ré – Medium,Marque,Pirastro,1,1,Modèle,Chromcor,1,1,Instrument,Violoncelle,1,1,Corde,Ré,1,1,Taille,"1/2, 1/4, 4/4",1,1,Tension,Medium,1,1,Attache,,0,1,Âme,,0,1,Filage,,0,1,Type produit,,0,1,Type pack,,0,1,Profil sonore,brillant,1,1,Complexité,pur,1,1,Puissance,modéré,1,1,Réponse,rapide,1,1,Usage,"étudiant, orchestre",1,1,Positionnement,entrée,1,1,Durabilité,élevée,1,1,Stabilité,excellente,1,1,Temps de rodage,court,1,1
2952,CDM-57817E,Pirastro Chorda Light – La – 4/4,Marque,Pirastro,1,1,Modèle,Chorda,1,1,Instrument,Violoncelle,1,1,Corde,La,1,1,Taille,4/4,1,1,Tension,,0,1,Attache,,0,1,Âme,,0,1,Filage,,0,1,Type produit,,0,1,Type pack,,0,1,Profil sonore,chaud,1,1,Complexité,complexe,1,1,Puissance,modéré,1,1,Réponse,douce,1,1,Usage,baroque,1,1,Positionnement,premium,1,1,Durabilité,faible,1,1,Stabilité,faible,1,1,Temps de rodage,long,1,1
2954,CDM-E050EF,Pirastro Chorda – La – Medium – 4/4,Marque,Pirastro,1,1,Modèle,Chorda,1,1,Instrument,Violoncelle,1,1,Corde,La,1,1,Taille,4/4,1,1,Tension,Medium,1,1,Attache,,0,1,Âme,,0,1,Filage,,0,1,Type produit,,0,1,Type pack,,0,1,Profil sonore,chaud,1,1,Complexité,complexe,1,1,Puissance,modéré,1,1,Réponse,douce,1,1,Usage,baroque,1,1,Positionnement,premium,1,1,Durabilité,faible,1,1,Stabilité,faible,1,1,Temps de rodage,long,1,1
2956,CDM-E4713B,Pirastro Chorda Heavy – Ré – 4/4,Marque,Pirastro,1,1,Modèle,Chorda,1,1,Instrument,Violoncelle,1,1,Corde,Ré,1,1,Taille,4/4,1,1,Tension,,0,1,Attache,,0,1,Âme,,0,1,Filage,,0,1,Type produit,,0,1,Type pack,,0,1,Profil sonore,chaud,1,1,Complexité,complexe,1,1,Puissance,modéré,1,1,Réponse,douce,1,1,Usage,baroque,1,1,Positionnement,premium,1,1,Durabilité,faible,1,1,Stabilité,faible,1,1,Temps de rodage,long,1,1
2958,CDM-747520,Pirastro Chorda – Ré – Medium – 4/4,Marque,Pirastro,1,1,Modèle,Chorda,1,1,Instrument,Violoncelle,1,1,Corde,Ré,1,1,Taille,4/4,1,1,Tension,Medium,1,1,Attache,,0,1,Âme,,0,1,Filage,,0,1,Type produit,,0,1,Type pack,,0,1,Profil sonore,chaud,1,1,Complexité,complexe,1,1,Puissance,modéré,1,1,Réponse,douce,1,1,Usage,baroque,1,1,Positionnement,premium,1,1,Durabilité,faible,1,1,Stabilité,faible,1,1,Temps de rodage,long,1,1
2960,CDM-065398,Pirastro Chorda – Sol – Medium – 4/4,Marque,Pirastro,1,1,Modèle,Chorda,1,1,Instrument,Violoncelle,1,1,Corde,Sol,1,1,Taille,4/4,1,1,Tension,Medium,1,1,Attache,,0,1,Âme,,0,1,Filage,,0,1,Type produit,,0,1,Type pack,,0,1,Profil sonore,chaud,1,1,Complexité,complexe,1,1,Puissance,modéré,1,1,Réponse,douce,1,1,Usage,baroque,1,1,Positionnement,premium,1,1,Durabilité,faible,1,1,Stabilité,faible,1,1,Temps de rodage,long,1,1
2962,CDM-406028,Pirastro Chorda – Do – Medium – 4/4,Marque,Pirastro,1,1,Modèle,Chorda,1,1,Instrument,Violoncelle,1,1,Corde,Do,1,1,Taille,4/4,1,1,Tension,Medium,1,1,Attache,,0,1,Âme,,0,1,Filage,,0,1,Type produit,,0,1,Type pack,,0,1,Profil sonore,chaud,1,1,Complexité,complexe,1,1,Puissance,modéré,1,1,Réponse,douce,1,1,Usage,baroque,1,1,Positionnement,premium,1,1,Durabilité,faible,1,1,Stabilité,faible,1,1,Temps de rodage,long,1,1
2971,CDM-C2EB32,Pirastro – Chromcor – Sol – Medium,Marque,Pirastro,1,1,Modèle,Chromcor,1,1,Instrument,Violoncelle,1,1,Corde,Sol,1,1,Taille,"1/2, 1/4, 4/4",1,1,Tension,Medium,1,1,Attache,,0,1,Âme,,0,1,Filage,,0,1,Type produit,,0,1,Type pack,,0,1,Profil sonore,brillant,1,1,Complexité,pur,1,1,Puissance,modéré,1,1,Réponse,rapide,1,1,Usage,"étudiant, orchestre",1,1,Positionnement,entrée,1,1,Durabilité,élevée,1,1,Stabilité,excellente,1,1,Temps de rodage,court,1,1
2976,CDM-4EF9EF,Pirastro – Chromcor – Do – Medium,Marque,Pirastro,1,1,Modèle,Chromcor,1,1,Instrument,Violoncelle,1,1,Corde,Do,1,1,Taille,"1/2, 1/4, 4/4",1,1,Tension,Medium,1,1,Attache,,0,1,Âme,,0,1,Filage,,0,1,Type produit,,0,1,Type pack,,0,1,Profil sonore,brillant,1,1,Complexité,pur,1,1,Puissance,modéré,1,1,Réponse,rapide,1,1,Usage,"étudiant, orchestre",1,1,Positionnement,entrée,1,1,Durabilité,élevée,1,1,Stabilité,excellente,1,1,Temps de rodage,court,1,1
2982,CDM-0A2C41,Pirastro – Eudoxa 20 – La – Light – 1/2,Marque,Pirastro,1,1,Modèle,Eudoxa,1,1,Instrument,Violoncelle,1,1,Corde,La,1,1,Taille,1/2,1,1,Tension,Light,1,1,Attache,,0,1,Âme,,0,1,Filage,,0,1,Type produit,,0,1,Type pack,,0,1,Profil sonore,chaud,1,1,Complexité,complexe,1,1,Puissance,modéré,1,1,Réponse,douce,1,1,Usage,soliste,1,1,Positionnement,premium,1,1,Durabilité,faible,1,1,Stabilité,moyenne,1,1,Temps de rodage,long,1,1
2984,CDM-BBBDAA,Pirastro – Eudoxa 21 – La – Medium – 4/4,Marque,Pirastro,1,1,Modèle,Eudoxa,1,1,Instrument,Violoncelle,1,1,Corde,La,1,1,Taille,4/4,1,1,Tension,Medium,1,1,Attache,,0,1,Âme,,0,1,Filage,,0,1,Type produit,,0,1,Type pack,,0,1,Profil sonore,chaud,1,1,Complexité,complexe,1,1,Puissance,modéré,1,1,Réponse,douce,1,1,Usage,soliste,1,1,Positionnement,premium,1,1,Durabilité,faible,1,1,Stabilité,moyenne,1,1,Temps de rodage,long,1,1
2990,CDM-4CDE53,Pirastro – Eudoxa 24 – Re – Medium – 4/4,Marque,Pirastro,1,1,Modèle,Eudoxa,1,1,Instrument,Violoncelle,1,1,Corde,Ré,1,1,Taille,4/4,1,1,Tension,Medium,1,1,Attache,,0,1,Âme,,0,1,Filage,,0,1,Type produit,,0,1,Type pack,,0,1,Profil sonore,chaud,1,1,Complexité,complexe,1,1,Puissance,modéré,1,1,Réponse,douce,1,1,Usage,soliste,1,1,Positionnement,premium,1,1,Durabilité,faible,1,1,Stabilité,moyenne,1,1,Temps de rodage,long,1,1
2992,CDM-E3E2E0,Pirastro – Eudoxa 26 – Sol – Medium – 1/2,Marque,Pirastro,1,1,Modèle,Eudoxa,1,1,Instrument,Violoncelle,1,1,Corde,Sol,1,1,Taille,1/2,1,1,Tension,Medium,1,1,Attache,,0,1,Âme,,0,1,Filage,,0,1,Type produit,,0,1,Type pack,,0,1,Profil sonore,chaud,1,1,Complexité,complexe,1,1,Puissance,modéré,1,1,Réponse,douce,1,1,Usage,soliste,1,1,Positionnement,premium,1,1,Durabilité,faible,1,1,Stabilité,moyenne,1,1,Temps de rodage,long,1,1
2994,CDM-B038DC,Pirastro – Eudoxa 35 – Do – Medium – 4/4,Marque,Pirastro,1,1,Modèle,Eudoxa,1,1,Instrument,Violoncelle,1,1,Corde,Do,1,1,Taille,4/4,1,1,Tension,Medium,1,1,Attache,,0,1,Âme,,0,1,Filage,,0,1,Type produit,,0,1,Type pack,,0,1,Profil sonore,chaud,1,1,Complexité,complexe,1,1,Puissance,modéré,1,1,Réponse,douce,1,1,Usage,soliste,1,1,Positionnement,premium,1,1,Durabilité,faible,1,1,Stabilité,moyenne,1,1,Temps de rodage,long,1,1
2996,CDM-7539E8,Pirastro – Evah Pirazzi Heavy – La – 4/4,Marque,Pirastro,1,1,Modèle,Evah Pirazzi,1,1,Instrument,Violoncelle,1,1,Corde,La,1,1,Taille,4/4,1,1,Tension,Heavy,1,1,Attache,,0,1,Âme,,0,1,Filage,,0,1,Type produit,,0,1,Type pack,,0,1,Profil sonore,brillant,1,1,Complexité,complexe,1,1,Puissance,puissant,1,1,Réponse,rapide,1,1,Usage,soliste,1,1,Positionnement,premium,1,1,Durabilité,élevée,1,1,Stabilité,excellente,1,1,Temps de rodage,court,1,1
2998,CDM-6B1F97,Pirastro – Evah Pirazzi – La – Light – 4/4,Marque,Pirastro,1,1,Modèle,Evah Pirazzi,1,1,Instrument,Violoncelle,1,1,Corde,La,1,1,Taille,4/4,1,1,Tension,Light,1,1,Attache,,0,1,Âme,,0,1,Filage,,0,1,Type produit,,0,1,Type pack,,0,1,Profil sonore,brillant,1,1,Complexité,complexe,1,1,Puissance,puissant,1,1,Réponse,rapide,1,1,Usage,soliste,1,1,Positionnement,premium,1,1,Durabilité,élevée,1,1,Stabilité,excellente,1,1,Temps de rodage,court,1,1
2999,CDM-3AF8FC,Pirastro – Evah Pirazzi – La – Medium,Marque,Pirastro,1,1,Modèle,Evah Pirazzi,1,1,Instrument,Violoncelle,1,1,Corde,La,1,1,Taille,"1/2, 4/4",1,1,Tension,Medium,1,1,Attache,,0,1,Âme,,0,1,Filage,,0,1,Type produit,,0,1,Type pack,,0,1,Profil sonore,brillant,1,1,Complexité,complexe,1,1,Puissance,puissant,1,1,Réponse,rapide,1,1,Usage,soliste,1,1,Positionnement,premium,1,1,Durabilité,élevée,1,1,Stabilité,excellente,1,1,Temps de rodage,court,1,1
3004,CDM-444FA5,Pirastro – Evah Pirazzi Heavy – Re – 4/4,Marque,Pirastro,1,1,Modèle,Evah Pirazzi,1,1,Instrument,Violoncelle,1,1,Corde,Ré,1,1,Taille,4/4,1,1,Tension,Heavy,1,1,Attache,,0,1,Âme,,0,1,Filage,,0,1,Type produit,,0,1,Type pack,,0,1,Profil sonore,brillant,1,1,Complexité,complexe,1,1,Puissance,puissant,1,1,Réponse,rapide,1,1,Usage,soliste,1,1,Positionnement,premium,1,1,Durabilité,élevée,1,1,Stabilité,excellente,1,1,Temps de rodage,court,1,1
3006,CDM-07876A,Pirastro – Evah Pirazzi – Re – Light – 4/4,Marque,Pirastro,1,1,Modèle,Evah Pirazzi,1,1,Instrument,Violoncelle,1,1,Corde,Ré,1,1,Taille,4/4,1,1,Tension,Light,1,1,Attache,,0,1,Âme,,0,1,Filage,,0,1,Type produit,,0,1,Type pack,,0,1,Profil sonore,brillant,1,1,Complexité,complexe,1,1,Puissance,puissant,1,1,Réponse,rapide,1,1,Usage,soliste,1,1,Positionnement,premium,1,1,Durabilité,élevée,1,1,Stabilité,excellente,1,1,Temps de rodage,court,1,1
3007,CDM-4E184D,Pirastro – Evah Pirazzi – Re – Medium,Marque,Pirastro,1,1,Modèle,Evah Pirazzi,1,1,Instrument,Violoncelle,1,1,Corde,Ré,1,1,Taille,"1/2, 4/4",1,1,Tension,Medium,1,1,Attache,,0,1,Âme,,0,1,Filage,,0,1,Type produit,,0,1,Type pack,,0,1,Profil sonore,brillant,1,1,Complexité,complexe,1,1,Puissance,puissant,1,1,Réponse,rapide,1,1,Usage,soliste,1,1,Positionnement,premium,1,1,Durabilité,élevée,1,1,Stabilité,excellente,1,1,Temps de rodage,court,1,1
3012,CDM-79A7E3,Pirastro – Evah Pirazzi Heavy – Sol – 4/4,Marque,Pirastro,1,1,Modèle,Evah Pirazzi,1,1,Instrument,Violoncelle,1,1,Corde,Sol,1,1,Taille,4/4,1,1,Tension,Heavy,1,1,Attache,,0,1,Âme,,0,1,Filage,,0,1,Type produit,,0,1,Type pack,,0,1,Profil sonore,brillant,1,1,Complexité,complexe,1,1,Puissance,puissant,1,1,Réponse,rapide,1,1,Usage,soliste,1,1,Positionnement,premium,1,1,Durabilité,élevée,1,1,Stabilité,excellente,1,1,Temps de rodage,court,1,1
3014,CDM-3A9DAC,Pirastro – Evah Pirazzi – Sol – Light – 4/4,Marque,Pirastro,1,1,Modèle,Evah Pirazzi,1,1,Instrument,Violoncelle,1,1,Corde,Sol,1,1,Taille,4/4,1,1,Tension,Light,1,1,Attache,,0,1,Âme,,0,1,Filage,,0,1,Type produit,,0,1,Type pack,,0,1,Profil sonore,brillant,1,1,Complexité,complexe,1,1,Puissance,puissant,1,1,Réponse,rapide,1,1,Usage,soliste,1,1,Positionnement,premium,1,1,Durabilité,élevée,1,1,Stabilité,excellente,1,1,Temps de rodage,court,1,1
3015,CDM-51BB07,Pirastro – Evah Pirazzi – Sol – Medium,Marque,Pirastro,1,1,Modèle,Evah Pirazzi,1,1,Instrument,Violoncelle,1,1,Corde,Sol,1,1,Taille,"1/2, 4/4",1,1,Tension,Medium,1,1,Attache,,0,1,Âme,,0,1,Filage,,0,1,Type produit,,0,1,Type pack,,0,1,Profil sonore,brillant,1,1,Complexité,complexe,1,1,Puissance,puissant,1,1,Réponse,rapide,1,1,Usage,soliste,1,1,Positionnement,premium,1,1,Durabilité,élevée,1,1,Stabilité,excellente,1,1,Temps de rodage,court,1,1
3020,CDM-A117E2,Pirastro – Evah Pirazzi Heavy – Do – 4/4,Marque,Pirastro,1,1,Modèle,Evah Pirazzi,1,1,Instrument,Violoncelle,1,1,Corde,Do,1,1,Taille,4/4,1,1,Tension,Heavy,1,1,Attache,,0,1,Âme,,0,1,Filage,,0,1,Type produit,,0,1,Type pack,,0,1,Profil sonore,brillant,1,1,Complexité,complexe,1,1,Puissance,puissant,1,1,Réponse,rapide,1,1,Usage,soliste,1,1,Positionnement,premium,1,1,Durabilité,élevée,1,1,Stabilité,excellente,1,1,Temps de rodage,court,1,1
3022,CDM-541C1F,Pirastro – Evah Pirazzi – Do – Light – 4/4,Marque,Pirastro,1,1,Modèle,Evah Pirazzi,1,1,Instrument,Violoncelle,1,1,Corde,Do,1,1,Taille,4/4,1,1,Tension,Light,1,1,Attache,,0,1,Âme,,0,1,Filage,,0,1,Type produit,,0,1,Type pack,,0,1,Profil sonore,brillant,1,1,Complexité,complexe,1,1,Puissance,puissant,1,1,Réponse,rapide,1,1,Usage,soliste,1,1,Positionnement,premium,1,1,Durabilité,élevée,1,1,Stabilité,excellente,1,1,Temps de rodage,court,1,1
3023,CDM-F9613D,Pirastro – Evah Pirazzi – Do – Medium,Marque,Pirastro,1,1,Modèle,Evah Pirazzi,1,1,Instrument,Violoncelle,1,1,Corde,Do,1,1,Taille,"1/2, 4/4",1,1,Tension,Medium,1,1,Attache,,0,1,Âme,,0,1,Filage,,0,1,Type produit,,0,1,Type pack,,0,1,Profil sonore,brillant,1,1,Complexité,complexe,1,1,Puissance,puissant,1,1,Réponse,rapide,1,1,Usage,soliste,1,1,Positionnement,premium,1,1,Durabilité,élevée,1,1,Stabilité,excellente,1,1,Temps de rodage,court,1,1
3028,CDM-C5FDD0,Pirastro – Evah Pirazzi Gold – La – Medium – 4/4,Marque,Pirastro,1,1,Modèle,Evah Pirazzi Gold,1,1,Instrument,Violoncelle,1,1,Corde,La,1,1,Taille,4/4,1,1,Tension,Medium,1,1,Attache,,0,1,Âme,,0,1,Filage,,0,1,Type produit,,0,1,Type pack,,0,1,Profil sonore,chaud,1,1,Complexité,complexe,1,1,Puissance,puissant,1,1,Réponse,rapide,1,1,Usage,soliste,1,1,Positionnement,premium,1,1,Durabilité,élevée,1,1,Stabilité,excellente,1,1,Temps de rodage,court,1,1
3030,CDM-73CF19,Pirastro – Evah Pirazzi Gold – Ré – Medium – 4/4,Marque,Pirastro,1,1,Modèle,Evah Pirazzi Gold,1,1,Instrument,Violoncelle,1,1,Corde,Ré,1,1,Taille,4/4,1,1,Tension,Medium,1,1,Attache,,0,1,Âme,,0,1,Filage,,0,1,Type produit,,0,1,Type pack,,0,1,Profil sonore,chaud,1,1,Complexité,complexe,1,1,Puissance,puissant,1,1,Réponse,rapide,1,1,Usage,soliste,1,1,Positionnement,premium,1,1,Durabilité,élevée,1,1,Stabilité,excellente,1,1,Temps de rodage,court,1,1
3032,CDM-72EB08,Pirastro – Evah Pirazzi Gold – Sol – Medium – 4/4,Marque,Pirastro,1,1,Modèle,Evah Pirazzi Gold,1,1,Instrument,Violoncelle,1,1,Corde,Sol,1,1,Taille,4/4,1,1,Tension,Medium,1,1,Attache,,0,1,Âme,,0,1,Filage,,0,1,Type produit,,0,1,Type pack,,0,1,Profil sonore,chaud,1,1,Complexité,complexe,1,1,Puissance,puissant,1,1,Réponse,rapide,1,1,Usage,soliste,1,1,Positionnement,premium,1,1,Durabilité,élevée,1,1,Stabilité,excellente,1,1,Temps de rodage,court,1,1
3034,CDM-364C76,Pirastro – Evah Pirazzi Gold – Do – Medium – 4/4,Marque,Pirastro,1,1,Modèle,Evah Pirazzi Gold,1,1,Instrument,Violoncelle,1,1,Corde,Do,1,1,Taille,4/4,1,1,Tension,Medium,1,1,Attache,,0,1,Âme,,0,1,Filage,,0,1,Type produit,,0,1,Type pack,,0,1,Profil sonore,chaud,1,1,Complexité,complexe,1,1,Puissance,puissant,1,1,Réponse,rapide,1,1,Usage,soliste,1,1,Positionnement,premium,1,1,Durabilité,élevée,1,1,Stabilité,excellente,1,1,Temps de rodage,court,1,1
3036,CDM-736AE3,Pirastro – Evah Pirazzi Soloist – La – Medium – 4/4,Marque,Pirastro,1,1,Modèle,Evah Pirazzi Soloist,1,1,Instrument,Violoncelle,1,1,Corde,La,1,1,Taille,4/4,1,1,Tension,Medium,1,1,Attache,,0,1,Âme,,0,1,Filage,,0,1,Type produit,,0,1,Type pack,,0,1,Profil sonore,brillant,1,1,Complexité,complexe,1,1,Puissance,puissant,1,1,Réponse,rapide,1,1,Usage,soliste,1,1,Positionnement,premium,1,1,Durabilité,élevée,1,1,Stabilité,excellente,1,1,Temps de rodage,court,1,1
3038,CDM-B1021F,Pirastro – Evah Pirazzi Soloist – Ré – Medium – 4/4,Marque,Pirastro,1,1,Modèle,Evah Pirazzi Soloist,1,1,Instrument,Violoncelle,1,1,Corde,Ré,1,1,Taille,4/4,1,1,Tension,Medium,1,1,Attache,,0,1,Âme,,0,1,Filage,,0,1,Type produit,,0,1,Type pack,,0,1,Profil sonore,brillant,1,1,Complexité,complexe,1,1,Puissance,puissant,1,1,Réponse,rapide,1,1,Usage,soliste,1,1,Positionnement,premium,1,1,Durabilité,élevée,1,1,Stabilité,excellente,1,1,Temps de rodage,court,1,1
3040,CDM-30AEC5,Pirastro – Evah Pirazzi Soloist – Sol – Medium – 4/4,Marque,Pirastro,1,1,Modèle,Evah Pirazzi Soloist,1,1,Instrument,Violoncelle,1,1,Corde,Sol,1,1,Taille,4/4,1,1,Tension,Medium,1,1,Attache,,0,1,Âme,,0,1,Filage,,0,1,Type produit,,0,1,Type pack,,0,1,Profil sonore,brillant,1,1,Complexité,complexe,1,1,Puissance,puissant,1,1,Réponse,rapide,1,1,Usage,soliste,1,1,Positionnement,premium,1,1,Durabilité,élevée,1,1,Stabilité,excellente,1,1,Temps de rodage,court,1,1
3042,CDM-419E33,Pirastro – Evah Pirazzi Soloist – Do – Medium – 4/4,Marque,Pirastro,1,1,Modèle,Evah Pirazzi Soloist,1,1,Instrument,Violoncelle,1,1,Corde,Do,1,1,Taille,4/4,1,1,Tension,Medium,1,1,Attache,,0,1,Âme,,0,1,Filage,,0,1,Type produit,,0,1,Type pack,,0,1,Profil sonore,brillant,1,1,Complexité,complexe,1,1,Puissance,puissant,1,1,Réponse,rapide,1,1,Usage,soliste,1,1,Positionnement,premium,1,1,Durabilité,élevée,1,1,Stabilité,excellente,1,1,Temps de rodage,court,1,1
3044,CDM-2E892D,Pirastro – Gold – La – Medium – 4/4,Marque,Pirastro,1,1,Modèle,Gold,1,1,Instrument,Violoncelle,1,1,Corde,La,1,1,Taille,4/4,1,1,Tension,Medium,1,1,Attache,,0,1,Âme,,0,1,Filage,,0,1,Type produit,,0,1,Type pack,,0,1,Profil sonore,brillant,1,1,Complexité,pur,1,1,Puissance,modéré,1,1,Réponse,rapide,1,1,Usage,soliste,1,1,Positionnement,premium,1,1,Durabilité,moyenne,1,1,Stabilité,bonne,1,1,Temps de rodage,court,1,1
3046,CDM-AEB622,Pirastro – Gold – Re – Medium – 4/4,Marque,Pirastro,1,1,Modèle,Gold,1,1,Instrument,Violoncelle,1,1,Corde,Ré,1,1,Taille,4/4,1,1,Tension,Medium,1,1,Attache,,0,1,Âme,,0,1,Filage,,0,1,Type produit,,0,1,Type pack,,0,1,Profil sonore,brillant,1,1,Complexité,pur,1,1,Puissance,modéré,1,1,Réponse,rapide,1,1,Usage,soliste,1,1,Positionnement,premium,1,1,Durabilité,moyenne,1,1,Stabilité,bonne,1,1,Temps de rodage,court,1,1
3048,CDM-ABA305,Pirastro – Gold – Sol – Medium – 4/4,Marque,Pirastro,1,1,Modèle,Gold,1,1,Instrument,Violoncelle,1,1,Corde,Sol,1,1,Taille,4/4,1,1,Tension,Medium,1,1,Attache,,0,1,Âme,,0,1,Filage,,0,1,Type produit,,0,1,Type pack,,0,1,Profil sonore,brillant,1,1,Complexité,pur,1,1,Puissance,modéré,1,1,Réponse,rapide,1,1,Usage,soliste,1,1,Positionnement,premium,1,1,Durabilité,moyenne,1,1,Stabilité,bonne,1,1,Temps de rodage,court,1,1
3050,CDM-CC6E1C,Pirastro – Gold – Do – Medium – 4/4,Marque,Pirastro,1,1,Modèle,Gold,1,1,Instrument,Violoncelle,1,1,Corde,Do,1,1,Taille,4/4,1,1,Tension,Medium,1,1,Attache,,0,1,Âme,,0,1,Filage,,0,1,Type produit,,0,1,Type pack,,0,1,Profil sonore,brillant,1,1,Complexité,pur,1,1,Puissance,modéré,1,1,Réponse,rapide,1,1,Usage,soliste,1,1,Positionnement,premium,1,1,Durabilité,moyenne,1,1,Stabilité,bonne,1,1,Temps de rodage,court,1,1
3052,CDM-EF582E,Pirastro – Obligato – La – Medium – 4/4,Marque,Pirastro,1,1,Modèle,Obligato,1,1,Instrument,Violoncelle,1,1,Corde,La,1,1,Taille,4/4,1,1,Tension,Medium,1,1,Attache,,0,1,Âme,,0,1,Filage,,0,1,Type produit,,0,1,Type pack,,0,1,Profil sonore,chaud,1,1,Complexité,complexe,1,1,Puissance,puissant,1,1,Réponse,rapide,1,1,Usage,soliste,1,1,Positionnement,premium,1,1,Durabilité,élevée,1,1,Stabilité,excellente,1,1,Temps de rodage,court,1,1
3054,CDM-63401A,Pirastro – Obligato – Re – Medium – 4/4,Marque,Pirastro,1,1,Modèle,Obligato,1,1,Instrument,Violoncelle,1,1,Corde,Ré,1,1,Taille,4/4,1,1,Tension,Medium,1,1,Attache,,0,1,Âme,,0,1,Filage,,0,1,Type produit,,0,1,Type pack,,0,1,Profil sonore,chaud,1,1,Complexité,complexe,1,1,Puissance,puissant,1,1,Réponse,rapide,1,1,Usage,soliste,1,1,Positionnement,premium,1,1,Durabilité,élevée,1,1,Stabilité,excellente,1,1,Temps de rodage,court,1,1
3056,CDM-2D5B89,Pirastro – Obligato – Sol – Medium – 4/4,Marque,Pirastro,1,1,Modèle,Obligato,1,1,Instrument,Violoncelle,1,1,Corde,Sol,1,1,Taille,4/4,1,1,Tension,Medium,1,1,Attache,,0,1,Âme,,0,1,Filage,,0,1,Type produit,,0,1,Type pack,,0,1,Profil sonore,chaud,1,1,Complexité,complexe,1,1,Puissance,puissant,1,1,Réponse,rapide,1,1,Usage,soliste,1,1,Positionnement,premium,1,1,Durabilité,élevée,1,1,Stabilité,excellente,1,1,Temps de rodage,court,1,1
3058,CDM-CD667A,Pirastro – Obligato – Do – Medium – 4/4,Marque,Pirastro,1,1,Modèle,Obligato,1,1,Instrument,Violoncelle,1,1,Corde,Do,1,1,Taille,4/4,1,1,Tension,Medium,1,1,Attache,,0,1,Âme,,0,1,Filage,,0,1,Type produit,,0,1,Type pack,,0,1,Profil sonore,chaud,1,1,Complexité,complexe,1,1,Puissance,puissant,1,1,Réponse,rapide,1,1,Usage,soliste,1,1,Positionnement,premium,1,1,Durabilité,élevée,1,1,Stabilité,excellente,1,1,Temps de rodage,court,1,1
3060,CDM-EE2434,Pirastro – Oliv 22 – La – Medium – 1/2,Marque,Pirastro,1,1,Modèle,Oliv,1,1,Instrument,Violoncelle,1,1,Corde,La,1,1,Taille,1/2,1,1,Tension,Medium,1,1,Attache,,0,1,Âme,,0,1,Filage,,0,1,Type produit,,0,1,Type pack,,0,1,Profil sonore,chaud,1,1,Complexité,complexe,1,1,Puissance,modéré,1,1,Réponse,douce,1,1,Usage,soliste,1,1,Positionnement,premium,1,1,Durabilité,faible,1,1,Stabilité,moyenne,1,1,Temps de rodage,long,1,1
3062,CDM-B5DB6B,Pirastro – Oliv 22 – La – Light – 4/4,Marque,Pirastro,1,1,Modèle,Oliv,1,1,Instrument,Violoncelle,1,1,Corde,La,1,1,Taille,4/4,1,1,Tension,Light,1,1,Attache,,0,1,Âme,,0,1,Filage,,0,1,Type produit,,0,1,Type pack,,0,1,Profil sonore,chaud,1,1,Complexité,complexe,1,1,Puissance,modéré,1,1,Réponse,douce,1,1,Usage,soliste,1,1,Positionnement,premium,1,1,Durabilité,faible,1,1,Stabilité,moyenne,1,1,Temps de rodage,long,1,1
3064,CDM-1D5852,Pirastro – Oliv 23 Heavy – La – 4/4,Marque,Pirastro,1,1,Modèle,Oliv,1,1,Instrument,Violoncelle,1,1,Corde,La,1,1,Taille,4/4,1,1,Tension,Heavy,1,1,Attache,,0,1,Âme,,0,1,Filage,,0,1,Type produit,,0,1,Type pack,,0,1,Profil sonore,chaud,1,1,Complexité,complexe,1,1,Puissance,modéré,1,1,Réponse,douce,1,1,Usage,soliste,1,1,Positionnement,premium,1,1,Durabilité,faible,1,1,Stabilité,moyenne,1,1,Temps de rodage,long,1,1
3066,CDM-47888A,Pirastro – Oliv 26 – Re – Light – 1/2,Marque,Pirastro,1,1,Modèle,Oliv,1,1,Instrument,Violoncelle,1,1,Corde,Ré,1,1,Taille,1/2,1,1,Tension,Light,1,1,Attache,,0,1,Âme,,0,1,Filage,,0,1,Type produit,,0,1,Type pack,,0,1,Profil sonore,chaud,1,1,Complexité,complexe,1,1,Puissance,modéré,1,1,Réponse,douce,1,1,Usage,soliste,1,1,Positionnement,premium,1,1,Durabilité,faible,1,1,Stabilité,moyenne,1,1,Temps de rodage,long,1,1
3068,CDM-C4C768,Pirastro – Oliv 27 / Heavy – Re – 1/2,Marque,Pirastro,1,1,Modèle,Oliv,1,1,Instrument,Violoncelle,1,1,Corde,Ré,1,1,Taille,1/2,1,1,Tension,Heavy,1,1,Attache,,0,1,Âme,,0,1,Filage,,0,1,Type produit,,0,1,Type pack,,0,1,Profil sonore,chaud,1,1,Complexité,complexe,1,1,Puissance,modéré,1,1,Réponse,douce,1,1,Usage,soliste,1,1,Positionnement,premium,1,1,Durabilité,faible,1,1,Stabilité,moyenne,1,1,Temps de rodage,long,1,1
3070,CDM-BD6B5F,Pirastro – Oliv 27 – Re – Medium – 4/4,Marque,Pirastro,1,1,Modèle,Oliv,1,1,Instrument,Violoncelle,1,1,Corde,Ré,1,1,Taille,4/4,1,1,Tension,Medium,1,1,Attache,,0,1,Âme,,0,1,Filage,,0,1,Type produit,,0,1,Type pack,,0,1,Profil sonore,chaud,1,1,Complexité,complexe,1,1,Puissance,modéré,1,1,Réponse,douce,1,1,Usage,soliste,1,1,Positionnement,premium,1,1,Durabilité,faible,1,1,Stabilité,moyenne,1,1,Temps de rodage,long,1,1
3072,CDM-7D70A4,Pirastro – Oliv 28 – Sol – Medium – 1/2,Marque,Pirastro,1,1,Modèle,Oliv,1,1,Instrument,Violoncelle,1,1,Corde,Sol,1,1,Taille,1/2,1,1,Tension,Medium,1,1,Attache,,0,1,Âme,,0,1,Filage,,0,1,Type produit,,0,1,Type pack,,0,1,Profil sonore,chaud,1,1,Complexité,complexe,1,1,Puissance,modéré,1,1,Réponse,douce,1,1,Usage,soliste,1,1,Positionnement,premium,1,1,Durabilité,faible,1,1,Stabilité,moyenne,1,1,Temps de rodage,long,1,1
3074,CDM-EF42F3,Pirastro – Oliv 28 – Sol – Light – 4/4,Marque,Pirastro,1,1,Modèle,Oliv,1,1,Instrument,Violoncelle,1,1,Corde,Sol,1,1,Taille,4/4,1,1,Tension,Light,1,1,Attache,,0,1,Âme,,0,1,Filage,,0,1,Type produit,,0,1,Type pack,,0,1,Profil sonore,chaud,1,1,Complexité,complexe,1,1,Puissance,modéré,1,1,Réponse,douce,1,1,Usage,soliste,1,1,Positionnement,premium,1,1,Durabilité,faible,1,1,Stabilité,moyenne,1,1,Temps de rodage,long,1,1
3076,CDM-2733C7,Pirastro – Oliv 29 Heavy – Sol – 4/4,Marque,Pirastro,1,1,Modèle,Oliv,1,1,Instrument,Violoncelle,1,1,Corde,Sol,1,1,Taille,4/4,1,1,Tension,Heavy,1,1,Attache,,0,1,Âme,,0,1,Filage,,0,1,Type produit,,0,1,Type pack,,0,1,Profil sonore,chaud,1,1,Complexité,complexe,1,1,Puissance,modéré,1,1,Réponse,douce,1,1,Usage,soliste,1,1,Positionnement,premium,1,1,Durabilité,faible,1,1,Stabilité,moyenne,1,1,Temps de rodage,long,1,1
3078,CDM-5DBB18,Pirastro – Oliv 36 – Do – Medium – 1/2,Marque,Pirastro,1,1,Modèle,Oliv,1,1,Instrument,Violoncelle,1,1,Corde,Do,1,1,Taille,1/2,1,1,Tension,Medium,1,1,Attache,,0,1,Âme,,0,1,Filage,,0,1,Type produit,,0,1,Type pack,,0,1,Profil sonore,chaud,1,1,Complexité,complexe,1,1,Puissance,modéré,1,1,Réponse,douce,1,1,Usage,soliste,1,1,Positionnement,premium,1,1,Durabilité,faible,1,1,Stabilité,moyenne,1,1,Temps de rodage,long,1,1
3080,CDM-8FF700,Pirastro – Oliv 36 – Do – Light – 4/4,Marque,Pirastro,1,1,Modèle,Oliv,1,1,Instrument,Violoncelle,1,1,Corde,Do,1,1,Taille,4/4,1,1,Tension,Light,1,1,Attache,,0,1,Âme,,0,1,Filage,,0,1,Type produit,,0,1,Type pack,,0,1,Profil sonore,chaud,1,1,Complexité,complexe,1,1,Puissance,modéré,1,1,Réponse,douce,1,1,Usage,soliste,1,1,Positionnement,premium,1,1,Durabilité,faible,1,1,Stabilité,moyenne,1,1,Temps de rodage,long,1,1
3082,CDM-00398D,Pirastro – Oliv 37 Heavy – Do – 4/4,Marque,Pirastro,1,1,Modèle,Oliv,1,1,Instrument,Violoncelle,1,1,Corde,Do,1,1,Taille,4/4,1,1,Tension,Heavy,1,1,Attache,,0,1,Âme,,0,1,Filage,,0,1,Type produit,,0,1,Type pack,,0,1,Profil sonore,chaud,1,1,Complexité,complexe,1,1,Puissance,modéré,1,1,Réponse,douce,1,1,Usage,soliste,1,1,Positionnement,premium,1,1,Durabilité,faible,1,1,Stabilité,moyenne,1,1,Temps de rodage,long,1,1
3084,CDM-EE0D05,Pirastro – Passione Heavy – La – 4/4,Marque,Pirastro,1,1,Modèle,Passione,1,1,Instrument,Violoncelle,1,1,Corde,La,1,1,Taille,4/4,1,1,Tension,Heavy,1,1,Attache,,0,1,Âme,,0,1,Filage,,0,1,Type produit,,0,1,Type pack,,0,1,Profil sonore,chaud,1,1,Complexité,complexe,1,1,Puissance,modéré,1,1,Réponse,rapide,1,1,Usage,soliste,1,1,Positionnement,premium,1,1,Durabilité,moyenne,1,1,Stabilité,bonne,1,1,Temps de rodage,moyen,1,1
3086,CDM-028DCB,Pirastro – Passione – La – Medium – 4/4,Marque,Pirastro,1,1,Modèle,Passione,1,1,Instrument,Violoncelle,1,1,Corde,La,1,1,Taille,4/4,1,1,Tension,Medium,1,1,Attache,,0,1,Âme,,0,1,Filage,,0,1,Type produit,,0,1,Type pack,,0,1,Profil sonore,chaud,1,1,Complexité,complexe,1,1,Puissance,modéré,1,1,Réponse,rapide,1,1,Usage,soliste,1,1,Positionnement,premium,1,1,Durabilité,moyenne,1,1,Stabilité,bonne,1,1,Temps de rodage,moyen,1,1
3088,CDM-3D27E6,Pirastro – Passione – La – Soft – 4/4,Marque,Pirastro,1,1,Modèle,Passione,1,1,Instrument,Violoncelle,1,1,Corde,La,1,1,Taille,4/4,1,1,Tension,Light,1,1,Attache,,0,1,Âme,,0,1,Filage,,0,1,Type produit,,0,1,Type pack,,0,1,Profil sonore,chaud,1,1,Complexité,complexe,1,1,Puissance,modéré,1,1,Réponse,rapide,1,1,Usage,soliste,1,1,Positionnement,premium,1,1,Durabilité,moyenne,1,1,Stabilité,bonne,1,1,Temps de rodage,moyen,1,1
3090,CDM-2DE5CC,Pirastro – Passione Heavy – Ré – 4/4,Marque,Pirastro,1,1,Modèle,Passione,1,1,Instrument,Violoncelle,1,1,Corde,Ré,1,1,Taille,4/4,1,1,Tension,Heavy,1,1,Attache,,0,1,Âme,,0,1,Filage,,0,1,Type produit,,0,1,Type pack,,0,1,Profil sonore,chaud,1,1,Complexité,complexe,1,1,Puissance,modéré,1,1,Réponse,rapide,1,1,Usage,soliste,1,1,Positionnement,premium,1,1,Durabilité,moyenne,1,1,Stabilité,bonne,1,1,Temps de rodage,moyen,1,1
3092,CDM-8172B8,Pirastro – Passione – Re – Medium – 4/4,Marque,Pirastro,1,1,Modèle,Passione,1,1,Instrument,Violoncelle,1,1,Corde,Ré,1,1,Taille,4/4,1,1,Tension,Medium,1,1,Attache,,0,1,Âme,,0,1,Filage,,0,1,Type produit,,0,1,Type pack,,0,1,Profil sonore,chaud,1,1,Complexité,complexe,1,1,Puissance,modéré,1,1,Réponse,rapide,1,1,Usage,soliste,1,1,Positionnement,premium,1,1,Durabilité,moyenne,1,1,Stabilité,bonne,1,1,Temps de rodage,moyen,1,1
3094,CDM-F8C27F,Pirastro – Passione 27 – Sol – Light – 1/2,Marque,Pirastro,1,1,Modèle,Passione,1,1,Instrument,Violoncelle,1,1,Corde,Sol,1,1,Taille,1/2,1,1,Tension,Light,1,1,Attache,,0,1,Âme,,0,1,Filage,,0,1,Type produit,,0,1,Type pack,,0,1,Profil sonore,chaud,1,1,Complexité,complexe,1,1,Puissance,modéré,1,1,Réponse,rapide,1,1,Usage,soliste,1,1,Positionnement,premium,1,1,Durabilité,moyenne,1,1,Stabilité,bonne,1,1,Temps de rodage,moyen,1,1
3096,CDM-F20A48,Pirastro – Passione 28 / Heavy – Sol – 1/2,Marque,Pirastro,1,1,Modèle,Passione,1,1,Instrument,Violoncelle,1,1,Corde,Sol,1,1,Taille,1/2,1,1,Tension,Heavy,1,1,Attache,,0,1,Âme,,0,1,Filage,,0,1,Type produit,,0,1,Type pack,,0,1,Profil sonore,chaud,1,1,Complexité,complexe,1,1,Puissance,modéré,1,1,Réponse,rapide,1,1,Usage,soliste,1,1,Positionnement,premium,1,1,Durabilité,moyenne,1,1,Stabilité,bonne,1,1,Temps de rodage,moyen,1,1
3098,CDM-4B7A18,Pirastro – Passione 28 – Sol – Medium – 4/4,Marque,Pirastro,1,1,Modèle,Passione,1,1,Instrument,Violoncelle,1,1,Corde,Sol,1,1,Taille,4/4,1,1,Tension,Medium,1,1,Attache,,0,1,Âme,,0,1,Filage,,0,1,Type produit,,0,1,Type pack,,0,1,Profil sonore,chaud,1,1,Complexité,complexe,1,1,Puissance,modéré,1,1,Réponse,rapide,1,1,Usage,soliste,1,1,Positionnement,premium,1,1,Durabilité,moyenne,1,1,Stabilité,bonne,1,1,Temps de rodage,moyen,1,1
3100,CDM-CC729E,Pirastro – Passione 31 – Do – Light – 1/2,Marque,Pirastro,1,1,Modèle,Passione,1,1,Instrument,Violoncelle,1,1,Corde,Do,1,1,Taille,1/2,1,1,Tension,Light,1,1,Attache,,0,1,Âme,,0,1,Filage,,0,1,Type produit,,0,1,Type pack,,0,1,Profil sonore,chaud,1,1,Complexité,complexe,1,1,Puissance,modéré,1,1,Réponse,rapide,1,1,Usage,soliste,1,1,Positionnement,premium,1,1,Durabilité,moyenne,1,1,Stabilité,bonne,1,1,Temps de rodage,moyen,1,1
3102,CDM-9C407D,Pirastro – Passione 32 / Heavy – Do – 1/2,Marque,Pirastro,1,1,Modèle,Passione,1,1,Instrument,Violoncelle,1,1,Corde,Do,1,1,Taille,1/2,1,1,Tension,Heavy,1,1,Attache,,0,1,Âme,,0,1,Filage,,0,1,Type produit,,0,1,Type pack,,0,1,Profil sonore,chaud,1,1,Complexité,complexe,1,1,Puissance,modéré,1,1,Réponse,rapide,1,1,Usage,soliste,1,1,Positionnement,premium,1,1,Durabilité,moyenne,1,1,Stabilité,bonne,1,1,Temps de rodage,moyen,1,1
3104,CDM-6DD3DD,Pirastro – Passione 32 – Do – Medium – 4/4,Marque,Pirastro,1,1,Modèle,Passione,1,1,Instrument,Violoncelle,1,1,Corde,Do,1,1,Taille,4/4,1,1,Tension,Medium,1,1,Attache,,0,1,Âme,,0,1,Filage,,0,1,Type produit,,0,1,Type pack,,0,1,Profil sonore,chaud,1,1,Complexité,complexe,1,1,Puissance,modéré,1,1,Réponse,rapide,1,1,Usage,soliste,1,1,Positionnement,premium,1,1,Durabilité,moyenne,1,1,Stabilité,bonne,1,1,Temps de rodage,moyen,1,1
3106,CDM-D1764B,Pirastro – Permanent Heavy – La – 4/4,Marque,Pirastro,1,1,Modèle,Permanent,1,1,Instrument,Violoncelle,1,1,Corde,La,1,1,Taille,4/4,1,1,Tension,Heavy,1,1,Attache,,0,1,Âme,,0,1,Filage,,0,1,Type produit,,0,1,Type pack,,0,1,Profil sonore,brillant,1,1,Complexité,équilibré,1,1,Puissance,modéré,1,1,Réponse,rapide,1,1,Usage,orchestre,1,1,Positionnement,intermédiaire,1,1,Durabilité,élevée,1,1,Stabilité,excellente,1,1,Temps de rodage,court,1,1
3108,CDM-6E1696,Pirastro – Permanent – La – Light – 4/4,Marque,Pirastro,1,1,Modèle,Permanent,1,1,Instrument,Violoncelle,1,1,Corde,La,1,1,Taille,4/4,1,1,Tension,Light,1,1,Attache,,0,1,Âme,,0,1,Filage,,0,1,Type produit,,0,1,Type pack,,0,1,Profil sonore,brillant,1,1,Complexité,équilibré,1,1,Puissance,modéré,1,1,Réponse,rapide,1,1,Usage,orchestre,1,1,Positionnement,intermédiaire,1,1,Durabilité,élevée,1,1,Stabilité,excellente,1,1,Temps de rodage,court,1,1
3110,CDM-9AB641,Pirastro – Permanent – La – Medium – 4/4,Marque,Pirastro,1,1,Modèle,Permanent,1,1,Instrument,Violoncelle,1,1,Corde,La,1,1,Taille,4/4,1,1,Tension,Medium,1,1,Attache,,0,1,Âme,,0,1,Filage,,0,1,Type produit,,0,1,Type pack,,0,1,Profil sonore,brillant,1,1,Complexité,équilibré,1,1,Puissance,modéré,1,1,Réponse,rapide,1,1,Usage,orchestre,1,1,Positionnement,intermédiaire,1,1,Durabilité,élevée,1,1,Stabilité,excellente,1,1,Temps de rodage,court,1,1
3112,CDM-D92E01,Pirastro – Permanent Heavy – Ré – 4/4,Marque,Pirastro,1,1,Modèle,Permanent,1,1,Instrument,Violoncelle,1,1,Corde,Ré,1,1,Taille,4/4,1,1,Tension,Heavy,1,1,Attache,,0,1,Âme,,0,1,Filage,,0,1,Type produit,,0,1,Type pack,,0,1,Profil sonore,brillant,1,1,Complexité,équilibré,1,1,Puissance,modéré,1,1,Réponse,rapide,1,1,Usage,orchestre,1,1,Positionnement,intermédiaire,1,1,Durabilité,élevée,1,1,Stabilité,excellente,1,1,Temps de rodage,court,1,1
3114,CDM-5C1789,Pirastro – Permanent – Re – Light – 4/4,Marque,Pirastro,1,1,Modèle,Permanent,1,1,Instrument,Violoncelle,1,1,Corde,Ré,1,1,Taille,4/4,1,1,Tension,Light,1,1,Attache,,0,1,Âme,,0,1,Filage,,0,1,Type produit,,0,1,Type pack,,0,1,Profil sonore,brillant,1,1,Complexité,équilibré,1,1,Puissance,modéré,1,1,Réponse,rapide,1,1,Usage,orchestre,1,1,Positionnement,intermédiaire,1,1,Durabilité,élevée,1,1,Stabilité,excellente,1,1,Temps de rodage,court,1,1
3116,CDM-0A8A23,Pirastro – Permanent – Re – Medium – 4/4,Marque,Pirastro,1,1,Modèle,Permanent,1,1,Instrument,Violoncelle,1,1,Corde,Ré,1,1,Taille,4/4,1,1,Tension,Medium,1,1,Attache,,0,1,Âme,,0,1,Filage,,0,1,Type produit,,0,1,Type pack,,0,1,Profil sonore,brillant,1,1,Complexité,équilibré,1,1,Puissance,modéré,1,1,Réponse,rapide,1,1,Usage,orchestre,1,1,Positionnement,intermédiaire,1,1,Durabilité,élevée,1,1,Stabilité,excellente,1,1,Temps de rodage,court,1,1
3118,CDM-52BD67,Pirastro – Permanent Heavy – Sol – 4/4,Marque,Pirastro,1,1,Modèle,Permanent,1,1,Instrument,Violoncelle,1,1,Corde,Sol,1,1,Taille,4/4,1,1,Tension,Heavy,1,1,Attache,,0,1,Âme,,0,1,Filage,,0,1,Type produit,,0,1,Type pack,,0,1,Profil sonore,brillant,1,1,Complexité,équilibré,1,1,Puissance,modéré,1,1,Réponse,rapide,1,1,Usage,orchestre,1,1,Positionnement,intermédiaire,1,1,Durabilité,élevée,1,1,Stabilité,excellente,1,1,Temps de rodage,court,1,1
3120,CDM-E1E38F,Pirastro – Permanent – Sol – Medium – 4/4,Marque,Pirastro,1,1,Modèle,Permanent,1,1,Instrument,Violoncelle,1,1,Corde,Sol,1,1,Taille,4/4,1,1,Tension,Medium,1,1,Attache,,0,1,Âme,,0,1,Filage,,0,1,Type produit,,0,1,Type pack,,0,1,Profil sonore,brillant,1,1,Complexité,équilibré,1,1,Puissance,modéré,1,1,Réponse,rapide,1,1,Usage,orchestre,1,1,Positionnement,intermédiaire,1,1,Durabilité,élevée,1,1,Stabilité,excellente,1,1,Temps de rodage,court,1,1
3122,CDM-1BCF0A,Pirastro – Permanent Heavy – Do – 4/4,Marque,Pirastro,1,1,Modèle,Permanent,1,1,Instrument,Violoncelle,1,1,Corde,Do,1,1,Taille,4/4,1,1,Tension,Heavy,1,1,Attache,,0,1,Âme,,0,1,Filage,,0,1,Type produit,,0,1,Type pack,,0,1,Profil sonore,brillant,1,1,Complexité,équilibré,1,1,Puissance,modéré,1,1,Réponse,rapide,1,1,Usage,orchestre,1,1,Positionnement,intermédiaire,1,1,Durabilité,élevée,1,1,Stabilité,excellente,1,1,Temps de rodage,court,1,1
3124,CDM-8FEC75,Pirastro – Permanent – Do – Medium – 4/4,Marque,Pirastro,1,1,Modèle,Permanent,1,1,Instrument,Violoncelle,1,1,Corde,Do,1,1,Taille,4/4,1,1,Tension,Medium,1,1,Attache,,0,1,Âme,,0,1,Filage,,0,1,Type produit,,0,1,Type pack,,0,1,Profil sonore,brillant,1,1,Complexité,équilibré,1,1,Puissance,modéré,1,1,Réponse,rapide,1,1,Usage,orchestre,1,1,Positionnement,intermédiaire,1,1,Durabilité,élevée,1,1,Stabilité,excellente,1,1,Temps de rodage,court,1,1
3126,CDM-3A3EBC,Pirastro – Permanent Soloist – La – Medium – 4/4,Marque,Pirastro,1,1,Modèle,Permanent Soloist,1,1,Instrument,Violoncelle,1,1,Corde,La,1,1,Taille,4/4,1,1,Tension,Medium,1,1,Attache,,0,1,Âme,,0,1,Filage,,0,1,Type produit,,0,1,Type pack,,0,1,Profil sonore,brillant,1,1,Complexité,équilibré,1,1,Puissance,puissant,1,1,Réponse,rapide,1,1,Usage,soliste,1,1,Positionnement,intermédiaire,1,1,Durabilité,élevée,1,1,Stabilité,excellente,1,1,Temps de rodage,court,1,1
3128,CDM-835CF9,Pirastro – Permanent Soloist – Re – Medium – 4/4,Marque,Pirastro,1,1,Modèle,Permanent Soloist,1,1,Instrument,Violoncelle,1,1,Corde,Ré,1,1,Taille,4/4,1,1,Tension,Medium,1,1,Attache,,0,1,Âme,,0,1,Filage,,0,1,Type produit,,0,1,Type pack,,0,1,Profil sonore,brillant,1,1,Complexité,équilibré,1,1,Puissance,puissant,1,1,Réponse,rapide,1,1,Usage,soliste,1,1,Positionnement,intermédiaire,1,1,Durabilité,élevée,1,1,Stabilité,excellente,1,1,Temps de rodage,court,1,1
3130,CDM-DBB17B,Pirastro – Permanent Soloist – Sol – Medium – 4/4,Marque,Pirastro,1,1,Modèle,Permanent Soloist,1,1,Instrument,Violoncelle,1,1,Corde,Sol,1,1,Taille,4/4,1,1,Tension,Medium,1,1,Attache,,0,1,Âme,,0,1,Filage,,0,1,Type produit,,0,1,Type pack,,0,1,Profil sonore,brillant,1,1,Complexité,équilibré,1,1,Puissance,puissant,1,1,Réponse,rapide,1,1,Usage,soliste,1,1,Positionnement,intermédiaire,1,1,Durabilité,élevée,1,1,Stabilité,excellente,1,1,Temps de rodage,court,1,1
3132,CDM-844620,Pirastro – Permanent Soloist – Do – Medium – 4/4,Marque,Pirastro,1,1,Modèle,Permanent Soloist,1,1,Instrument,Violoncelle,1,1,Corde,Do,1,1,Taille,4/4,1,1,Tension,Medium,1,1,Attache,,0,1,Âme,,0,1,Filage,,0,1,Type produit,,0,1,Type pack,,0,1,Profil sonore,brillant,1,1,Complexité,équilibré,1,1,Puissance,puissant,1,1,Réponse,rapide,1,1,Usage,soliste,1,1,Positionnement,intermédiaire,1,1,Durabilité,élevée,1,1,Stabilité,excellente,1,1,Temps de rodage,court,1,1
3134,CDM-5409AC,Pirastro – Perpetual – La – Medium – 4/4,Marque,Pirastro,1,1,Modèle,Perpetual,1,1,Instrument,Violoncelle,1,1,Corde,La,1,1,Taille,4/4,1,1,Tension,Medium,1,1,Attache,,0,1,Âme,,0,1,Filage,,0,1,Type produit,,0,1,Type pack,,0,1,Profil sonore,brillant,1,1,Complexité,complexe,1,1,Puissance,puissant,1,1,Réponse,rapide,1,1,Usage,soliste,1,1,Positionnement,premium,1,1,Durabilité,élevée,1,1,Stabilité,excellente,1,1,Temps de rodage,court,1,1
3136,CDM-FADE57,Pirastro – Perpetual – Re – Medium – 4/4,Marque,Pirastro,1,1,Modèle,Perpetual,1,1,Instrument,Violoncelle,1,1,Corde,Ré,1,1,Taille,4/4,1,1,Tension,Medium,1,1,Attache,,0,1,Âme,,0,1,Filage,,0,1,Type produit,,0,1,Type pack,,0,1,Profil sonore,brillant,1,1,Complexité,complexe,1,1,Puissance,puissant,1,1,Réponse,rapide,1,1,Usage,soliste,1,1,Positionnement,premium,1,1,Durabilité,élevée,1,1,Stabilité,excellente,1,1,Temps de rodage,court,1,1
3138,CDM-42ECA8,Pirastro – Perpetual Heavy – Sol – 4/4,Marque,Pirastro,1,1,Modèle,Perpetual,1,1,Instrument,Violoncelle,1,1,Corde,Sol,1,1,Taille,4/4,1,1,Tension,Heavy,1,1,Attache,,0,1,Âme,,0,1,Filage,,0,1,Type produit,,0,1,Type pack,,0,1,Profil sonore,brillant,1,1,Complexité,complexe,1,1,Puissance,puissant,1,1,Réponse,rapide,1,1,Usage,soliste,1,1,Positionnement,premium,1,1,Durabilité,élevée,1,1,Stabilité,excellente,1,1,Temps de rodage,court,1,1
3140,CDM-9F0530,Pirastro – Perpetual – Sol – Medium – 4/4,Marque,Pirastro,1,1,Modèle,Perpetual,1,1,Instrument,Violoncelle,1,1,Corde,Sol,1,1,Taille,4/4,1,1,Tension,Medium,1,1,Attache,,0,1,Âme,,0,1,Filage,,0,1,Type produit,,0,1,Type pack,,0,1,Profil sonore,brillant,1,1,Complexité,complexe,1,1,Puissance,puissant,1,1,Réponse,rapide,1,1,Usage,soliste,1,1,Positionnement,premium,1,1,Durabilité,élevée,1,1,Stabilité,excellente,1,1,Temps de rodage,court,1,1
3142,CDM-8E1F91,Pirastro – Perpetual Heavy – Do – 4/4,Marque,Pirastro,1,1,Modèle,Perpetual,1,1,Instrument,Violoncelle,1,1,Corde,Do,1,1,Taille,4/4,1,1,Tension,Heavy,1,1,Attache,,0,1,Âme,,0,1,Filage,,0,1,Type produit,,0,1,Type pack,,0,1,Profil sonore,brillant,1,1,Complexité,complexe,1,1,Puissance,puissant,1,1,Réponse,rapide,1,1,Usage,soliste,1,1,Positionnement,premium,1,1,Durabilité,élevée,1,1,Stabilité,excellente,1,1,Temps de rodage,court,1,1
3144,CDM-581C57,Pirastro – Perpetual – Do – Medium – 4/4,Marque,Pirastro,1,1,Modèle,Perpetual,1,1,Instrument,Violoncelle,1,1,Corde,Do,1,1,Taille,4/4,1,1,Tension,Medium,1,1,Attache,,0,1,Âme,,0,1,Filage,,0,1,Type produit,,0,1,Type pack,,0,1,Profil sonore,brillant,1,1,Complexité,complexe,1,1,Puissance,puissant,1,1,Réponse,rapide,1,1,Usage,soliste,1,1,Positionnement,premium,1,1,Durabilité,élevée,1,1,Stabilité,excellente,1,1,Temps de rodage,court,1,1
3146,CDM-EC52BA,Pirastro – Perpetual Cadenza – Sol – 4/4,Marque,Pirastro,1,1,Modèle,Perpetual Cadenza,1,1,Instrument,Violoncelle,1,1,Corde,Sol,1,1,Taille,4/4,1,1,Tension,,0,1,Attache,,0,1,Âme,,0,1,Filage,,0,1,Type produit,,0,1,Type pack,,0,1,Profil sonore,chaud,1,1,Complexité,complexe,1,1,Puissance,modéré,1,1,Réponse,rapide,1,1,Usage,soliste,1,1,Positionnement,premium,1,1,Durabilité,élevée,1,1,Stabilité,bonne,1,1,Temps de rodage,court,1,1
3148,CDM-82CB9C,Pirastro – Perpetual Cadenza – Do – 4/4,Marque,Pirastro,1,1,Modèle,Perpetual Cadenza,1,1,Instrument,Violoncelle,1,1,Corde,Do,1,1,Taille,4/4,1,1,Tension,,0,1,Attache,,0,1,Âme,,0,1,Filage,,0,1,Type produit,,0,1,Type pack,,0,1,Profil sonore,chaud,1,1,Complexité,complexe,1,1,Puissance,modéré,1,1,Réponse,rapide,1,1,Usage,soliste,1,1,Positionnement,premium,1,1,Durabilité,élevée,1,1,Stabilité,bonne,1,1,Temps de rodage,court,1,1
3150,CDM-5FDEE8,Pirastro – Perpetual Edition – La – Medium – 4/4,Marque,Pirastro,1,1,Modèle,Perpetual Edition,1,1,Instrument,Violoncelle,1,1,Corde,La,1,1,Taille,4/4,1,1,Tension,Medium,1,1,Attache,,0,1,Âme,,0,1,Filage,,0,1,Type produit,,0,1,Type pack,,0,1,Profil sonore,brillant,1,1,Complexité,complexe,1,1,Puissance,puissant,1,1,Réponse,rapide,1,1,Usage,soliste,1,1,Positionnement,premium,1,1,Durabilité,élevée,1,1,Stabilité,excellente,1,1,Temps de rodage,court,1,1
3152,CDM-9DD1EB,Pirastro – Perpetual Edition – Ré – Medium – 4/4,Marque,Pirastro,1,1,Modèle,Perpetual Edition,1,1,Instrument,Violoncelle,1,1,Corde,Ré,1,1,Taille,4/4,1,1,Tension,Medium,1,1,Attache,,0,1,Âme,,0,1,Filage,,0,1,Type produit,,0,1,Type pack,,0,1,Profil sonore,brillant,1,1,Complexité,complexe,1,1,Puissance,puissant,1,1,Réponse,rapide,1,1,Usage,soliste,1,1,Positionnement,premium,1,1,Durabilité,élevée,1,1,Stabilité,excellente,1,1,Temps de rodage,court,1,1
3154,CDM-BFB347,Pirastro – Perpetual Edition – Sol – Medium – 4/4,Marque,Pirastro,1,1,Modèle,Perpetual Edition,1,1,Instrument,Violoncelle,1,1,Corde,Sol,1,1,Taille,4/4,1,1,Tension,Medium,1,1,Attache,,0,1,Âme,,0,1,Filage,,0,1,Type produit,,0,1,Type pack,,0,1,Profil sonore,brillant,1,1,Complexité,complexe,1,1,Puissance,puissant,1,1,Réponse,rapide,1,1,Usage,soliste,1,1,Positionnement,premium,1,1,Durabilité,élevée,1,1,Stabilité,excellente,1,1,Temps de rodage,court,1,1
3156,CDM-F358AF,Pirastro – Perpetual Edition – Do – Medium – 4/4,Marque,Pirastro,1,1,Modèle,Perpetual Edition,1,1,Instrument,Violoncelle,1,1,Corde,Do,1,1,Taille,4/4,1,1,Tension,Medium,1,1,Attache,,0,1,Âme,,0,1,Filage,,0,1,Type produit,,0,1,Type pack,,0,1,Profil sonore,brillant,1,1,Complexité,complexe,1,1,Puissance,puissant,1,1,Réponse,rapide,1,1,Usage,soliste,1,1,Positionnement,premium,1,1,Durabilité,élevée,1,1,Stabilité,excellente,1,1,Temps de rodage,court,1,1
3158,CDM-E7B01B,Pirastro – Perpetual Soloist – La – Light – 4/4,Marque,Pirastro,1,1,Modèle,Perpetual Soloist,1,1,Instrument,Violoncelle,1,1,Corde,La,1,1,Taille,4/4,1,1,Tension,Light,1,1,Attache,,0,1,Âme,,0,1,Filage,,0,1,Type produit,,0,1,Type pack,,0,1,Profil sonore,brillant,1,1,Complexité,complexe,1,1,Puissance,puissant,1,1,Réponse,rapide,1,1,Usage,soliste,1,1,Positionnement,premium,1,1,Durabilité,élevée,1,1,Stabilité,excellente,1,1,Temps de rodage,court,1,1
3160,CDM-289459,Pirastro – Perpetual Soloist – La – Medium – 4/4,Marque,Pirastro,1,1,Modèle,Perpetual Soloist,1,1,Instrument,Violoncelle,1,1,Corde,La,1,1,Taille,4/4,1,1,Tension,Medium,1,1,Attache,,0,1,Âme,,0,1,Filage,,0,1,Type produit,,0,1,Type pack,,0,1,Profil sonore,brillant,1,1,Complexité,complexe,1,1,Puissance,puissant,1,1,Réponse,rapide,1,1,Usage,soliste,1,1,Positionnement,premium,1,1,Durabilité,élevée,1,1,Stabilité,excellente,1,1,Temps de rodage,court,1,1
3168,CDM-832D29,Pirastro – Perpetual Soloist – La – Strong – 4/4,Marque,Pirastro,1,1,Modèle,Perpetual Soloist,1,1,Instrument,Violoncelle,1,1,Corde,La,1,1,Taille,4/4,1,1,Tension,Heavy,1,1,Attache,,0,1,Âme,,0,1,Filage,,0,1,Type produit,,0,1,Type pack,,0,1,Profil sonore,brillant,1,1,Complexité,complexe,1,1,Puissance,puissant,1,1,Réponse,rapide,1,1,Usage,soliste,1,1,Positionnement,premium,1,1,Durabilité,élevée,1,1,Stabilité,excellente,1,1,Temps de rodage,court,1,1
3170,CDM-927550,Pirastro – Perpetual Soloist – Re – Medium – 4/4,Marque,Pirastro,1,1,Modèle,Perpetual Soloist,1,1,Instrument,Violoncelle,1,1,Corde,Ré,1,1,Taille,4/4,1,1,Tension,Medium,1,1,Attache,,0,1,Âme,,0,1,Filage,,0,1,Type produit,,0,1,Type pack,,0,1,Profil sonore,brillant,1,1,Complexité,complexe,1,1,Puissance,puissant,1,1,Réponse,rapide,1,1,Usage,soliste,1,1,Positionnement,premium,1,1,Durabilité,élevée,1,1,Stabilité,excellente,1,1,Temps de rodage,court,1,1
3172,CDM-908454,Pirastro – Perpetual Soloist – Sol – Medium – 4/4,Marque,Pirastro,1,1,Modèle,Perpetual Soloist,1,1,Instrument,Violoncelle,1,1,Corde,Sol,1,1,Taille,4/4,1,1,Tension,Medium,1,1,Attache,,0,1,Âme,,0,1,Filage,,0,1,Type produit,,0,1,Type pack,,0,1,Profil sonore,brillant,1,1,Complexité,complexe,1,1,Puissance,puissant,1,1,Réponse,rapide,1,1,Usage,soliste,1,1,Positionnement,premium,1,1,Durabilité,élevée,1,1,Stabilité,excellente,1,1,Temps de rodage,court,1,1
3174,CDM-865E59,Pirastro – Perpetual Soloist – Do – Medium – 4/4,Marque,Pirastro,1,1,Modèle,Perpetual Soloist,1,1,Instrument,Violoncelle,1,1,Corde,Do,1,1,Taille,4/4,1,1,Tension,Medium,1,1,Attache,,0,1,Âme,,0,1,Filage,,0,1,Type produit,,0,1,Type pack,,0,1,Profil sonore,brillant,1,1,Complexité,complexe,1,1,Puissance,puissant,1,1,Réponse,rapide,1,1,Usage,soliste,1,1,Positionnement,premium,1,1,Durabilité,élevée,1,1,Stabilité,excellente,1,1,Temps de rodage,court,1,1
3175,CDM-B5E147,Pirastro – Piranito – La – Medium,Marque,Pirastro,1,1,Modèle,Piranito,1,1,Instrument,Violoncelle,1,1,Corde,La,1,1,Taille,"1/2, 1/4, 4/4",1,1,Tension,Medium,1,1,Attache,,0,1,Âme,,0,1,Filage,,0,1,Type produit,,0,1,Type pack,,0,1,Profil sonore,brillant,1,1,Complexité,pur,1,1,Puissance,modéré,1,1,Réponse,rapide,1,1,Usage,étudiant,1,1,Positionnement,entrée,1,1,Durabilité,élevée,1,1,Stabilité,excellente,1,1,Temps de rodage,court,1,1
3180,CDM-754E1D,Pirastro – Piranito – Re – Medium,Marque,Pirastro,1,1,Modèle,Piranito,1,1,Instrument,Violoncelle,1,1,Corde,Ré,1,1,Taille,"1/2, 1/4, 4/4",1,1,Tension,Medium,1,1,Attache,,0,1,Âme,,0,1,Filage,,0,1,Type produit,,0,1,Type pack,,0,1,Profil sonore,brillant,1,1,Complexité,pur,1,1,Puissance,modéré,1,1,Réponse,rapide,1,1,Usage,étudiant,1,1,Positionnement,entrée,1,1,Durabilité,élevée,1,1,Stabilité,excellente,1,1,Temps de rodage,court,1,1
3185,CDM-2F5E6E,Pirastro – Piranito – Sol – Medium,Marque,Pirastro,1,1,Modèle,Piranito,1,1,Instrument,Violoncelle,1,1,Corde,Sol,1,1,Taille,"1/2, 1/4, 4/4",1,1,Tension,Medium,1,1,Attache,,0,1,Âme,,0,1,Filage,,0,1,Type produit,,0,1,Type pack,,0,1,Profil sonore,brillant,1,1,Complexité,pur,1,1,Puissance,modéré,1,1,Réponse,rapide,1,1,Usage,étudiant,1,1,Positionnement,entrée,1,1,Durabilité,élevée,1,1,Stabilité,excellente,1,1,Temps de rodage,court,1,1
3190,CDM-1FCB10,Pirastro – Piranito – Do – Medium,Marque,Pirastro,1,1,Modèle,Piranito,1,1,Instrument,Violoncelle,1,1,Corde,Do,1,1,Taille,"1/2, 1/4, 4/4",1,1,Tension,Medium,1,1,Attache,,0,1,Âme,,0,1,Filage,,0,1,Type produit,,0,1,Type pack,,0,1,Profil sonore,brillant,1,1,Complexité,pur,1,1,Puissance,modéré,1,1,Réponse,rapide,1,1,Usage,étudiant,1,1,Positionnement,entrée,1,1,Durabilité,élevée,1,1,Stabilité,excellente,1,1,Temps de rodage,court,1,1
3195,CDM-F43629,Thomastik – Alphayue – La – Medium,Marque,Thomastik,1,1,Modèle,Alphayue,1,1,Instrument,Violoncelle,1,1,Corde,La,1,1,Taille,"1/2, 1/4, 3/4, 4/4",1,1,Tension,Medium,1,1,Attache,,0,1,Âme,,0,1,Filage,,0,1,Type produit,,0,1,Type pack,,0,1,Profil sonore,équilibré,1,1,Complexité,équilibré,1,1,Puissance,modéré,1,1,Réponse,rapide,1,1,Usage,étudiant,1,1,Positionnement,entrée,1,1,Durabilité,moyenne,1,1,Stabilité,bonne,1,1,Temps de rodage,court,1,1
3202,CDM-0EDC64,Thomastik – Alphayue – La – Medium – 1/8,Marque,Thomastik,1,1,Modèle,Alphayue,1,1,Instrument,Violoncelle,1,1,Corde,La,1,1,Taille,1/8,1,1,Tension,Medium,1,1,Attache,,0,1,Âme,,0,1,Filage,,0,1,Type produit,,0,1,Type pack,,0,1,Profil sonore,équilibré,1,1,Complexité,équilibré,1,1,Puissance,modéré,1,1,Réponse,rapide,1,1,Usage,étudiant,1,1,Positionnement,entrée,1,1,Durabilité,moyenne,1,1,Stabilité,bonne,1,1,Temps de rodage,court,1,1
3203,CDM-36A7C3,Thomastik – Alphayue – Re – Medium,Marque,Thomastik,1,1,Modèle,Alphayue,1,1,Instrument,Violoncelle,1,1,Corde,Ré,1,1,Taille,"1/2, 1/4, 3/4, 4/4",1,1,Tension,Medium,1,1,Attache,,0,1,Âme,,0,1,Filage,,0,1,Type produit,,0,1,Type pack,,0,1,Profil sonore,équilibré,1,1,Complexité,équilibré,1,1,Puissance,modéré,1,1,Réponse,rapide,1,1,Usage,étudiant,1,1,Positionnement,entrée,1,1,Durabilité,moyenne,1,1,Stabilité,bonne,1,1,Temps de rodage,court,1,1
3213,CDM-5B8F41,Thomastik – Alphayue – Re – Medium – 1/8,Marque,Thomastik,1,1,Modèle,Alphayue,1,1,Instrument,Violoncelle,1,1,Corde,Ré,1,1,Taille,1/8,1,1,Tension,Medium,1,1,Attache,,0,1,Âme,,0,1,Filage,,0,1,Type produit,,0,1,Type pack,,0,1,Profil sonore,équilibré,1,1,Complexité,équilibré,1,1,Puissance,modéré,1,1,Réponse,rapide,1,1,Usage,étudiant,1,1,Positionnement,entrée,1,1,Durabilité,moyenne,1,1,Stabilité,bonne,1,1,Temps de rodage,court,1,1
3214,CDM-E85659,Thomastik – Alphayue – Sol – Medium,Marque,Thomastik,1,1,Modèle,Alphayue,1,1,Instrument,Violoncelle,1,1,Corde,Sol,1,1,Taille,"1/2, 1/4, 3/4, 4/4",1,1,Tension,Medium,1,1,Attache,,0,1,Âme,,0,1,Filage,,0,1,Type produit,,0,1,Type pack,,0,1,Profil sonore,équilibré,1,1,Complexité,équilibré,1,1,Puissance,modéré,1,1,Réponse,rapide,1,1,Usage,étudiant,1,1,Positionnement,entrée,1,1,Durabilité,moyenne,1,1,Stabilité,bonne,1,1,Temps de rodage,court,1,1
3220,CDM-96B505,Thomastik – Alphayue – Sol – Medium – 1/8,Marque,Thomastik,1,1,Modèle,Alphayue,1,1,Instrument,Violoncelle,1,1,Corde,Sol,1,1,Taille,1/8,1,1,Tension,Medium,1,1,Attache,,0,1,Âme,,0,1,Filage,,0,1,Type produit,,0,1,Type pack,,0,1,Profil sonore,équilibré,1,1,Complexité,équilibré,1,1,Puissance,modéré,1,1,Réponse,rapide,1,1,Usage,étudiant,1,1,Positionnement,entrée,1,1,Durabilité,moyenne,1,1,Stabilité,bonne,1,1,Temps de rodage,court,1,1
3221,CDM-F4C1A4,Thomastik – Alphayue – Do – Medium,Marque,Thomastik,1,1,Modèle,Alphayue,1,1,Instrument,Violoncelle,1,1,Corde,Do,1,1,Taille,"1/2, 1/4, 3/4, 4/4",1,1,Tension,Medium,1,1,Attache,,0,1,Âme,,0,1,Filage,,0,1,Type produit,,0,1,Type pack,,0,1,Profil sonore,équilibré,1,1,Complexité,équilibré,1,1,Puissance,modéré,1,1,Réponse,rapide,1,1,Usage,étudiant,1,1,Positionnement,entrée,1,1,Durabilité,moyenne,1,1,Stabilité,bonne,1,1,Temps de rodage,court,1,1
3227,CDM-1CA36C,Thomastik – Alphayue – Do – Medium – 1/8,Marque,Thomastik,1,1,Modèle,Alphayue,1,1,Instrument,Violoncelle,1,1,Corde,Do,1,1,Taille,1/8,1,1,Tension,Medium,1,1,Attache,,0,1,Âme,,0,1,Filage,,0,1,Type produit,,0,1,Type pack,,0,1,Profil sonore,équilibré,1,1,Complexité,équilibré,1,1,Puissance,modéré,1,1,Réponse,rapide,1,1,Usage,étudiant,1,1,Positionnement,entrée,1,1,Durabilité,moyenne,1,1,Stabilité,bonne,1,1,Temps de rodage,court,1,1
3229,CDM-5B0373,Thomastik – Belcanto – La – Medium – 4/4,Marque,Thomastik,1,1,Modèle,Belcanto,1,1,Instrument,Violoncelle,1,1,Corde,La,1,1,Taille,4/4,1,1,Tension,Medium,1,1,Attache,,0,1,Âme,,0,1,Filage,,0,1,Type produit,,0,1,Type pack,,0,1,Profil sonore,chaud,1,1,Complexité,équilibré,1,1,Puissance,modéré,1,1,Réponse,rapide,1,1,Usage,orchestre,1,1,Positionnement,intermédiaire,1,1,Durabilité,moyenne,1,1,Stabilité,bonne,1,1,Temps de rodage,court,1,1
3231,CDM-707375,Thomastik – Belcanto – Re – Medium – 4/4,Marque,Thomastik,1,1,Modèle,Belcanto,1,1,Instrument,Violoncelle,1,1,Corde,Ré,1,1,Taille,4/4,1,1,Tension,Medium,1,1,Attache,,0,1,Âme,,0,1,Filage,,0,1,Type produit,,0,1,Type pack,,0,1,Profil sonore,chaud,1,1,Complexité,équilibré,1,1,Puissance,modéré,1,1,Réponse,rapide,1,1,Usage,orchestre,1,1,Positionnement,intermédiaire,1,1,Durabilité,moyenne,1,1,Stabilité,bonne,1,1,Temps de rodage,court,1,1
3233,CDM-EEC0D8,Thomastik – Belcanto – Do – Medium – 4/4,Marque,Thomastik,1,1,Modèle,Belcanto,1,1,Instrument,Violoncelle,1,1,Corde,Do,1,1,Taille,4/4,1,1,Tension,Medium,1,1,Attache,,0,1,Âme,,0,1,Filage,,0,1,Type produit,,0,1,Type pack,,0,1,Profil sonore,chaud,1,1,Complexité,équilibré,1,1,Puissance,modéré,1,1,Réponse,rapide,1,1,Usage,orchestre,1,1,Positionnement,intermédiaire,1,1,Durabilité,moyenne,1,1,Stabilité,bonne,1,1,Temps de rodage,court,1,1
3235,CDM-218650,Thomastik – Belcanto Gold – La – Medium – 4/4,Marque,Thomastik,1,1,Modèle,Belcanto Gold,1,1,Instrument,Violoncelle,1,1,Corde,La,1,1,Taille,4/4,1,1,Tension,Medium,1,1,Attache,,0,1,Âme,,0,1,Filage,,0,1,Type produit,,0,1,Type pack,,0,1,Profil sonore,chaud,1,1,Complexité,équilibré,1,1,Puissance,modéré,1,1,Réponse,rapide,1,1,Usage,soliste,1,1,Positionnement,intermédiaire,1,1,Durabilité,moyenne,1,1,Stabilité,bonne,1,1,Temps de rodage,court,1,1
3237,CDM-B7538E,Thomastik – Belcanto Gold – Re – Medium – 4/4,Marque,Thomastik,1,1,Modèle,Belcanto Gold,1,1,Instrument,Violoncelle,1,1,Corde,Ré,1,1,Taille,4/4,1,1,Tension,Medium,1,1,Attache,,0,1,Âme,,0,1,Filage,,0,1,Type produit,,0,1,Type pack,,0,1,Profil sonore,chaud,1,1,Complexité,équilibré,1,1,Puissance,modéré,1,1,Réponse,rapide,1,1,Usage,soliste,1,1,Positionnement,intermédiaire,1,1,Durabilité,moyenne,1,1,Stabilité,bonne,1,1,Temps de rodage,court,1,1
3239,CDM-88983D,Thomastik – Belcanto Gold – Sol – Medium – 4/4,Marque,Thomastik,1,1,Modèle,Belcanto Gold,1,1,Instrument,Violoncelle,1,1,Corde,Sol,1,1,Taille,4/4,1,1,Tension,Medium,1,1,Attache,,0,1,Âme,,0,1,Filage,,0,1,Type produit,,0,1,Type pack,,0,1,Profil sonore,chaud,1,1,Complexité,équilibré,1,1,Puissance,modéré,1,1,Réponse,rapide,1,1,Usage,soliste,1,1,Positionnement,intermédiaire,1,1,Durabilité,moyenne,1,1,Stabilité,bonne,1,1,Temps de rodage,court,1,1
3241,CDM-AE1722,Thomastik – Belcanto Gold – Do – Medium – 4/4,Marque,Thomastik,1,1,Modèle,Belcanto Gold,1,1,Instrument,Violoncelle,1,1,Corde,Do,1,1,Taille,4/4,1,1,Tension,Medium,1,1,Attache,,0,1,Âme,,0,1,Filage,,0,1,Type produit,,0,1,Type pack,,0,1,Profil sonore,chaud,1,1,Complexité,équilibré,1,1,Puissance,modéré,1,1,Réponse,rapide,1,1,Usage,soliste,1,1,Positionnement,intermédiaire,1,1,Durabilité,moyenne,1,1,Stabilité,bonne,1,1,Temps de rodage,court,1,1
3242,CDM-26CF63,Thomastik – Dominant – La – Medium,Marque,Thomastik,1,1,Modèle,Dominant,1,1,Instrument,Violoncelle,1,1,Corde,La,1,1,Taille,"1/2, 1/4, 3/4, 4/4",1,1,Tension,Medium,1,1,Attache,,0,1,Âme,,0,1,Filage,,0,1,Type produit,,0,1,Type pack,,0,1,Profil sonore,équilibré,1,1,Complexité,équilibré,1,1,Puissance,puissant,1,1,Réponse,rapide,1,1,Usage,orchestre,1,1,Positionnement,intermédiaire,1,1,Durabilité,moyenne,1,1,Stabilité,bonne,1,1,Temps de rodage,moyen,1,1
3248,CDM-36EEEA,Thomastik – Dominant /8 – La – Medium – 1/8,Marque,Thomastik,1,1,Modèle,Dominant,1,1,Instrument,Violoncelle,1,1,Corde,La,1,1,Taille,1/8,1,1,Tension,Medium,1,1,Attache,,0,1,Âme,,0,1,Filage,,0,1,Type produit,,0,1,Type pack,,0,1,Profil sonore,équilibré,1,1,Complexité,équilibré,1,1,Puissance,puissant,1,1,Réponse,rapide,1,1,Usage,orchestre,1,1,Positionnement,intermédiaire,1,1,Durabilité,moyenne,1,1,Stabilité,bonne,1,1,Temps de rodage,moyen,1,1
3249,CDM-786803,Thomastik – Dominant – Re – Medium,Marque,Thomastik,1,1,Modèle,Dominant,1,1,Instrument,Violoncelle,1,1,Corde,Ré,1,1,Taille,"1/2, 1/4, 3/4, 4/4",1,1,Tension,Medium,1,1,Attache,,0,1,Âme,,0,1,Filage,,0,1,Type produit,,0,1,Type pack,,0,1,Profil sonore,équilibré,1,1,Complexité,équilibré,1,1,Puissance,puissant,1,1,Réponse,rapide,1,1,Usage,orchestre,1,1,Positionnement,intermédiaire,1,1,Durabilité,moyenne,1,1,Stabilité,bonne,1,1,Temps de rodage,moyen,1,1
3258,CDM-1E9405,Thomastik – Dominant /8 – Re – Medium – 1/8,Marque,Thomastik,1,1,Modèle,Dominant,1,1,Instrument,Violoncelle,1,1,Corde,Ré,1,1,Taille,1/8,1,1,Tension,Medium,1,1,Attache,,0,1,Âme,,0,1,Filage,,0,1,Type produit,,0,1,Type pack,,0,1,Profil sonore,équilibré,1,1,Complexité,équilibré,1,1,Puissance,puissant,1,1,Réponse,rapide,1,1,Usage,orchestre,1,1,Positionnement,intermédiaire,1,1,Durabilité,moyenne,1,1,Stabilité,bonne,1,1,Temps de rodage,moyen,1,1
3259,CDM-AEF7AA,Thomastik – Dominant – Sol – Medium,Marque,Thomastik,1,1,Modèle,Dominant,1,1,Instrument,Violoncelle,1,1,Corde,Sol,1,1,Taille,"1/2, 1/4, 3/4, 4/4",1,1,Tension,Medium,1,1,Attache,,0,1,Âme,,0,1,Filage,acier inox,1,1,Type produit,,0,1,Type pack,,0,1,Profil sonore,équilibré,1,1,Complexité,équilibré,1,1,Puissance,puissant,1,1,Réponse,rapide,1,1,Usage,orchestre,1,1,Positionnement,intermédiaire,1,1,Durabilité,moyenne,1,1,Stabilité,bonne,1,1,Temps de rodage,moyen,1,1
3266,CDM-E028D0,Thomastik – Dominant – Sol – Medium – 4/4,Marque,Thomastik,1,1,Modèle,Dominant,1,1,Instrument,Violoncelle,1,1,Corde,Sol,1,1,Taille,4/4,1,1,Tension,Medium,1,1,Attache,,0,1,Âme,,0,1,Filage,argent,1,1,Type produit,,0,1,Type pack,,0,1,Profil sonore,équilibré,1,1,Complexité,équilibré,1,1,Puissance,puissant,1,1,Réponse,rapide,1,1,Usage,orchestre,1,1,Positionnement,intermédiaire,1,1,Durabilité,moyenne,1,1,Stabilité,bonne,1,1,Temps de rodage,moyen,1,1
3267,CDM-34C8CC,Thomastik – Dominant – Do – Medium,Marque,Thomastik,1,1,Modèle,Dominant,1,1,Instrument,Violoncelle,1,1,Corde,Do,1,1,Taille,"1/2, 1/4, 3/4, 4/4",1,1,Tension,Medium,1,1,Attache,,0,1,Âme,,0,1,Filage,,0,1,Type produit,,0,1,Type pack,,0,1,Profil sonore,équilibré,1,1,Complexité,équilibré,1,1,Puissance,puissant,1,1,Réponse,rapide,1,1,Usage,orchestre,1,1,Positionnement,intermédiaire,1,1,Durabilité,moyenne,1,1,Stabilité,bonne,1,1,Temps de rodage,moyen,1,1
3273,CDM-BC074D,Thomastik – Dominant /8 – Do – Medium – 1/8,Marque,Thomastik,1,1,Modèle,Dominant,1,1,Instrument,Violoncelle,1,1,Corde,Do,1,1,Taille,1/8,1,1,Tension,Medium,1,1,Attache,,0,1,Âme,,0,1,Filage,,0,1,Type produit,,0,1,Type pack,,0,1,Profil sonore,équilibré,1,1,Complexité,équilibré,1,1,Puissance,puissant,1,1,Réponse,rapide,1,1,Usage,orchestre,1,1,Positionnement,intermédiaire,1,1,Durabilité,moyenne,1,1,Stabilité,bonne,1,1,Temps de rodage,moyen,1,1
3275,CDM-EBB978,Thomastik – Dominant Pro – La – 4/4,Marque,Thomastik,1,1,Modèle,Dominant Pro,1,1,Instrument,Violoncelle,1,1,Corde,La,1,1,Taille,4/4,1,1,Tension,,0,1,Attache,,0,1,Âme,,0,1,Filage,,0,1,Type produit,,0,1,Type pack,,0,1,Profil sonore,brillant,1,1,Complexité,équilibré,1,1,Puissance,puissant,1,1,Réponse,rapide,1,1,Usage,soliste,1,1,Positionnement,premium,1,1,Durabilité,moyenne,1,1,Stabilité,bonne,1,1,Temps de rodage,moyen,1,1
3278,CDM-D4C30B,Thomastik – Dominant Pro – Re – 4/4,Marque,Thomastik,1,1,Modèle,Dominant Pro,1,1,Instrument,Violoncelle,1,1,Corde,Ré,1,1,Taille,4/4,1,1,Tension,,0,1,Attache,,0,1,Âme,,0,1,Filage,,0,1,Type produit,,0,1,Type pack,,0,1,Profil sonore,brillant,1,1,Complexité,équilibré,1,1,Puissance,puissant,1,1,Réponse,rapide,1,1,Usage,soliste,1,1,Positionnement,premium,1,1,Durabilité,moyenne,1,1,Stabilité,bonne,1,1,Temps de rodage,moyen,1,1
3281,CDM-973C1A,Thomastik – Dominant Pro – Sol – 4/4,Marque,Thomastik,1,1,Modèle,Dominant Pro,1,1,Instrument,Violoncelle,1,1,Corde,Sol,1,1,Taille,4/4,1,1,Tension,,0,1,Attache,,0,1,Âme,,0,1,Filage,,0,1,Type produit,,0,1,Type pack,,0,1,Profil sonore,brillant,1,1,Complexité,équilibré,1,1,Puissance,puissant,1,1,Réponse,rapide,1,1,Usage,soliste,1,1,Positionnement,premium,1,1,Durabilité,moyenne,1,1,Stabilité,bonne,1,1,Temps de rodage,moyen,1,1
3284,CDM-D14A16,Thomastik – Dominant Pro – Do – 4/4,Marque,Thomastik,1,1,Modèle,Dominant Pro,1,1,Instrument,Violoncelle,1,1,Corde,Do,1,1,Taille,4/4,1,1,Tension,,0,1,Attache,,0,1,Âme,,0,1,Filage,,0,1,Type produit,,0,1,Type pack,,0,1,Profil sonore,brillant,1,1,Complexité,équilibré,1,1,Puissance,puissant,1,1,Réponse,rapide,1,1,Usage,soliste,1,1,Positionnement,premium,1,1,Durabilité,moyenne,1,1,Stabilité,bonne,1,1,Temps de rodage,moyen,1,1
3287,CDM-940233,Thomastik – Prazision – La – Medium – 4/4,Marque,Thomastik,1,1,Modèle,Prazision,1,1,Instrument,Violoncelle,1,1,Corde,La,1,1,Taille,4/4,1,1,Tension,Medium,1,1,Attache,,0,1,Âme,,0,1,Filage,,0,1,Type produit,,0,1,Type pack,,0,1,Profil sonore,brillant,1,1,Complexité,pur,1,1,Puissance,modéré,1,1,Réponse,rapide,1,1,Usage,étudiant,1,1,Positionnement,entrée,1,1,Durabilité,élevée,1,1,Stabilité,excellente,1,1,Temps de rodage,court,1,1
3289,CDM-538F04,Thomastik – Prazision – Re – Medium – 4/4,Marque,Thomastik,1,1,Modèle,Prazision,1,1,Instrument,Violoncelle,1,1,Corde,Ré,1,1,Taille,4/4,1,1,Tension,Medium,1,1,Attache,,0,1,Âme,,0,1,Filage,,0,1,Type produit,,0,1,Type pack,,0,1,Profil sonore,brillant,1,1,Complexité,pur,1,1,Puissance,modéré,1,1,Réponse,rapide,1,1,Usage,étudiant,1,1,Positionnement,entrée,1,1,Durabilité,élevée,1,1,Stabilité,excellente,1,1,Temps de rodage,court,1,1
3291,CDM-E2B9A2,Thomastik – Prazision – Sol – Medium – 4/4,Marque,Thomastik,1,1,Modèle,Prazision,1,1,Instrument,Violoncelle,1,1,Corde,Sol,1,1,Taille,4/4,1,1,Tension,Medium,1,1,Attache,,0,1,Âme,,0,1,Filage,,0,1,Type produit,,0,1,Type pack,,0,1,Profil sonore,brillant,1,1,Complexité,pur,1,1,Puissance,modéré,1,1,Réponse,rapide,1,1,Usage,étudiant,1,1,Positionnement,entrée,1,1,Durabilité,élevée,1,1,Stabilité,excellente,1,1,Temps de rodage,court,1,1
3293,CDM-C0AE12,Thomastik – Prazision – Do – Medium – 4/4,Marque,Thomastik,1,1,Modèle,Prazision,1,1,Instrument,Violoncelle,1,1,Corde,Do,1,1,Taille,4/4,1,1,Tension,Medium,1,1,Attache,,0,1,Âme,,0,1,Filage,,0,1,Type produit,,0,1,Type pack,,0,1,Profil sonore,brillant,1,1,Complexité,pur,1,1,Puissance,modéré,1,1,Réponse,rapide,1,1,Usage,étudiant,1,1,Positionnement,entrée,1,1,Durabilité,élevée,1,1,Stabilité,excellente,1,1,Temps de rodage,court,1,1
3295,CDM-CDD2DB,Thomastik – Rondo – La – 4/4,Marque,Thomastik,1,1,Modèle,Rondo,1,1,Instrument,Violoncelle,1,1,Corde,La,1,1,Taille,4/4,1,1,Tension,,0,1,Attache,,0,1,Âme,,0,1,Filage,,0,1,Type produit,,0,1,Type pack,,0,1,Profil sonore,chaud,1,1,Complexité,complexe,1,1,Puissance,puissant,1,1,Réponse,rapide,1,1,Usage,soliste,1,1,Positionnement,premium,1,1,Durabilité,moyenne,1,1,Stabilité,bonne,1,1,Temps de rodage,court,1,1
3297,CDM-264CB6,Thomastik – Rondo – Re – 4/4,Marque,Thomastik,1,1,Modèle,Rondo,1,1,Instrument,Violoncelle,1,1,Corde,Ré,1,1,Taille,4/4,1,1,Tension,,0,1,Attache,,0,1,Âme,,0,1,Filage,,0,1,Type produit,,0,1,Type pack,,0,1,Profil sonore,chaud,1,1,Complexité,complexe,1,1,Puissance,puissant,1,1,Réponse,rapide,1,1,Usage,soliste,1,1,Positionnement,premium,1,1,Durabilité,moyenne,1,1,Stabilité,bonne,1,1,Temps de rodage,court,1,1
3299,CDM-9296AD,Thomastik – Rondo – Sol,Marque,Thomastik,1,1,Modèle,Rondo,1,1,Instrument,Violoncelle,1,1,Corde,Sol,1,1,Taille,,0,1,Tension,,0,1,Attache,,0,1,Âme,,0,1,Filage,,0,1,Type produit,,0,1,Type pack,,0,1,Profil sonore,chaud,1,1,Complexité,complexe,1,1,Puissance,puissant,1,1,Réponse,rapide,1,1,Usage,soliste,1,1,Positionnement,premium,1,1,Durabilité,moyenne,1,1,Stabilité,bonne,1,1,Temps de rodage,court,1,1
3301,CDM-52BB57,Thomastik – Rondo – Do – 4/4,Marque,Thomastik,1,1,Modèle,Rondo,1,1,Instrument,Violoncelle,1,1,Corde,Do,1,1,Taille,4/4,1,1,Tension,,0,1,Attache,,0,1,Âme,,0,1,Filage,,0,1,Type produit,,0,1,Type pack,,0,1,Profil sonore,chaud,1,1,Complexité,complexe,1,1,Puissance,puissant,1,1,Réponse,rapide,1,1,Usage,soliste,1,1,Positionnement,premium,1,1,Durabilité,moyenne,1,1,Stabilité,bonne,1,1,Temps de rodage,court,1,1
3303,CDM-956110,Thomastik – Rondo Experience – La – 4/4,Marque,Thomastik,1,1,Modèle,Rondo Experience,1,1,Instrument,Violoncelle,1,1,Corde,La,1,1,Taille,4/4,1,1,Tension,,0,1,Attache,,0,1,Âme,,0,1,Filage,,0,1,Type produit,,0,1,Type pack,,0,1,Profil sonore,chaud,1,1,Complexité,complexe,1,1,Puissance,puissant,1,1,Réponse,rapide,1,1,Usage,orchestre,1,1,Positionnement,premium,1,1,Durabilité,moyenne,1,1,Stabilité,bonne,1,1,Temps de rodage,court,1,1
3304,CDM-9F9732,Thomastik – Spirit! – La – Medium,Marque,Thomastik,1,1,Modèle,Spirit!,1,1,Instrument,Violoncelle,1,1,Corde,La,1,1,Taille,"3/4, 4/4",1,1,Tension,Medium,1,1,Attache,,0,1,Âme,,0,1,Filage,,0,1,Type produit,,0,1,Type pack,,0,1,Profil sonore,équilibré,1,1,Complexité,équilibré,1,1,Puissance,modéré,1,1,Réponse,rapide,1,1,Usage,étudiant,1,1,Positionnement,entrée,1,1,Durabilité,moyenne,1,1,Stabilité,bonne,1,1,Temps de rodage,court,1,1
3314,CDM-FF94D0,Thomastik – Spirit! – Re – Medium,Marque,Thomastik,1,1,Modèle,Spirit!,1,1,Instrument,Violoncelle,1,1,Corde,Ré,1,1,Taille,"3/4, 4/4",1,1,Tension,Medium,1,1,Attache,,0,1,Âme,,0,1,Filage,,0,1,Type produit,,0,1,Type pack,,0,1,Profil sonore,équilibré,1,1,Complexité,équilibré,1,1,Puissance,modéré,1,1,Réponse,rapide,1,1,Usage,étudiant,1,1,Positionnement,entrée,1,1,Durabilité,moyenne,1,1,Stabilité,bonne,1,1,Temps de rodage,court,1,1
3318,CDM-55DB03,Thomastik – Spirit! – Sol – Medium,Marque,Thomastik,1,1,Modèle,Spirit!,1,1,Instrument,Violoncelle,1,1,Corde,Sol,1,1,Taille,"3/4, 4/4",1,1,Tension,Medium,1,1,Attache,,0,1,Âme,,0,1,Filage,,0,1,Type produit,,0,1,Type pack,,0,1,Profil sonore,équilibré,1,1,Complexité,équilibré,1,1,Puissance,modéré,1,1,Réponse,rapide,1,1,Usage,étudiant,1,1,Positionnement,entrée,1,1,Durabilité,moyenne,1,1,Stabilité,bonne,1,1,Temps de rodage,court,1,1
3322,CDM-735AF1,Thomastik – Spirit! – Do – Medium,Marque,Thomastik,1,1,Modèle,Spirit!,1,1,Instrument,Violoncelle,1,1,Corde,Do,1,1,Taille,"3/4, 4/4",1,1,Tension,Medium,1,1,Attache,,0,1,Âme,,0,1,Filage,,0,1,Type produit,,0,1,Type pack,,0,1,Profil sonore,équilibré,1,1,Complexité,équilibré,1,1,Puissance,modéré,1,1,Réponse,rapide,1,1,Usage,étudiant,1,1,Positionnement,entrée,1,1,Durabilité,moyenne,1,1,Stabilité,bonne,1,1,Temps de rodage,court,1,1
3327,CDM-E015F5,Thomastik – Spirocore – La – Medium – 4/4,Marque,Thomastik,1,1,Modèle,Spirocore,1,1,Instrument,Violoncelle,1,1,Corde,La,1,1,Taille,4/4,1,1,Tension,Medium,1,1,Attache,,0,1,Âme,,0,1,Filage,aluminium,1,1,Type produit,,0,1,Type pack,,0,1,Profil sonore,brillant,1,1,Complexité,complexe,1,1,Puissance,puissant,1,1,Réponse,rapide,1,1,Usage,soliste,1,1,Positionnement,intermédiaire,1,1,Durabilité,élevée,1,1,Stabilité,bonne,1,1,Temps de rodage,long,1,1
3328,CDM-0F69DA,Thomastik – Spirocore – La – Medium,Marque,Thomastik,1,1,Modèle,Spirocore,1,1,Instrument,Violoncelle,1,1,Corde,La,1,1,Taille,"1/2, 1/4, 3/4, 4/4",1,1,Tension,Medium,1,1,Attache,,0,1,Âme,,0,1,Filage,acier inox,1,1,Type produit,,0,1,Type pack,,0,1,Profil sonore,brillant,1,1,Complexité,complexe,1,1,Puissance,puissant,1,1,Réponse,rapide,1,1,Usage,soliste,1,1,Positionnement,intermédiaire,1,1,Durabilité,élevée,1,1,Stabilité,bonne,1,1,Temps de rodage,long,1,1
3335,CDM-E107CA,Thomastik – Spirocore – Re – Medium – 4/4,Marque,Thomastik,1,1,Modèle,Spirocore,1,1,Instrument,Violoncelle,1,1,Corde,Ré,1,1,Taille,4/4,1,1,Tension,Medium,1,1,Attache,,0,1,Âme,,0,1,Filage,aluminium,1,1,Type produit,,0,1,Type pack,,0,1,Profil sonore,brillant,1,1,Complexité,complexe,1,1,Puissance,puissant,1,1,Réponse,rapide,1,1,Usage,soliste,1,1,Positionnement,intermédiaire,1,1,Durabilité,élevée,1,1,Stabilité,bonne,1,1,Temps de rodage,long,1,1
3337,CDM-64485E,Thomastik – Spirocore Heavy – Ré – 4/4,Marque,Thomastik,1,1,Modèle,Spirocore,1,1,Instrument,Violoncelle,1,1,Corde,Ré,1,1,Taille,4/4,1,1,Tension,Heavy,1,1,Attache,,0,1,Âme,,0,1,Filage,acier inox,1,1,Type produit,,0,1,Type pack,,0,1,Profil sonore,brillant,1,1,Complexité,complexe,1,1,Puissance,puissant,1,1,Réponse,rapide,1,1,Usage,soliste,1,1,Positionnement,intermédiaire,1,1,Durabilité,élevée,1,1,Stabilité,bonne,1,1,Temps de rodage,long,1,1
3338,CDM-AF2115,Thomastik – Spirocore – Re – Medium,Marque,Thomastik,1,1,Modèle,Spirocore,1,1,Instrument,Violoncelle,1,1,Corde,Ré,1,1,Taille,"1/2, 1/4, 3/4, 4/4",1,1,Tension,Medium,1,1,Attache,,0,1,Âme,,0,1,Filage,acier inox,1,1,Type produit,,0,1,Type pack,,0,1,Profil sonore,brillant,1,1,Complexité,complexe,1,1,Puissance,puissant,1,1,Réponse,rapide,1,1,Usage,soliste,1,1,Positionnement,intermédiaire,1,1,Durabilité,élevée,1,1,Stabilité,bonne,1,1,Temps de rodage,long,1,1
3345,CDM-B0E368,Thomastik – Spirocore Heavy – Sol – 4/4,Marque,Thomastik,1,1,Modèle,Spirocore,1,1,Instrument,Violoncelle,1,1,Corde,Sol,1,1,Taille,4/4,1,1,Tension,Heavy,1,1,Attache,,0,1,Âme,,0,1,Filage,acier inox,1,1,Type produit,,0,1,Type pack,,0,1,Profil sonore,brillant,1,1,Complexité,complexe,1,1,Puissance,puissant,1,1,Réponse,rapide,1,1,Usage,soliste,1,1,Positionnement,intermédiaire,1,1,Durabilité,élevée,1,1,Stabilité,bonne,1,1,Temps de rodage,long,1,1
3347,CDM-D161B8,Thomastik – Spirocore – Sol – Light – 4/4,Marque,Thomastik,1,1,Modèle,Spirocore,1,1,Instrument,Violoncelle,1,1,Corde,Sol,1,1,Taille,4/4,1,1,Tension,Light,1,1,Attache,,0,1,Âme,,0,1,Filage,acier inox,1,1,Type produit,,0,1,Type pack,,0,1,Profil sonore,brillant,1,1,Complexité,complexe,1,1,Puissance,puissant,1,1,Réponse,rapide,1,1,Usage,soliste,1,1,Positionnement,intermédiaire,1,1,Durabilité,élevée,1,1,Stabilité,bonne,1,1,Temps de rodage,long,1,1
3348,CDM-2315AB,Thomastik – Spirocore – Sol – Medium,Marque,Thomastik,1,1,Modèle,Spirocore,1,1,Instrument,Violoncelle,1,1,Corde,Sol,1,1,Taille,"1/2, 1/4, 3/4, 4/4",1,1,Tension,Medium,1,1,Attache,,0,1,Âme,,0,1,Filage,acier inox,1,1,Type produit,,0,1,Type pack,,0,1,Profil sonore,brillant,1,1,Complexité,complexe,1,1,Puissance,puissant,1,1,Réponse,rapide,1,1,Usage,soliste,1,1,Positionnement,intermédiaire,1,1,Durabilité,élevée,1,1,Stabilité,bonne,1,1,Temps de rodage,long,1,1
3354,CDM-147899,Thomastik – Spirocore – Sol – Light – 4/4,Marque,Thomastik,1,1,Modèle,Spirocore,1,1,Instrument,Violoncelle,1,1,Corde,Sol,1,1,Taille,4/4,1,1,Tension,Light,1,1,Attache,,0,1,Âme,,0,1,Filage,argent,1,1,Type produit,,0,1,Type pack,,0,1,Profil sonore,brillant,1,1,Complexité,complexe,1,1,Puissance,puissant,1,1,Réponse,rapide,1,1,Usage,soliste,1,1,Positionnement,intermédiaire,1,1,Durabilité,élevée,1,1,Stabilité,bonne,1,1,Temps de rodage,long,1,1
3360,CDM-9091D4,Thomastik – Spirocore – Sol – Medium – 4/4,Marque,Thomastik,1,1,Modèle,Spirocore,1,1,Instrument,Violoncelle,1,1,Corde,Sol,1,1,Taille,4/4,1,1,Tension,Medium,1,1,Attache,,0,1,Âme,,0,1,Filage,argent,1,1,Type produit,,0,1,Type pack,,0,1,Profil sonore,brillant,1,1,Complexité,complexe,1,1,Puissance,puissant,1,1,Réponse,rapide,1,1,Usage,soliste,1,1,Positionnement,intermédiaire,1,1,Durabilité,élevée,1,1,Stabilité,bonne,1,1,Temps de rodage,long,1,1
3362,CDM-E6C75C,Thomastik – Spirocore Heavy – Sol – 4/4,Marque,Thomastik,1,1,Modèle,Spirocore,1,1,Instrument,Violoncelle,1,1,Corde,Sol,1,1,Taille,4/4,1,1,Tension,Heavy,1,1,Attache,,0,1,Âme,,0,1,Filage,tungstène,1,1,Type produit,,0,1,Type pack,,0,1,Profil sonore,brillant,1,1,Complexité,complexe,1,1,Puissance,puissant,1,1,Réponse,rapide,1,1,Usage,soliste,1,1,Positionnement,intermédiaire,1,1,Durabilité,élevée,1,1,Stabilité,bonne,1,1,Temps de rodage,long,1,1
3364,CDM-D6D872,Thomastik – Spirocore – Sol – Light – 4/4,Marque,Thomastik,1,1,Modèle,Spirocore,1,1,Instrument,Violoncelle,1,1,Corde,Sol,1,1,Taille,4/4,1,1,Tension,Light,1,1,Attache,,0,1,Âme,,0,1,Filage,tungstène,1,1,Type produit,,0,1,Type pack,,0,1,Profil sonore,brillant,1,1,Complexité,complexe,1,1,Puissance,puissant,1,1,Réponse,rapide,1,1,Usage,soliste,1,1,Positionnement,intermédiaire,1,1,Durabilité,élevée,1,1,Stabilité,bonne,1,1,Temps de rodage,long,1,1
3366,CDM-505A5C,Thomastik – Spirocore – Sol – Medium – 4/4,Marque,Thomastik,1,1,Modèle,Spirocore,1,1,Instrument,Violoncelle,1,1,Corde,Sol,1,1,Taille,4/4,1,1,Tension,Medium,1,1,Attache,,0,1,Âme,,0,1,Filage,tungstène,1,1,Type produit,,0,1,Type pack,,0,1,Profil sonore,brillant,1,1,Complexité,complexe,1,1,Puissance,puissant,1,1,Réponse,rapide,1,1,Usage,soliste,1,1,Positionnement,intermédiaire,1,1,Durabilité,élevée,1,1,Stabilité,bonne,1,1,Temps de rodage,long,1,1
3368,CDM-EBE8D0,Thomastik – Spirocore Heavy – Do – 4/4,Marque,Thomastik,1,1,Modèle,Spirocore,1,1,Instrument,Violoncelle,1,1,Corde,Do,1,1,Taille,4/4,1,1,Tension,Heavy,1,1,Attache,,0,1,Âme,,0,1,Filage,acier inox,1,1,Type produit,,0,1,Type pack,,0,1,Profil sonore,brillant,1,1,Complexité,complexe,1,1,Puissance,puissant,1,1,Réponse,rapide,1,1,Usage,soliste,1,1,Positionnement,intermédiaire,1,1,Durabilité,élevée,1,1,Stabilité,bonne,1,1,Temps de rodage,long,1,1
3370,CDM-A2E0F5,Thomastik – Spirocore – Do – Light – 4/4,Marque,Thomastik,1,1,Modèle,Spirocore,1,1,Instrument,Violoncelle,1,1,Corde,Do,1,1,Taille,4/4,1,1,Tension,Light,1,1,Attache,,0,1,Âme,,0,1,Filage,acier inox,1,1,Type produit,,0,1,Type pack,,0,1,Profil sonore,brillant,1,1,Complexité,complexe,1,1,Puissance,puissant,1,1,Réponse,rapide,1,1,Usage,soliste,1,1,Positionnement,intermédiaire,1,1,Durabilité,élevée,1,1,Stabilité,bonne,1,1,Temps de rodage,long,1,1
3371,CDM-68231D,Thomastik – Spirocore – Do – Medium,Marque,Thomastik,1,1,Modèle,Spirocore,1,1,Instrument,Violoncelle,1,1,Corde,Do,1,1,Taille,"1/2, 1/4, 3/4, 4/4",1,1,Tension,Medium,1,1,Attache,,0,1,Âme,,0,1,Filage,acier inox,1,1,Type produit,,0,1,Type pack,,0,1,Profil sonore,brillant,1,1,Complexité,complexe,1,1,Puissance,puissant,1,1,Réponse,rapide,1,1,Usage,soliste,1,1,Positionnement,intermédiaire,1,1,Durabilité,élevée,1,1,Stabilité,bonne,1,1,Temps de rodage,long,1,1
3378,CDM-E68051,Thomastik – Spirocore Heavy – Do – 4/4,Marque,Thomastik,1,1,Modèle,Spirocore,1,1,Instrument,Violoncelle,1,1,Corde,Do,1,1,Taille,4/4,1,1,Tension,Heavy,1,1,Attache,,0,1,Âme,,0,1,Filage,argent,1,1,Type produit,,0,1,Type pack,,0,1,Profil sonore,brillant,1,1,Complexité,complexe,1,1,Puissance,puissant,1,1,Réponse,rapide,1,1,Usage,soliste,1,1,Positionnement,intermédiaire,1,1,Durabilité,élevée,1,1,Stabilité,bonne,1,1,Temps de rodage,long,1,1
3380,CDM-7E764A,Thomastik – Spirocore – Do – Light – 4/4,Marque,Thomastik,1,1,Modèle,Spirocore,1,1,Instrument,Violoncelle,1,1,Corde,Do,1,1,Taille,4/4,1,1,Tension,Light,1,1,Attache,,0,1,Âme,,0,1,Filage,argent,1,1,Type produit,,0,1,Type pack,,0,1,Profil sonore,brillant,1,1,Complexité,complexe,1,1,Puissance,puissant,1,1,Réponse,rapide,1,1,Usage,soliste,1,1,Positionnement,intermédiaire,1,1,Durabilité,élevée,1,1,Stabilité,bonne,1,1,Temps de rodage,long,1,1
3382,CDM-180C3A,Thomastik – Spirocore – Do – Medium – 4/4,Marque,Thomastik,1,1,Modèle,Spirocore,1,1,Instrument,Violoncelle,1,1,Corde,Do,1,1,Taille,4/4,1,1,Tension,Medium,1,1,Attache,,0,1,Âme,,0,1,Filage,argent,1,1,Type produit,,0,1,Type pack,,0,1,Profil sonore,brillant,1,1,Complexité,complexe,1,1,Puissance,puissant,1,1,Réponse,rapide,1,1,Usage,soliste,1,1,Positionnement,intermédiaire,1,1,Durabilité,élevée,1,1,Stabilité,bonne,1,1,Temps de rodage,long,1,1
3384,CDM-F3F222,Thomastik – Spirocore Heavy – Do – 4/4,Marque,Thomastik,1,1,Modèle,Spirocore,1,1,Instrument,Violoncelle,1,1,Corde,Do,1,1,Taille,4/4,1,1,Tension,Heavy,1,1,Attache,,0,1,Âme,,0,1,Filage,tungstène,1,1,Type produit,,0,1,Type pack,,0,1,Profil sonore,brillant,1,1,Complexité,complexe,1,1,Puissance,puissant,1,1,Réponse,rapide,1,1,Usage,soliste,1,1,Positionnement,intermédiaire,1,1,Durabilité,élevée,1,1,Stabilité,bonne,1,1,Temps de rodage,long,1,1
3386,CDM-A0AB4B,Thomastik – Spirocore – Do – Light – 4/4,Marque,Thomastik,1,1,Modèle,Spirocore,1,1,Instrument,Violoncelle,1,1,Corde,Do,1,1,Taille,4/4,1,1,Tension,Light,1,1,Attache,,0,1,Âme,,0,1,Filage,tungstène,1,1,Type produit,,0,1,Type pack,,0,1,Profil sonore,brillant,1,1,Complexité,complexe,1,1,Puissance,puissant,1,1,Réponse,rapide,1,1,Usage,soliste,1,1,Positionnement,intermédiaire,1,1,Durabilité,élevée,1,1,Stabilité,bonne,1,1,Temps de rodage,long,1,1
3388,CDM-3A8A3C,Thomastik – Spirocore – Do – Medium – 4/4,Marque,Thomastik,1,1,Modèle,Spirocore,1,1,Instrument,Violoncelle,1,1,Corde,Do,1,1,Taille,4/4,1,1,Tension,Medium,1,1,Attache,,0,1,Âme,,0,1,Filage,tungstène,1,1,Type produit,,0,1,Type pack,,0,1,Profil sonore,brillant,1,1,Complexité,complexe,1,1,Puissance,puissant,1,1,Réponse,rapide,1,1,Usage,soliste,1,1,Positionnement,intermédiaire,1,1,Durabilité,élevée,1,1,Stabilité,bonne,1,1,Temps de rodage,long,1,1
3390,CDM-66F4DC,Thomastik – Superflexible – La – Medium – 4/4,Marque,Thomastik,1,1,Modèle,Superflexible,1,1,Instrument,Violoncelle,1,1,Corde,La,1,1,Taille,4/4,1,1,Tension,Medium,1,1,Attache,,0,1,Âme,,0,1,Filage,aluminium,1,1,Type produit,,0,1,Type pack,,0,1,Profil sonore,brillant,1,1,Complexité,pur,1,1,Puissance,modéré,1,1,Réponse,rapide,1,1,Usage,orchestre,1,1,Positionnement,entrée,1,1,Durabilité,élevée,1,1,Stabilité,excellente,1,1,Temps de rodage,court,1,1
3391,CDM-51CD9E,Thomastik – Superflexible – La – Medium,Marque,Thomastik,1,1,Modèle,Superflexible,1,1,Instrument,Violoncelle,1,1,Corde,La,1,1,Taille,"1/4, 3/4, 4/4",1,1,Tension,Medium,1,1,Attache,,0,1,Âme,,0,1,Filage,acier inox,1,1,Type produit,,0,1,Type pack,,0,1,Profil sonore,brillant,1,1,Complexité,pur,1,1,Puissance,modéré,1,1,Réponse,rapide,1,1,Usage,orchestre,1,1,Positionnement,entrée,1,1,Durabilité,élevée,1,1,Stabilité,excellente,1,1,Temps de rodage,court,1,1
3396,CDM-B14930,Thomastik – Superflexible – Re – Medium,Marque,Thomastik,1,1,Modèle,Superflexible,1,1,Instrument,Violoncelle,1,1,Corde,Ré,1,1,Taille,"1/4, 3/4, 4/4",1,1,Tension,Medium,1,1,Attache,,0,1,Âme,,0,1,Filage,,0,1,Type produit,,0,1,Type pack,,0,1,Profil sonore,brillant,1,1,Complexité,pur,1,1,Puissance,modéré,1,1,Réponse,rapide,1,1,Usage,orchestre,1,1,Positionnement,entrée,1,1,Durabilité,élevée,1,1,Stabilité,excellente,1,1,Temps de rodage,court,1,1
3401,CDM-210B56,Thomastik – Superflexible – Sol – Medium,Marque,Thomastik,1,1,Modèle,Superflexible,1,1,Instrument,Violoncelle,1,1,Corde,Sol,1,1,Taille,"1/4, 4/4",1,1,Tension,Medium,1,1,Attache,,0,1,Âme,,0,1,Filage,,0,1,Type produit,,0,1,Type pack,,0,1,Profil sonore,brillant,1,1,Complexité,pur,1,1,Puissance,modéré,1,1,Réponse,rapide,1,1,Usage,orchestre,1,1,Positionnement,entrée,1,1,Durabilité,élevée,1,1,Stabilité,excellente,1,1,Temps de rodage,court,1,1
3405,CDM-2253FA,Thomastik – Superflexible – Do – Medium,Marque,Thomastik,1,1,Modèle,Superflexible,1,1,Instrument,Violoncelle,1,1,Corde,Do,1,1,Taille,"1/4, 3/4, 4/4",1,1,Tension,Medium,1,1,Attache,,0,1,Âme,,0,1,Filage,,0,1,Type produit,,0,1,Type pack,,0,1,Profil sonore,brillant,1,1,Complexité,pur,1,1,Puissance,modéré,1,1,Réponse,rapide,1,1,Usage,orchestre,1,1,Positionnement,entrée,1,1,Durabilité,élevée,1,1,Stabilité,excellente,1,1,Temps de rodage,court,1,1
3407,CDM-4ABF6B,D'Addario – Zyex – Mi – Light,Marque,D'Addario,1,1,Modèle,Zyex,1,1,Instrument,Contrebasse,1,1,Corde,Mi,1,1,Taille,"3/4, 4/4",1,1,Tension,Light,1,1,Attache,,0,1,Âme,,0,1,Filage,,0,1,Type produit,,0,1,Type pack,,0,1,Profil sonore,chaud,1,1,Complexité,équilibré,1,1,Puissance,modéré,1,1,Réponse,rapide,1,1,Usage,orchestre,1,1,Positionnement,intermédiaire,1,1,Durabilité,élevée,1,1,Stabilité,excellente,1,1,Temps de rodage,court,1,1
3413,CDM-6621C6,Thomastik – Versum – La – Medium – 4/4,Marque,Thomastik,1,1,Modèle,Versum,1,1,Instrument,Violoncelle,1,1,Corde,La,1,1,Taille,4/4,1,1,Tension,Medium,1,1,Attache,,0,1,Âme,,0,1,Filage,,0,1,Type produit,,0,1,Type pack,,0,1,Profil sonore,chaud,1,1,Complexité,complexe,1,1,Puissance,modéré,1,1,Réponse,rapide,1,1,Usage,soliste,1,1,Positionnement,premium,1,1,Durabilité,élevée,1,1,Stabilité,bonne,1,1,Temps de rodage,moyen,1,1
3415,CDM-725451,Thomastik – Versum – Re – Medium – 4/4,Marque,Thomastik,1,1,Modèle,Versum,1,1,Instrument,Violoncelle,1,1,Corde,Ré,1,1,Taille,4/4,1,1,Tension,Medium,1,1,Attache,,0,1,Âme,,0,1,Filage,,0,1,Type produit,,0,1,Type pack,,0,1,Profil sonore,chaud,1,1,Complexité,complexe,1,1,Puissance,modéré,1,1,Réponse,rapide,1,1,Usage,soliste,1,1,Positionnement,premium,1,1,Durabilité,élevée,1,1,Stabilité,bonne,1,1,Temps de rodage,moyen,1,1
3417,CDM-B384FA,Thomastik – Versum – Sol – Medium – 4/4,Marque,Thomastik,1,1,Modèle,Versum,1,1,Instrument,Violoncelle,1,1,Corde,Sol,1,1,Taille,4/4,1,1,Tension,Medium,1,1,Attache,,0,1,Âme,,0,1,Filage,,0,1,Type produit,,0,1,Type pack,,0,1,Profil sonore,chaud,1,1,Complexité,complexe,1,1,Puissance,modéré,1,1,Réponse,rapide,1,1,Usage,soliste,1,1,Positionnement,premium,1,1,Durabilité,élevée,1,1,Stabilité,bonne,1,1,Temps de rodage,moyen,1,1
3419,CDM-2A3EFA,Thomastik – Versum – Do – Medium – 4/4,Marque,Thomastik,1,1,Modèle,Versum,1,1,Instrument,Violoncelle,1,1,Corde,Do,1,1,Taille,4/4,1,1,Tension,Medium,1,1,Attache,,0,1,Âme,,0,1,Filage,,0,1,Type produit,,0,1,Type pack,,0,1,Profil sonore,chaud,1,1,Complexité,complexe,1,1,Puissance,modéré,1,1,Réponse,rapide,1,1,Usage,soliste,1,1,Positionnement,premium,1,1,Durabilité,élevée,1,1,Stabilité,bonne,1,1,Temps de rodage,moyen,1,1
3421,CDM-7B3F80,Thomastik – Versum Solo – La – Medium – 4/4,Marque,Thomastik,1,1,Modèle,Versum Solo,1,1,Instrument,Violoncelle,1,1,Corde,La,1,1,Taille,4/4,1,1,Tension,Medium,1,1,Attache,,0,1,Âme,,0,1,Filage,,0,1,Type produit,,0,1,Type pack,,0,1,Profil sonore,chaud,1,1,Complexité,complexe,1,1,Puissance,puissant,1,1,Réponse,rapide,1,1,Usage,soliste,1,1,Positionnement,premium,1,1,Durabilité,élevée,1,1,Stabilité,bonne,1,1,Temps de rodage,moyen,1,1
3423,CDM-C43808,Thomastik – Versum Solo – Re – Medium – 4/4,Marque,Thomastik,1,1,Modèle,Versum Solo,1,1,Instrument,Violoncelle,1,1,Corde,Ré,1,1,Taille,4/4,1,1,Tension,Medium,1,1,Attache,,0,1,Âme,,0,1,Filage,,0,1,Type produit,,0,1,Type pack,,0,1,Profil sonore,chaud,1,1,Complexité,complexe,1,1,Puissance,puissant,1,1,Réponse,rapide,1,1,Usage,soliste,1,1,Positionnement,premium,1,1,Durabilité,élevée,1,1,Stabilité,bonne,1,1,Temps de rodage,moyen,1,1
3425,CDM-E5DA4C,Thomastik – Versum Solo – Sol – Medium – 4/4,Marque,Thomastik,1,1,Modèle,Versum Solo,1,1,Instrument,Violoncelle,1,1,Corde,Sol,1,1,Taille,4/4,1,1,Tension,Medium,1,1,Attache,,0,1,Âme,,0,1,Filage,,0,1,Type produit,,0,1,Type pack,,0,1,Profil sonore,chaud,1,1,Complexité,complexe,1,1,Puissance,puissant,1,1,Réponse,rapide,1,1,Usage,soliste,1,1,Positionnement,premium,1,1,Durabilité,élevée,1,1,Stabilité,bonne,1,1,Temps de rodage,moyen,1,1
3427,CDM-89940D,Thomastik – Versum Solo – Do – Medium – 4/4,Marque,Thomastik,1,1,Modèle,Versum Solo,1,1,Instrument,Violoncelle,1,1,Corde,Do,1,1,Taille,4/4,1,1,Tension,Medium,1,1,Attache,,0,1,Âme,,0,1,Filage,,0,1,Type produit,,0,1,Type pack,,0,1,Profil sonore,chaud,1,1,Complexité,complexe,1,1,Puissance,puissant,1,1,Réponse,rapide,1,1,Usage,soliste,1,1,Positionnement,premium,1,1,Durabilité,élevée,1,1,Stabilité,bonne,1,1,Temps de rodage,moyen,1,1
3429,CDM-B4B9BB,D'Addario – Zyex – Sol – Light – 3/4,Marque,D'Addario,1,1,Modèle,Zyex,1,1,Instrument,Contrebasse,1,1,Corde,Sol,1,1,Taille,3/4,1,1,Tension,Light,1,1,Attache,,0,1,Âme,,0,1,Filage,,0,1,Type produit,,0,1,Type pack,,0,1,Profil sonore,chaud,1,1,Complexité,équilibré,1,1,Puissance,modéré,1,1,Réponse,rapide,1,1,Usage,orchestre,1,1,Positionnement,intermédiaire,1,1,Durabilité,élevée,1,1,Stabilité,excellente,1,1,Temps de rodage,court,1,1
3431,CDM-D20D96,D'Addario – Zyex – Sol – Medium – 3/4,Marque,D'Addario,1,1,Modèle,Zyex,1,1,Instrument,Contrebasse,1,1,Corde,Sol,1,1,Taille,3/4,1,1,Tension,Medium,1,1,Attache,,0,1,Âme,,0,1,Filage,,0,1,Type produit,,0,1,Type pack,,0,1,Profil sonore,chaud,1,1,Complexité,équilibré,1,1,Puissance,modéré,1,1,Réponse,rapide,1,1,Usage,orchestre,1,1,Positionnement,intermédiaire,1,1,Durabilité,élevée,1,1,Stabilité,excellente,1,1,Temps de rodage,court,1,1
3433,CDM-3CF832,D'Addario – Zyex – Ré – Light – 3/4,Marque,D'Addario,1,1,Modèle,Zyex,1,1,Instrument,Contrebasse,1,1,Corde,Ré,1,1,Taille,3/4,1,1,Tension,Light,1,1,Attache,,0,1,Âme,,0,1,Filage,,0,1,Type produit,,0,1,Type pack,,0,1,Profil sonore,chaud,1,1,Complexité,équilibré,1,1,Puissance,modéré,1,1,Réponse,rapide,1,1,Usage,orchestre,1,1,Positionnement,intermédiaire,1,1,Durabilité,élevée,1,1,Stabilité,excellente,1,1,Temps de rodage,court,1,1
3435,CDM-FDF64B,D'Addario – Zyex – Ré – Medium – 3/4,Marque,D'Addario,1,1,Modèle,Zyex,1,1,Instrument,Contrebasse,1,1,Corde,Ré,1,1,Taille,3/4,1,1,Tension,Medium,1,1,Attache,,0,1,Âme,,0,1,Filage,,0,1,Type produit,,0,1,Type pack,,0,1,Profil sonore,chaud,1,1,Complexité,équilibré,1,1,Puissance,modéré,1,1,Réponse,rapide,1,1,Usage,orchestre,1,1,Positionnement,intermédiaire,1,1,Durabilité,élevée,1,1,Stabilité,excellente,1,1,Temps de rodage,court,1,1
3437,CDM-7B6F41,D'Addario – Zyex – La – Light – 3/4,Marque,D'Addario,1,1,Modèle,Zyex,1,1,Instrument,Contrebasse,1,1,Corde,La,1,1,Taille,3/4,1,1,Tension,Light,1,1,Attache,,0,1,Âme,,0,1,Filage,,0,1,Type produit,,0,1,Type pack,,0,1,Profil sonore,chaud,1,1,Complexité,équilibré,1,1,Puissance,modéré,1,1,Réponse,rapide,1,1,Usage,orchestre,1,1,Positionnement,intermédiaire,1,1,Durabilité,élevée,1,1,Stabilité,excellente,1,1,Temps de rodage,court,1,1
3439,CDM-FFCFDF,D'Addario – Zyex – La – Medium – 3/4,Marque,D'Addario,1,1,Modèle,Zyex,1,1,Instrument,Contrebasse,1,1,Corde,La,1,1,Taille,3/4,1,1,Tension,Medium,1,1,Attache,,0,1,Âme,,0,1,Filage,,0,1,Type produit,,0,1,Type pack,,0,1,Profil sonore,chaud,1,1,Complexité,équilibré,1,1,Puissance,modéré,1,1,Réponse,rapide,1,1,Usage,orchestre,1,1,Positionnement,intermédiaire,1,1,Durabilité,élevée,1,1,Stabilité,excellente,1,1,Temps de rodage,court,1,1
3446,CDM-A6BA80,D'Addario – Zyex – Mi – Medium – 3/4,Marque,D'Addario,1,1,Modèle,Zyex,1,1,Instrument,Contrebasse,1,1,Corde,Mi,1,1,Taille,3/4,1,1,Tension,Medium,1,1,Attache,,0,1,Âme,,0,1,Filage,,0,1,Type produit,,0,1,Type pack,,0,1,Profil sonore,chaud,1,1,Complexité,équilibré,1,1,Puissance,modéré,1,1,Réponse,rapide,1,1,Usage,orchestre,1,1,Positionnement,intermédiaire,1,1,Durabilité,élevée,1,1,Stabilité,excellente,1,1,Temps de rodage,court,1,1
3448,CDM-277F61,Jargar – Classic 1ª Sol Dolce – 4/4,Marque,Jargar,1,1,Modèle,Classic Dolce,1,1,Instrument,Contrebasse,1,1,Corde,,0,1,Taille,4/4,1,1,Tension,,0,1,Attache,,0,1,Âme,,0,1,Filage,,0,1,Type produit,,0,1,Type pack,,0,1,Profil sonore,chaud,1,1,Complexité,pur,1,1,Puissance,doux,1,1,Réponse,rapide,1,1,Usage,orchestre,1,1,Positionnement,intermédiaire,1,1,Durabilité,moyenne,1,1,Stabilité,bonne,1,1,Temps de rodage,court,1,1
3450,CDM-63B754,Jargar – Classic – Sol – Medium – 4/4,Marque,Jargar,1,1,Modèle,Classic,1,1,Instrument,Contrebasse,1,1,Corde,Sol,1,1,Taille,4/4,1,1,Tension,Medium,1,1,Attache,,0,1,Âme,,0,1,Filage,,0,1,Type produit,,0,1,Type pack,,0,1,Profil sonore,brillant,1,1,Complexité,pur,1,1,Puissance,puissant,1,1,Réponse,rapide,1,1,Usage,orchestre,1,1,Positionnement,intermédiaire,1,1,Durabilité,moyenne,1,1,Stabilité,excellente,1,1,Temps de rodage,court,1,1
3452,CDM-94B77A,Jargar – Classic – Ré – Medium – 4/4,Marque,Jargar,1,1,Modèle,Classic,1,1,Instrument,Contrebasse,1,1,Corde,Ré,1,1,Taille,4/4,1,1,Tension,Medium,1,1,Attache,,0,1,Âme,,0,1,Filage,,0,1,Type produit,,0,1,Type pack,,0,1,Profil sonore,brillant,1,1,Complexité,pur,1,1,Puissance,puissant,1,1,Réponse,rapide,1,1,Usage,orchestre,1,1,Positionnement,intermédiaire,1,1,Durabilité,moyenne,1,1,Stabilité,excellente,1,1,Temps de rodage,court,1,1
3454,CDM-0CCDFA,Jargar – Classic 2ª Re Dolce – 4/4,Marque,Jargar,1,1,Modèle,Classic Dolce,1,1,Instrument,Contrebasse,1,1,Corde,,0,1,Taille,4/4,1,1,Tension,,0,1,Attache,,0,1,Âme,,0,1,Filage,,0,1,Type produit,,0,1,Type pack,,0,1,Profil sonore,chaud,1,1,Complexité,pur,1,1,Puissance,doux,1,1,Réponse,rapide,1,1,Usage,orchestre,1,1,Positionnement,intermédiaire,1,1,Durabilité,moyenne,1,1,Stabilité,bonne,1,1,Temps de rodage,court,1,1
3456,CDM-C44F23,Jargar – Classic – La – Medium – 4/4,Marque,Jargar,1,1,Modèle,Classic,1,1,Instrument,Contrebasse,1,1,Corde,La,1,1,Taille,4/4,1,1,Tension,Medium,1,1,Attache,,0,1,Âme,,0,1,Filage,,0,1,Type produit,,0,1,Type pack,,0,1,Profil sonore,brillant,1,1,Complexité,pur,1,1,Puissance,puissant,1,1,Réponse,rapide,1,1,Usage,orchestre,1,1,Positionnement,intermédiaire,1,1,Durabilité,moyenne,1,1,Stabilité,excellente,1,1,Temps de rodage,court,1,1
3458,CDM-1E7380,Jargar – Classic 3ª La Dolce – 4/4,Marque,Jargar,1,1,Modèle,Classic Dolce,1,1,Instrument,Contrebasse,1,1,Corde,,0,1,Taille,4/4,1,1,Tension,,0,1,Attache,,0,1,Âme,,0,1,Filage,,0,1,Type produit,,0,1,Type pack,,0,1,Profil sonore,chaud,1,1,Complexité,pur,1,1,Puissance,doux,1,1,Réponse,rapide,1,1,Usage,orchestre,1,1,Positionnement,intermédiaire,1,1,Durabilité,moyenne,1,1,Stabilité,bonne,1,1,Temps de rodage,court,1,1
3460,CDM-C2C4B4,Jargar – Classic 4ª Mi Dolce – 4/4,Marque,Jargar,1,1,Modèle,Classic Dolce,1,1,Instrument,Contrebasse,1,1,Corde,,0,1,Taille,4/4,1,1,Tension,,0,1,Attache,,0,1,Âme,,0,1,Filage,,0,1,Type produit,,0,1,Type pack,,0,1,Profil sonore,chaud,1,1,Complexité,pur,1,1,Puissance,doux,1,1,Réponse,rapide,1,1,Usage,orchestre,1,1,Positionnement,intermédiaire,1,1,Durabilité,moyenne,1,1,Stabilité,bonne,1,1,Temps de rodage,court,1,1
3462,CDM-7EFFE0,Jargar – Classic – Mi – Medium – 4/4,Marque,Jargar,1,1,Modèle,Classic,1,1,Instrument,Contrebasse,1,1,Corde,Mi,1,1,Taille,4/4,1,1,Tension,Medium,1,1,Attache,,0,1,Âme,,0,1,Filage,,0,1,Type produit,,0,1,Type pack,,0,1,Profil sonore,brillant,1,1,Complexité,pur,1,1,Puissance,puissant,1,1,Réponse,rapide,1,1,Usage,orchestre,1,1,Positionnement,intermédiaire,1,1,Durabilité,moyenne,1,1,Stabilité,excellente,1,1,Temps de rodage,court,1,1
3464,CDM-6E1016,Jargar – Classic – Si – Medium – 4/4,Marque,Jargar,1,1,Modèle,Classic,1,1,Instrument,Contrebasse,1,1,Corde,Si,1,1,Taille,4/4,1,1,Tension,Medium,1,1,Attache,,0,1,Âme,,0,1,Filage,,0,1,Type produit,,0,1,Type pack,,0,1,Profil sonore,brillant,1,1,Complexité,pur,1,1,Puissance,puissant,1,1,Réponse,rapide,1,1,Usage,orchestre,1,1,Positionnement,intermédiaire,1,1,Durabilité,moyenne,1,1,Stabilité,excellente,1,1,Temps de rodage,court,1,1
3466,CDM-C10BC5,Pirastro – Chorda Orchestra – Sol – Medium,Marque,Pirastro,1,1,Modèle,Chorda Orchestra,1,1,Instrument,Contrebasse,1,1,Corde,Sol,1,1,Taille,,0,1,Tension,Medium,1,1,Attache,,0,1,Âme,,0,1,Filage,,0,1,Type produit,,0,1,Type pack,,0,1,Profil sonore,chaud,1,1,Complexité,complexe,1,1,Puissance,modéré,1,1,Réponse,douce,1,1,Usage,orchestre,1,1,Positionnement,premium,1,1,Durabilité,faible,1,1,Stabilité,faible,1,1,Temps de rodage,long,1,1
3468,CDM-FBFE8B,Pirastro – Chromcor Orchestra – Sol – Medium – 3/4,Marque,Pirastro,1,1,Modèle,Chromcor Orchestra,1,1,Instrument,Contrebasse,1,1,Corde,Sol,1,1,Taille,3/4,1,1,Tension,Medium,1,1,Attache,,0,1,Âme,,0,1,Filage,,0,1,Type produit,,0,1,Type pack,,0,1,Profil sonore,brillant,1,1,Complexité,pur,1,1,Puissance,modéré,1,1,Réponse,rapide,1,1,Usage,orchestre,1,1,Positionnement,entrée,1,1,Durabilité,élevée,1,1,Stabilité,excellente,1,1,Temps de rodage,court,1,1
3470,CDM-BFF711,Pirastro – Chromcor Orchestra – Ré – Medium – 3/4,Marque,Pirastro,1,1,Modèle,Chromcor Orchestra,1,1,Instrument,Contrebasse,1,1,Corde,Ré,1,1,Taille,3/4,1,1,Tension,Medium,1,1,Attache,,0,1,Âme,,0,1,Filage,,0,1,Type produit,,0,1,Type pack,,0,1,Profil sonore,brillant,1,1,Complexité,pur,1,1,Puissance,modéré,1,1,Réponse,rapide,1,1,Usage,orchestre,1,1,Positionnement,entrée,1,1,Durabilité,élevée,1,1,Stabilité,excellente,1,1,Temps de rodage,court,1,1
3472,CDM-2D34E3,Pirastro – Chromcor Orchestra – La – Medium – 3/4,Marque,Pirastro,1,1,Modèle,Chromcor Orchestra,1,1,Instrument,Contrebasse,1,1,Corde,La,1,1,Taille,3/4,1,1,Tension,Medium,1,1,Attache,,0,1,Âme,,0,1,Filage,,0,1,Type produit,,0,1,Type pack,,0,1,Profil sonore,brillant,1,1,Complexité,pur,1,1,Puissance,modéré,1,1,Réponse,rapide,1,1,Usage,orchestre,1,1,Positionnement,entrée,1,1,Durabilité,élevée,1,1,Stabilité,excellente,1,1,Temps de rodage,court,1,1
3474,CDM-D64D4F,Pirastro – Chromcor Orchestra – Mi – Medium – 3/4,Marque,Pirastro,1,1,Modèle,Chromcor Orchestra,1,1,Instrument,Contrebasse,1,1,Corde,Mi,1,1,Taille,3/4,1,1,Tension,Medium,1,1,Attache,,0,1,Âme,,0,1,Filage,,0,1,Type produit,,0,1,Type pack,,0,1,Profil sonore,brillant,1,1,Complexité,pur,1,1,Puissance,modéré,1,1,Réponse,rapide,1,1,Usage,orchestre,1,1,Positionnement,entrée,1,1,Durabilité,élevée,1,1,Stabilité,excellente,1,1,Temps de rodage,court,1,1
3476,CDM-804879,Pirastro – Eudoxa Orchestra Sol boyau/argent – Medium – 3/4,Marque,Pirastro,1,1,Modèle,Eudoxa Orchestra,1,1,Instrument,Contrebasse,1,1,Corde,,0,1,Taille,3/4,1,1,Tension,Medium,1,1,Attache,,0,1,Âme,boyau,1,1,Filage,argent,1,1,Type produit,,0,1,Type pack,,0,1,Profil sonore,chaud,1,1,Complexité,complexe,1,1,Puissance,modéré,1,1,Réponse,douce,1,1,Usage,orchestre,1,1,Positionnement,premium,1,1,Durabilité,faible,1,1,Stabilité,moyenne,1,1,Temps de rodage,long,1,1
3478,CDM-FAFF95,Pirastro – Eudoxa Orchestra Re boyau/argent – Medium – 3/4,Marque,Pirastro,1,1,Modèle,Eudoxa Orchestra,1,1,Instrument,Contrebasse,1,1,Corde,,0,1,Taille,3/4,1,1,Tension,Medium,1,1,Attache,,0,1,Âme,boyau,1,1,Filage,argent,1,1,Type produit,,0,1,Type pack,,0,1,Profil sonore,chaud,1,1,Complexité,complexe,1,1,Puissance,modéré,1,1,Réponse,douce,1,1,Usage,orchestre,1,1,Positionnement,premium,1,1,Durabilité,faible,1,1,Stabilité,moyenne,1,1,Temps de rodage,long,1,1
3480,CDM-0C437D,Pirastro – Eudoxa Orchestra La boyau/argent – Medium – 3/4,Marque,Pirastro,1,1,Modèle,Eudoxa Orchestra,1,1,Instrument,Contrebasse,1,1,Corde,,0,1,Taille,3/4,1,1,Tension,Medium,1,1,Attache,,0,1,Âme,boyau,1,1,Filage,argent,1,1,Type produit,,0,1,Type pack,,0,1,Profil sonore,chaud,1,1,Complexité,complexe,1,1,Puissance,modéré,1,1,Réponse,douce,1,1,Usage,orchestre,1,1,Positionnement,premium,1,1,Durabilité,faible,1,1,Stabilité,moyenne,1,1,Temps de rodage,long,1,1
3482,CDM-B138F6,Pirastro – Eudoxa Orchestra Mi boyau/argent – Medium – 3/4,Marque,Pirastro,1,1,Modèle,Eudoxa Orchestra,1,1,Instrument,Contrebasse,1,1,Corde,,0,1,Taille,3/4,1,1,Tension,Medium,1,1,Attache,,0,1,Âme,boyau,1,1,Filage,argent,1,1,Type produit,,0,1,Type pack,,0,1,Profil sonore,chaud,1,1,Complexité,complexe,1,1,Puissance,modéré,1,1,Réponse,douce,1,1,Usage,orchestre,1,1,Positionnement,premium,1,1,Durabilité,faible,1,1,Stabilité,moyenne,1,1,Temps de rodage,long,1,1
3484,CDM-5E3CD0,Pirastro – Eudoxa Orchestra Si boyau/argent – Medium – 3/4,Marque,Pirastro,1,1,Modèle,Eudoxa Orchestra,1,1,Instrument,Contrebasse,1,1,Corde,,0,1,Taille,3/4,1,1,Tension,Medium,1,1,Attache,,0,1,Âme,boyau,1,1,Filage,argent,1,1,Type produit,,0,1,Type pack,,0,1,Profil sonore,chaud,1,1,Complexité,complexe,1,1,Puissance,modéré,1,1,Réponse,douce,1,1,Usage,orchestre,1,1,Positionnement,premium,1,1,Durabilité,faible,1,1,Stabilité,moyenne,1,1,Temps de rodage,long,1,1
3486,CDM-A6E9B4,Pirastro – Evah Pirazzi Orchestra Sol 3/4 – Light – 3/4,Marque,Pirastro,1,1,Modèle,Evah Pirazzi Orchestra,1,1,Instrument,Contrebasse,1,1,Corde,,0,1,Taille,3/4,1,1,Tension,Light,1,1,Attache,,0,1,Âme,,0,1,Filage,,0,1,Type produit,,0,1,Type pack,,0,1,Profil sonore,brillant,1,1,Complexité,équilibré,1,1,Puissance,puissant,1,1,Réponse,rapide,1,1,Usage,orchestre,1,1,Positionnement,premium,1,1,Durabilité,élevée,1,1,Stabilité,excellente,1,1,Temps de rodage,court,1,1
3488,CDM-DA301C,Pirastro – Evah Pirazzi Orchestra – Sol – Medium – 3/4,Marque,Pirastro,1,1,Modèle,Evah Pirazzi Orchestra,1,1,Instrument,Contrebasse,1,1,Corde,Sol,1,1,Taille,3/4,1,1,Tension,Medium,1,1,Attache,,0,1,Âme,,0,1,Filage,,0,1,Type produit,,0,1,Type pack,,0,1,Profil sonore,brillant,1,1,Complexité,équilibré,1,1,Puissance,puissant,1,1,Réponse,rapide,1,1,Usage,orchestre,1,1,Positionnement,premium,1,1,Durabilité,élevée,1,1,Stabilité,excellente,1,1,Temps de rodage,court,1,1
3490,CDM-9FE921,Pirastro – Evah Pirazzi Orchestra Ré 3/4 – Light – 3/4,Marque,Pirastro,1,1,Modèle,Evah Pirazzi Orchestra,1,1,Instrument,Contrebasse,1,1,Corde,,0,1,Taille,3/4,1,1,Tension,Light,1,1,Attache,,0,1,Âme,,0,1,Filage,,0,1,Type produit,,0,1,Type pack,,0,1,Profil sonore,brillant,1,1,Complexité,équilibré,1,1,Puissance,puissant,1,1,Réponse,rapide,1,1,Usage,orchestre,1,1,Positionnement,premium,1,1,Durabilité,élevée,1,1,Stabilité,excellente,1,1,Temps de rodage,court,1,1
3492,CDM-21F8CF,Pirastro – Evah Pirazzi Orchestra – Ré – Medium – 3/4,Marque,Pirastro,1,1,Modèle,Evah Pirazzi Orchestra,1,1,Instrument,Contrebasse,1,1,Corde,Ré,1,1,Taille,3/4,1,1,Tension,Medium,1,1,Attache,,0,1,Âme,,0,1,Filage,,0,1,Type produit,,0,1,Type pack,,0,1,Profil sonore,brillant,1,1,Complexité,équilibré,1,1,Puissance,puissant,1,1,Réponse,rapide,1,1,Usage,orchestre,1,1,Positionnement,premium,1,1,Durabilité,élevée,1,1,Stabilité,excellente,1,1,Temps de rodage,court,1,1
3494,CDM-A964F3,Pirastro – Evah Pirazzi Orchestra La 3/4 – Light – 3/4,Marque,Pirastro,1,1,Modèle,Evah Pirazzi Orchestra,1,1,Instrument,Contrebasse,1,1,Corde,,0,1,Taille,3/4,1,1,Tension,Light,1,1,Attache,,0,1,Âme,,0,1,Filage,,0,1,Type produit,,0,1,Type pack,,0,1,Profil sonore,brillant,1,1,Complexité,équilibré,1,1,Puissance,puissant,1,1,Réponse,rapide,1,1,Usage,orchestre,1,1,Positionnement,premium,1,1,Durabilité,élevée,1,1,Stabilité,excellente,1,1,Temps de rodage,court,1,1
3496,CDM-65518C,Pirastro – Evah Pirazzi Orchestra – La – Medium – 3/4,Marque,Pirastro,1,1,Modèle,Evah Pirazzi Orchestra,1,1,Instrument,Contrebasse,1,1,Corde,La,1,1,Taille,3/4,1,1,Tension,Medium,1,1,Attache,,0,1,Âme,,0,1,Filage,,0,1,Type produit,,0,1,Type pack,,0,1,Profil sonore,brillant,1,1,Complexité,équilibré,1,1,Puissance,puissant,1,1,Réponse,rapide,1,1,Usage,orchestre,1,1,Positionnement,premium,1,1,Durabilité,élevée,1,1,Stabilité,excellente,1,1,Temps de rodage,court,1,1
3498,CDM-FC61B8,Pirastro – Evah Pirazzi Orchestra jeu – Light – 3/4,Marque,Pirastro,1,1,Modèle,Evah Pirazzi Orchestra,1,1,Instrument,Contrebasse,1,1,Corde,,0,1,Taille,3/4,1,1,Tension,Light,1,1,Attache,,0,1,Âme,,0,1,Filage,,0,1,Type produit,,0,1,Type pack,,0,1,Profil sonore,brillant,1,1,Complexité,équilibré,1,1,Puissance,puissant,1,1,Réponse,rapide,1,1,Usage,orchestre,1,1,Positionnement,premium,1,1,Durabilité,élevée,1,1,Stabilité,excellente,1,1,Temps de rodage,court,1,1
3500,CDM-D44604,Pirastro – Evah Pirazzi Orchestra Mi 3/4 – Light – 3/4,Marque,Pirastro,1,1,Modèle,Evah Pirazzi Orchestra,1,1,Instrument,Contrebasse,1,1,Corde,,0,1,Taille,3/4,1,1,Tension,Light,1,1,Attache,,0,1,Âme,,0,1,Filage,,0,1,Type produit,,0,1,Type pack,,0,1,Profil sonore,brillant,1,1,Complexité,équilibré,1,1,Puissance,puissant,1,1,Réponse,rapide,1,1,Usage,orchestre,1,1,Positionnement,premium,1,1,Durabilité,élevée,1,1,Stabilité,excellente,1,1,Temps de rodage,court,1,1
3502,CDM-3695D7,Pirastro – Evah Pirazzi Orchestra – Mi – Medium – 3/4,Marque,Pirastro,1,1,Modèle,Evah Pirazzi Orchestra,1,1,Instrument,Contrebasse,1,1,Corde,Mi,1,1,Taille,3/4,1,1,Tension,Medium,1,1,Attache,,0,1,Âme,,0,1,Filage,,0,1,Type produit,,0,1,Type pack,,0,1,Profil sonore,brillant,1,1,Complexité,équilibré,1,1,Puissance,puissant,1,1,Réponse,rapide,1,1,Usage,orchestre,1,1,Positionnement,premium,1,1,Durabilité,élevée,1,1,Stabilité,excellente,1,1,Temps de rodage,court,1,1
3504,CDM-14010D,"Pirastro – Evah Pirazzi Orchestra Mi Medium 2,10m – 3/4",Marque,Pirastro,1,1,Modèle,Evah Pirazzi Orchestra,1,1,Instrument,Contrebasse,1,1,Corde,,0,1,Taille,3/4,1,1,Tension,,0,1,Attache,,0,1,Âme,,0,1,Filage,,0,1,Type produit,,0,1,Type pack,,0,1,Profil sonore,brillant,1,1,Complexité,équilibré,1,1,Puissance,puissant,1,1,Réponse,rapide,1,1,Usage,orchestre,1,1,Positionnement,premium,1,1,Durabilité,élevée,1,1,Stabilité,excellente,1,1,Temps de rodage,court,1,1
3506,CDM-4ABC12,Pirastro – Evah Pirazzi Orchestra – Si – Medium – 3/4,Marque,Pirastro,1,1,Modèle,Evah Pirazzi Orchestra,1,1,Instrument,Contrebasse,1,1,Corde,Si,1,1,Taille,3/4,1,1,Tension,Medium,1,1,Attache,,0,1,Âme,,0,1,Filage,,0,1,Type produit,,0,1,Type pack,,0,1,Profil sonore,brillant,1,1,Complexité,équilibré,1,1,Puissance,puissant,1,1,Réponse,rapide,1,1,Usage,orchestre,1,1,Positionnement,premium,1,1,Durabilité,élevée,1,1,Stabilité,excellente,1,1,Temps de rodage,court,1,1
3508,CDM-537F66,Pirastro – Evah Pirazzi Slap Orchestra Sol synthétique/aluminium – Medium – 3/4,Marque,Pirastro,1,1,Modèle,Evah Pirazzi Slap Orchestra,1,1,Instrument,Contrebasse,1,1,Corde,,0,1,Taille,3/4,1,1,Tension,Medium,1,1,Attache,,0,1,Âme,,0,1,Filage,aluminium,1,1,Type produit,,0,1,Type pack,,0,1,Profil sonore,brillant,1,1,Complexité,pur,1,1,Puissance,puissant,1,1,Réponse,rapide,1,1,Usage,jazz,1,1,Positionnement,premium,1,1,Durabilité,élevée,1,1,Stabilité,bonne,1,1,Temps de rodage,court,1,1
3510,CDM-96576C,Pirastro – Evah Pirazzi Slap Orchestra Sol boyau – Medium – 3/4,Marque,Pirastro,1,1,Modèle,Evah Pirazzi Slap Orchestra,1,1,Instrument,Contrebasse,1,1,Corde,,0,1,Taille,3/4,1,1,Tension,Medium,1,1,Attache,,0,1,Âme,boyau,1,1,Filage,,0,1,Type produit,,0,1,Type pack,,0,1,Profil sonore,brillant,1,1,Complexité,pur,1,1,Puissance,puissant,1,1,Réponse,rapide,1,1,Usage,jazz,1,1,Positionnement,premium,1,1,Durabilité,élevée,1,1,Stabilité,bonne,1,1,Temps de rodage,court,1,1
3512,CDM-3A2F88,Pirastro – Evah Pirazzi Slap Orchestra Ré synthétique/acier chromé – Medium – 3/4,Marque,Pirastro,1,1,Modèle,Evah Pirazzi Slap Orchestra,1,1,Instrument,Contrebasse,1,1,Corde,Do,1,1,Taille,3/4,1,1,Tension,Medium,1,1,Attache,,0,1,Âme,acier,1,1,Filage,,0,1,Type produit,,0,1,Type pack,,0,1,Profil sonore,brillant,1,1,Complexité,pur,1,1,Puissance,puissant,1,1,Réponse,rapide,1,1,Usage,jazz,1,1,Positionnement,premium,1,1,Durabilité,élevée,1,1,Stabilité,bonne,1,1,Temps de rodage,court,1,1
3514,CDM-199181,Pirastro – Evah Pirazzi Slap Orchestra Ré boyau – Medium – 3/4,Marque,Pirastro,1,1,Modèle,Evah Pirazzi Slap Orchestra,1,1,Instrument,Contrebasse,1,1,Corde,,0,1,Taille,3/4,1,1,Tension,Medium,1,1,Attache,,0,1,Âme,boyau,1,1,Filage,,0,1,Type produit,,0,1,Type pack,,0,1,Profil sonore,brillant,1,1,Complexité,pur,1,1,Puissance,puissant,1,1,Réponse,rapide,1,1,Usage,jazz,1,1,Positionnement,premium,1,1,Durabilité,élevée,1,1,Stabilité,bonne,1,1,Temps de rodage,court,1,1
3516,CDM-747A18,Pirastro – Evah Pirazzi Slap Orchestra – La – Medium – 3/4,Marque,Pirastro,1,1,Modèle,Evah Pirazzi Slap Orchestra,1,1,Instrument,Contrebasse,1,1,Corde,La,1,1,Taille,3/4,1,1,Tension,Medium,1,1,Attache,,0,1,Âme,,0,1,Filage,,0,1,Type produit,,0,1,Type pack,,0,1,Profil sonore,brillant,1,1,Complexité,pur,1,1,Puissance,puissant,1,1,Réponse,rapide,1,1,Usage,jazz,1,1,Positionnement,premium,1,1,Durabilité,élevée,1,1,Stabilité,bonne,1,1,Temps de rodage,court,1,1
3518,CDM-AE0071,Pirastro – Evah Pirazzi Slap Orchestra – Mi – Medium – 3/4,Marque,Pirastro,1,1,Modèle,Evah Pirazzi Slap Orchestra,1,1,Instrument,Contrebasse,1,1,Corde,Mi,1,1,Taille,3/4,1,1,Tension,Medium,1,1,Attache,,0,1,Âme,,0,1,Filage,,0,1,Type produit,,0,1,Type pack,,0,1,Profil sonore,brillant,1,1,Complexité,pur,1,1,Puissance,puissant,1,1,Réponse,rapide,1,1,Usage,jazz,1,1,Positionnement,premium,1,1,Durabilité,élevée,1,1,Stabilité,bonne,1,1,Temps de rodage,court,1,1
3520,CDM-132BDD,Pirastro – Evah Pirazzi Soloist – La – Medium – 3/4,Marque,Pirastro,1,1,Modèle,Evah Pirazzi Soloist,1,1,Instrument,Contrebasse,1,1,Corde,La,1,1,Taille,3/4,1,1,Tension,Medium,1,1,Attache,,0,1,Âme,,0,1,Filage,,0,1,Type produit,,0,1,Type pack,,0,1,Profil sonore,brillant,1,1,Complexité,complexe,1,1,Puissance,puissant,1,1,Réponse,rapide,1,1,Usage,soliste,1,1,Positionnement,premium,1,1,Durabilité,élevée,1,1,Stabilité,excellente,1,1,Temps de rodage,court,1,1
3522,CDM-17DEBA,Pirastro – Evah Pirazzi Soloist – Mi – Medium – 3/4,Marque,Pirastro,1,1,Modèle,Evah Pirazzi Soloist,1,1,Instrument,Contrebasse,1,1,Corde,Mi,1,1,Taille,3/4,1,1,Tension,Medium,1,1,Attache,,0,1,Âme,,0,1,Filage,,0,1,Type produit,,0,1,Type pack,,0,1,Profil sonore,brillant,1,1,Complexité,complexe,1,1,Puissance,puissant,1,1,Réponse,rapide,1,1,Usage,soliste,1,1,Positionnement,premium,1,1,Durabilité,élevée,1,1,Stabilité,excellente,1,1,Temps de rodage,court,1,1
3524,CDM-4B4EB7,Pirastro – Evah Pirazzi Soloist – Si – Medium – 3/4,Marque,Pirastro,1,1,Modèle,Evah Pirazzi Soloist,1,1,Instrument,Contrebasse,1,1,Corde,Si,1,1,Taille,3/4,1,1,Tension,Medium,1,1,Attache,,0,1,Âme,,0,1,Filage,,0,1,Type produit,,0,1,Type pack,,0,1,Profil sonore,brillant,1,1,Complexité,complexe,1,1,Puissance,puissant,1,1,Réponse,rapide,1,1,Usage,soliste,1,1,Positionnement,premium,1,1,Durabilité,élevée,1,1,Stabilité,excellente,1,1,Temps de rodage,court,1,1
3526,CDM-C5F084,Pirastro – Evah Pirazzi Soloist – Fa dièse – Medium – 3/4,Marque,Pirastro,1,1,Modèle,Evah Pirazzi Soloist,1,1,Instrument,Contrebasse,1,1,Corde,Fa dièse,1,1,Taille,3/4,1,1,Tension,Medium,1,1,Attache,,0,1,Âme,,0,1,Filage,,0,1,Type produit,,0,1,Type pack,,0,1,Profil sonore,brillant,1,1,Complexité,complexe,1,1,Puissance,puissant,1,1,Réponse,rapide,1,1,Usage,soliste,1,1,Positionnement,premium,1,1,Durabilité,élevée,1,1,Stabilité,excellente,1,1,Temps de rodage,court,1,1
3528,CDM-57C8D4,Pirastro – Evah Pirazzi Soloist – Do – Medium – 3/4,Marque,Pirastro,1,1,Modèle,Evah Pirazzi Soloist,1,1,Instrument,Contrebasse,1,1,Corde,Do,1,1,Taille,3/4,1,1,Tension,Medium,1,1,Attache,,0,1,Âme,,0,1,Filage,,0,1,Type produit,,0,1,Type pack,,0,1,Profil sonore,brillant,1,1,Complexité,complexe,1,1,Puissance,puissant,1,1,Réponse,rapide,1,1,Usage,soliste,1,1,Positionnement,premium,1,1,Durabilité,élevée,1,1,Stabilité,excellente,1,1,Temps de rodage,court,1,1
3530,CDM-F3F511,Pirastro – Flat-Chromesteel Orchestra – Sol – Medium – 3/4,Marque,Pirastro,1,1,Modèle,Flat-Chromesteel Orchestra,1,1,Instrument,Contrebasse,1,1,Corde,Sol,1,1,Taille,3/4,1,1,Tension,Medium,1,1,Attache,,0,1,Âme,,0,1,Filage,,0,1,Type produit,,0,1,Type pack,,0,1,Profil sonore,brillant,1,1,Complexité,pur,1,1,Puissance,puissant,1,1,Réponse,rapide,1,1,Usage,orchestre,1,1,Positionnement,intermédiaire,1,1,Durabilité,élevée,1,1,Stabilité,excellente,1,1,Temps de rodage,court,1,1
3532,CDM-B07AE2,Pirastro – Flat-Chromesteel Orchestra – Ré – Medium – 3/4,Marque,Pirastro,1,1,Modèle,Flat-Chromesteel Orchestra,1,1,Instrument,Contrebasse,1,1,Corde,Ré,1,1,Taille,3/4,1,1,Tension,Medium,1,1,Attache,,0,1,Âme,,0,1,Filage,,0,1,Type produit,,0,1,Type pack,,0,1,Profil sonore,brillant,1,1,Complexité,pur,1,1,Puissance,puissant,1,1,Réponse,rapide,1,1,Usage,orchestre,1,1,Positionnement,intermédiaire,1,1,Durabilité,élevée,1,1,Stabilité,excellente,1,1,Temps de rodage,court,1,1
3534,CDM-97CE73,Pirastro – Flat-Chromesteel Orchestra – La – Medium – 3/4,Marque,Pirastro,1,1,Modèle,Flat-Chromesteel Orchestra,1,1,Instrument,Contrebasse,1,1,Corde,La,1,1,Taille,3/4,1,1,Tension,Medium,1,1,Attache,,0,1,Âme,,0,1,Filage,,0,1,Type produit,,0,1,Type pack,,0,1,Profil sonore,brillant,1,1,Complexité,pur,1,1,Puissance,puissant,1,1,Réponse,rapide,1,1,Usage,orchestre,1,1,Positionnement,intermédiaire,1,1,Durabilité,élevée,1,1,Stabilité,excellente,1,1,Temps de rodage,court,1,1
3536,CDM-4442CD,Pirastro – Flat-Chromesteel Orchestra – Mi – Medium – 3/4,Marque,Pirastro,1,1,Modèle,Flat-Chromesteel Orchestra,1,1,Instrument,Contrebasse,1,1,Corde,Mi,1,1,Taille,3/4,1,1,Tension,Medium,1,1,Attache,,0,1,Âme,,0,1,Filage,,0,1,Type produit,,0,1,Type pack,,0,1,Profil sonore,brillant,1,1,Complexité,pur,1,1,Puissance,puissant,1,1,Réponse,rapide,1,1,Usage,orchestre,1,1,Positionnement,intermédiaire,1,1,Durabilité,élevée,1,1,Stabilité,excellente,1,1,Temps de rodage,court,1,1
3538,CDM-10EA91,"Pirastro – Flat-Chromesteel Orchestra Mi Medium 2,1m – 3/4",Marque,Pirastro,1,1,Modèle,Flat-Chromesteel Orchestra,1,1,Instrument,Contrebasse,1,1,Corde,,0,1,Taille,3/4,1,1,Tension,,0,1,Attache,,0,1,Âme,,0,1,Filage,,0,1,Type produit,,0,1,Type pack,,0,1,Profil sonore,brillant,1,1,Complexité,pur,1,1,Puissance,puissant,1,1,Réponse,rapide,1,1,Usage,orchestre,1,1,Positionnement,intermédiaire,1,1,Durabilité,élevée,1,1,Stabilité,excellente,1,1,Temps de rodage,court,1,1
3540,CDM-A03CBE,Pirastro – Flat-Chromesteel Orchestra – Si – Medium – 3/4,Marque,Pirastro,1,1,Modèle,Flat-Chromesteel Orchestra,1,1,Instrument,Contrebasse,1,1,Corde,Si,1,1,Taille,3/4,1,1,Tension,Medium,1,1,Attache,,0,1,Âme,,0,1,Filage,,0,1,Type produit,,0,1,Type pack,,0,1,Profil sonore,brillant,1,1,Complexité,pur,1,1,Puissance,puissant,1,1,Réponse,rapide,1,1,Usage,orchestre,1,1,Positionnement,intermédiaire,1,1,Durabilité,élevée,1,1,Stabilité,excellente,1,1,Temps de rodage,court,1,1
3542,CDM-BB1C5E,Pirastro – Flat-Chromesteel Soloist – La – Medium – 3/4,Marque,Pirastro,1,1,Modèle,Flat-Chromesteel Soloist,1,1,Instrument,Contrebasse,1,1,Corde,La,1,1,Taille,3/4,1,1,Tension,Medium,1,1,Attache,,0,1,Âme,,0,1,Filage,,0,1,Type produit,,0,1,Type pack,,0,1,Profil sonore,brillant,1,1,Complexité,pur,1,1,Puissance,puissant,1,1,Réponse,rapide,1,1,Usage,soliste,1,1,Positionnement,intermédiaire,1,1,Durabilité,élevée,1,1,Stabilité,excellente,1,1,Temps de rodage,court,1,1
3544,CDM-F83949,Pirastro – Flat-Chromesteel Soloist – Mi – Medium – 3/4,Marque,Pirastro,1,1,Modèle,Flat-Chromesteel Soloist,1,1,Instrument,Contrebasse,1,1,Corde,Mi,1,1,Taille,3/4,1,1,Tension,Medium,1,1,Attache,,0,1,Âme,,0,1,Filage,,0,1,Type produit,,0,1,Type pack,,0,1,Profil sonore,brillant,1,1,Complexité,pur,1,1,Puissance,puissant,1,1,Réponse,rapide,1,1,Usage,soliste,1,1,Positionnement,intermédiaire,1,1,Durabilité,élevée,1,1,Stabilité,excellente,1,1,Temps de rodage,court,1,1
3546,CDM-01AAA7,Pirastro – Flat-Chromesteel Soloist – Si – Medium – 3/4,Marque,Pirastro,1,1,Modèle,Flat-Chromesteel Soloist,1,1,Instrument,Contrebasse,1,1,Corde,Si,1,1,Taille,3/4,1,1,Tension,Medium,1,1,Attache,,0,1,Âme,,0,1,Filage,,0,1,Type produit,,0,1,Type pack,,0,1,Profil sonore,brillant,1,1,Complexité,pur,1,1,Puissance,puissant,1,1,Réponse,rapide,1,1,Usage,soliste,1,1,Positionnement,intermédiaire,1,1,Durabilité,élevée,1,1,Stabilité,excellente,1,1,Temps de rodage,court,1,1
3549,CDM-0B366E,Pirastro – Flat-Chromesteel Soloist – Fa dièse – Medium – 3/4,Marque,Pirastro,1,1,Modèle,Flat-Chromesteel Soloist,1,1,Instrument,Contrebasse,1,1,Corde,Fa dièse,1,1,Taille,3/4,1,1,Tension,Medium,1,1,Attache,,0,1,Âme,,0,1,Filage,,0,1,Type produit,,0,1,Type pack,,0,1,Profil sonore,brillant,1,1,Complexité,pur,1,1,Puissance,puissant,1,1,Réponse,rapide,1,1,Usage,soliste,1,1,Positionnement,intermédiaire,1,1,Durabilité,élevée,1,1,Stabilité,excellente,1,1,Temps de rodage,court,1,1
3551,CDM-ECEF90,Pirastro – Flexocor Deluxe Orchestra – Sol – Medium – 3/4,Marque,Pirastro,1,1,Modèle,Flexocor Deluxe Orchestra,1,1,Instrument,Contrebasse,1,1,Corde,Sol,1,1,Taille,3/4,1,1,Tension,Medium,1,1,Attache,,0,1,Âme,,0,1,Filage,,0,1,Type produit,,0,1,Type pack,,0,1,Profil sonore,chaud,1,1,Complexité,complexe,1,1,Puissance,modéré,1,1,Réponse,rapide,1,1,Usage,orchestre,1,1,Positionnement,premium,1,1,Durabilité,élevée,1,1,Stabilité,bonne,1,1,Temps de rodage,court,1,1
3553,CDM-9975E8,Pirastro – Flexocor Deluxe Orchestra – Ré – Medium – 3/4,Marque,Pirastro,1,1,Modèle,Flexocor Deluxe Orchestra,1,1,Instrument,Contrebasse,1,1,Corde,Ré,1,1,Taille,3/4,1,1,Tension,Medium,1,1,Attache,,0,1,Âme,,0,1,Filage,,0,1,Type produit,,0,1,Type pack,,0,1,Profil sonore,chaud,1,1,Complexité,complexe,1,1,Puissance,modéré,1,1,Réponse,rapide,1,1,Usage,orchestre,1,1,Positionnement,premium,1,1,Durabilité,élevée,1,1,Stabilité,bonne,1,1,Temps de rodage,court,1,1
3555,CDM-2B2A1A,Pirastro – Flexocor Deluxe Orchestra – La – Medium – 3/4,Marque,Pirastro,1,1,Modèle,Flexocor Deluxe Orchestra,1,1,Instrument,Contrebasse,1,1,Corde,La,1,1,Taille,3/4,1,1,Tension,Medium,1,1,Attache,,0,1,Âme,,0,1,Filage,,0,1,Type produit,,0,1,Type pack,,0,1,Profil sonore,chaud,1,1,Complexité,complexe,1,1,Puissance,modéré,1,1,Réponse,rapide,1,1,Usage,orchestre,1,1,Positionnement,premium,1,1,Durabilité,élevée,1,1,Stabilité,bonne,1,1,Temps de rodage,court,1,1
3557,CDM-44A88B,Pirastro – Flexocor Deluxe Orchestra – Mi – Medium – 3/4,Marque,Pirastro,1,1,Modèle,Flexocor Deluxe Orchestra,1,1,Instrument,Contrebasse,1,1,Corde,Mi,1,1,Taille,3/4,1,1,Tension,Medium,1,1,Attache,,0,1,Âme,,0,1,Filage,,0,1,Type produit,,0,1,Type pack,,0,1,Profil sonore,chaud,1,1,Complexité,complexe,1,1,Puissance,modéré,1,1,Réponse,rapide,1,1,Usage,orchestre,1,1,Positionnement,premium,1,1,Durabilité,élevée,1,1,Stabilité,bonne,1,1,Temps de rodage,court,1,1
3559,CDM-8380E6,"Pirastro – Flexocor Deluxe Orchestra Mi Medium 2,10 m – 3/4",Marque,Pirastro,1,1,Modèle,Flexocor Deluxe Orchestra,1,1,Instrument,Contrebasse,1,1,Corde,,0,1,Taille,3/4,1,1,Tension,Medium,1,1,Attache,,0,1,Âme,,0,1,Filage,,0,1,Type produit,,0,1,Type pack,,0,1,Profil sonore,chaud,1,1,Complexité,complexe,1,1,Puissance,modéré,1,1,Réponse,rapide,1,1,Usage,orchestre,1,1,Positionnement,premium,1,1,Durabilité,élevée,1,1,Stabilité,bonne,1,1,Temps de rodage,court,1,1
3561,CDM-B7CE6A,Pirastro – Flexocor Deluxe Orchestra – Si – Medium – 3/4,Marque,Pirastro,1,1,Modèle,Flexocor Deluxe Orchestra,1,1,Instrument,Contrebasse,1,1,Corde,Si,1,1,Taille,3/4,1,1,Tension,Medium,1,1,Attache,,0,1,Âme,,0,1,Filage,,0,1,Type produit,,0,1,Type pack,,0,1,Profil sonore,chaud,1,1,Complexité,complexe,1,1,Puissance,modéré,1,1,Réponse,rapide,1,1,Usage,orchestre,1,1,Positionnement,premium,1,1,Durabilité,élevée,1,1,Stabilité,bonne,1,1,Temps de rodage,court,1,1
3563,CDM-E7B450,Pirastro – Flexocor Deluxe Soloist – La – Medium – 3/4,Marque,Pirastro,1,1,Modèle,Flexocor Deluxe Soloist,1,1,Instrument,Contrebasse,1,1,Corde,La,1,1,Taille,3/4,1,1,Tension,Medium,1,1,Attache,,0,1,Âme,,0,1,Filage,,0,1,Type produit,,0,1,Type pack,,0,1,Profil sonore,chaud,1,1,Complexité,complexe,1,1,Puissance,puissant,1,1,Réponse,rapide,1,1,Usage,soliste,1,1,Positionnement,premium,1,1,Durabilité,élevée,1,1,Stabilité,bonne,1,1,Temps de rodage,court,1,1
3564,CDM-7E88BB,Pirastro – Flexocor Orchestra – Sol – Medium,Marque,Pirastro,1,1,Modèle,Flexocor Orchestra,1,1,Instrument,Contrebasse,1,1,Corde,Sol,1,1,Taille,"1/2, 1/4, 4/4",1,1,Tension,Medium,1,1,Attache,,0,1,Âme,,0,1,Filage,,0,1,Type produit,,0,1,Type pack,,0,1,Profil sonore,chaud,1,1,Complexité,équilibré,1,1,Puissance,modéré,1,1,Réponse,rapide,1,1,Usage,orchestre,1,1,Positionnement,intermédiaire,1,1,Durabilité,élevée,1,1,Stabilité,bonne,1,1,Temps de rodage,court,1,1
3565,CDM-1D4427,Pirastro – Flexocor Orchestra – Ré – Medium,Marque,Pirastro,1,1,Modèle,Flexocor Orchestra,1,1,Instrument,Contrebasse,1,1,Corde,Ré,1,1,Taille,"1/2, 1/4, 4/4",1,1,Tension,Medium,1,1,Attache,,0,1,Âme,,0,1,Filage,,0,1,Type produit,,0,1,Type pack,,0,1,Profil sonore,chaud,1,1,Complexité,équilibré,1,1,Puissance,modéré,1,1,Réponse,rapide,1,1,Usage,orchestre,1,1,Positionnement,intermédiaire,1,1,Durabilité,élevée,1,1,Stabilité,bonne,1,1,Temps de rodage,court,1,1
3566,CDM-1FB179,Pirastro – Flexocor Orchestra – La – Medium,Marque,Pirastro,1,1,Modèle,Flexocor Orchestra,1,1,Instrument,Contrebasse,1,1,Corde,La,1,1,Taille,"1/2, 1/4, 4/4",1,1,Tension,Medium,1,1,Attache,,0,1,Âme,,0,1,Filage,,0,1,Type produit,,0,1,Type pack,,0,1,Profil sonore,chaud,1,1,Complexité,équilibré,1,1,Puissance,modéré,1,1,Réponse,rapide,1,1,Usage,orchestre,1,1,Positionnement,intermédiaire,1,1,Durabilité,élevée,1,1,Stabilité,bonne,1,1,Temps de rodage,court,1,1
3567,CDM-80D128,Pirastro – Flexocor Orchestra – Mi – Medium,Marque,Pirastro,1,1,Modèle,Flexocor Orchestra,1,1,Instrument,Contrebasse,1,1,Corde,Mi,1,1,Taille,"1/2, 1/4, 4/4",1,1,Tension,Medium,1,1,Attache,,0,1,Âme,,0,1,Filage,,0,1,Type produit,,0,1,Type pack,,0,1,Profil sonore,chaud,1,1,Complexité,équilibré,1,1,Puissance,modéré,1,1,Réponse,rapide,1,1,Usage,orchestre,1,1,Positionnement,intermédiaire,1,1,Durabilité,élevée,1,1,Stabilité,bonne,1,1,Temps de rodage,court,1,1
3569,CDM-70CA5A,Pirastro – Flexocor Deluxe Soloist – Mi – Medium – 3/4,Marque,Pirastro,1,1,Modèle,Flexocor Deluxe Soloist,1,1,Instrument,Contrebasse,1,1,Corde,Mi,1,1,Taille,3/4,1,1,Tension,Medium,1,1,Attache,,0,1,Âme,,0,1,Filage,,0,1,Type produit,,0,1,Type pack,,0,1,Profil sonore,chaud,1,1,Complexité,complexe,1,1,Puissance,puissant,1,1,Réponse,rapide,1,1,Usage,soliste,1,1,Positionnement,premium,1,1,Durabilité,élevée,1,1,Stabilité,bonne,1,1,Temps de rodage,court,1,1
3571,CDM-9191BF,Pirastro – Flexocor Deluxe Soloist – Si – Medium – 3/4,Marque,Pirastro,1,1,Modèle,Flexocor Deluxe Soloist,1,1,Instrument,Contrebasse,1,1,Corde,Si,1,1,Taille,3/4,1,1,Tension,Medium,1,1,Attache,,0,1,Âme,,0,1,Filage,,0,1,Type produit,,0,1,Type pack,,0,1,Profil sonore,chaud,1,1,Complexité,complexe,1,1,Puissance,puissant,1,1,Réponse,rapide,1,1,Usage,soliste,1,1,Positionnement,premium,1,1,Durabilité,élevée,1,1,Stabilité,bonne,1,1,Temps de rodage,court,1,1
3573,CDM-2CBA9C,Pirastro – Flexocor Deluxe Soloist – Fa dièse – Medium – 3/4,Marque,Pirastro,1,1,Modèle,Flexocor Deluxe Soloist,1,1,Instrument,Contrebasse,1,1,Corde,Fa dièse,1,1,Taille,3/4,1,1,Tension,Medium,1,1,Attache,,0,1,Âme,,0,1,Filage,,0,1,Type produit,,0,1,Type pack,,0,1,Profil sonore,chaud,1,1,Complexité,complexe,1,1,Puissance,puissant,1,1,Réponse,rapide,1,1,Usage,soliste,1,1,Positionnement,premium,1,1,Durabilité,élevée,1,1,Stabilité,bonne,1,1,Temps de rodage,court,1,1
3575,CDM-F98A56,Pirastro – Flexocor Deluxe Soloist Do alto – Medium – 3/4,Marque,Pirastro,1,1,Modèle,Flexocor Deluxe Soloist,1,1,Instrument,Contrebasse,1,1,Corde,,0,1,Taille,3/4,1,1,Tension,Medium,1,1,Attache,,0,1,Âme,,0,1,Filage,,0,1,Type produit,,0,1,Type pack,,0,1,Profil sonore,chaud,1,1,Complexité,complexe,1,1,Puissance,puissant,1,1,Réponse,rapide,1,1,Usage,soliste,1,1,Positionnement,premium,1,1,Durabilité,élevée,1,1,Stabilité,bonne,1,1,Temps de rodage,court,1,1
3577,CDM-963E27,Pirastro – Flexocor Orchestra – Mi – Light – 4/4,Marque,Pirastro,1,1,Modèle,Flexocor Orchestra,1,1,Instrument,Contrebasse,1,1,Corde,Mi,1,1,Taille,4/4,1,1,Tension,Light,1,1,Attache,,0,1,Âme,,0,1,Filage,,0,1,Type produit,,0,1,Type pack,,0,1,Profil sonore,chaud,1,1,Complexité,équilibré,1,1,Puissance,modéré,1,1,Réponse,rapide,1,1,Usage,orchestre,1,1,Positionnement,intermédiaire,1,1,Durabilité,élevée,1,1,Stabilité,bonne,1,1,Temps de rodage,court,1,1
3583,CDM-9AC466,Pirastro – Flexocor Orchestra Sol Medium 5/4,Marque,Pirastro,1,1,Modèle,Flexocor Orchestra,1,1,Instrument,Contrebasse,1,1,Corde,,0,1,Taille,,0,1,Tension,,0,1,Attache,,0,1,Âme,,0,1,Filage,,0,1,Type produit,,0,1,Type pack,,0,1,Profil sonore,chaud,1,1,Complexité,équilibré,1,1,Puissance,modéré,1,1,Réponse,rapide,1,1,Usage,orchestre,1,1,Positionnement,intermédiaire,1,1,Durabilité,élevée,1,1,Stabilité,bonne,1,1,Temps de rodage,court,1,1
3585,CDM-679CE8,Pirastro – Flexocor Orchestra – Sol – Light – 4/4,Marque,Pirastro,1,1,Modèle,Flexocor Orchestra,1,1,Instrument,Contrebasse,1,1,Corde,Sol,1,1,Taille,4/4,1,1,Tension,Light,1,1,Attache,,0,1,Âme,,0,1,Filage,,0,1,Type produit,,0,1,Type pack,,0,1,Profil sonore,chaud,1,1,Complexité,équilibré,1,1,Puissance,modéré,1,1,Réponse,rapide,1,1,Usage,orchestre,1,1,Positionnement,intermédiaire,1,1,Durabilité,élevée,1,1,Stabilité,bonne,1,1,Temps de rodage,court,1,1
3587,CDM-414E22,Pirastro – Flexocor Orchestra – Ré – Light – 4/4,Marque,Pirastro,1,1,Modèle,Flexocor Orchestra,1,1,Instrument,Contrebasse,1,1,Corde,Ré,1,1,Taille,4/4,1,1,Tension,Light,1,1,Attache,,0,1,Âme,,0,1,Filage,,0,1,Type produit,,0,1,Type pack,,0,1,Profil sonore,chaud,1,1,Complexité,équilibré,1,1,Puissance,modéré,1,1,Réponse,rapide,1,1,Usage,orchestre,1,1,Positionnement,intermédiaire,1,1,Durabilité,élevée,1,1,Stabilité,bonne,1,1,Temps de rodage,court,1,1
3597,CDM-E3204B,Pirastro – Flexocor Orchestra – La – Light – 4/4,Marque,Pirastro,1,1,Modèle,Flexocor Orchestra,1,1,Instrument,Contrebasse,1,1,Corde,La,1,1,Taille,4/4,1,1,Tension,Light,1,1,Attache,,0,1,Âme,,0,1,Filage,,0,1,Type produit,,0,1,Type pack,,0,1,Profil sonore,chaud,1,1,Complexité,équilibré,1,1,Puissance,modéré,1,1,Réponse,rapide,1,1,Usage,orchestre,1,1,Positionnement,intermédiaire,1,1,Durabilité,élevée,1,1,Stabilité,bonne,1,1,Temps de rodage,court,1,1
3603,CDM-C08953,"Pirastro – Flexocor Orchestra Mi Medium 2,10m – 4/4",Marque,Pirastro,1,1,Modèle,Flexocor Orchestra,1,1,Instrument,Contrebasse,1,1,Corde,,0,1,Taille,4/4,1,1,Tension,,0,1,Attache,,0,1,Âme,,0,1,Filage,,0,1,Type produit,,0,1,Type pack,,0,1,Profil sonore,chaud,1,1,Complexité,équilibré,1,1,Puissance,modéré,1,1,Réponse,rapide,1,1,Usage,orchestre,1,1,Positionnement,intermédiaire,1,1,Durabilité,élevée,1,1,Stabilité,bonne,1,1,Temps de rodage,court,1,1
3605,CDM-8CCE7A,Pirastro – Flexocor Orchestra – Si – Medium – 4/4,Marque,Pirastro,1,1,Modèle,Flexocor Orchestra,1,1,Instrument,Contrebasse,1,1,Corde,Si,1,1,Taille,4/4,1,1,Tension,Medium,1,1,Attache,,0,1,Âme,,0,1,Filage,,0,1,Type produit,,0,1,Type pack,,0,1,Profil sonore,chaud,1,1,Complexité,équilibré,1,1,Puissance,modéré,1,1,Réponse,rapide,1,1,Usage,orchestre,1,1,Positionnement,intermédiaire,1,1,Durabilité,élevée,1,1,Stabilité,bonne,1,1,Temps de rodage,court,1,1
3607,CDM-EB6C7A,Pirastro – Flexocor Soloist – La – Medium – 4/4,Marque,Pirastro,1,1,Modèle,Flexocor Soloist,1,1,Instrument,Contrebasse,1,1,Corde,La,1,1,Taille,4/4,1,1,Tension,Medium,1,1,Attache,,0,1,Âme,,0,1,Filage,,0,1,Type produit,,0,1,Type pack,,0,1,Profil sonore,chaud,1,1,Complexité,équilibré,1,1,Puissance,puissant,1,1,Réponse,rapide,1,1,Usage,soliste,1,1,Positionnement,intermédiaire,1,1,Durabilité,élevée,1,1,Stabilité,bonne,1,1,Temps de rodage,court,1,1
3609,CDM-446662,Pirastro – Flexocor Soloist – Mi – Medium – 4/4,Marque,Pirastro,1,1,Modèle,Flexocor Soloist,1,1,Instrument,Contrebasse,1,1,Corde,Mi,1,1,Taille,4/4,1,1,Tension,Medium,1,1,Attache,,0,1,Âme,,0,1,Filage,,0,1,Type produit,,0,1,Type pack,,0,1,Profil sonore,chaud,1,1,Complexité,équilibré,1,1,Puissance,puissant,1,1,Réponse,rapide,1,1,Usage,soliste,1,1,Positionnement,intermédiaire,1,1,Durabilité,élevée,1,1,Stabilité,bonne,1,1,Temps de rodage,court,1,1
3611,CDM-6F0320,Pirastro – Flexocor Soloist – Si – Medium – 4/4,Marque,Pirastro,1,1,Modèle,Flexocor Soloist,1,1,Instrument,Contrebasse,1,1,Corde,Si,1,1,Taille,4/4,1,1,Tension,Medium,1,1,Attache,,0,1,Âme,,0,1,Filage,,0,1,Type produit,,0,1,Type pack,,0,1,Profil sonore,chaud,1,1,Complexité,équilibré,1,1,Puissance,puissant,1,1,Réponse,rapide,1,1,Usage,soliste,1,1,Positionnement,intermédiaire,1,1,Durabilité,élevée,1,1,Stabilité,bonne,1,1,Temps de rodage,court,1,1
3612,CDM-FEDB78,Pirastro – Obligato Orchestra – Sol – Medium,Marque,Pirastro,1,1,Modèle,Obligato Orchestra,1,1,Instrument,Contrebasse,1,1,Corde,Sol,1,1,Taille,"1/2, 3/4",1,1,Tension,Medium,1,1,Attache,,0,1,Âme,,0,1,Filage,,0,1,Type produit,,0,1,Type pack,,0,1,Profil sonore,chaud,1,1,Complexité,complexe,1,1,Puissance,puissant,1,1,Réponse,rapide,1,1,Usage,orchestre,1,1,Positionnement,premium,1,1,Durabilité,élevée,1,1,Stabilité,excellente,1,1,Temps de rodage,court,1,1
3613,CDM-1A462C,Pirastro – Obligato Orchestra – Ré – Medium,Marque,Pirastro,1,1,Modèle,Obligato Orchestra,1,1,Instrument,Contrebasse,1,1,Corde,Ré,1,1,Taille,"1/2, 3/4",1,1,Tension,Medium,1,1,Attache,,0,1,Âme,,0,1,Filage,,0,1,Type produit,,0,1,Type pack,,0,1,Profil sonore,chaud,1,1,Complexité,complexe,1,1,Puissance,puissant,1,1,Réponse,rapide,1,1,Usage,orchestre,1,1,Positionnement,premium,1,1,Durabilité,élevée,1,1,Stabilité,excellente,1,1,Temps de rodage,court,1,1
3614,CDM-7DC07A,Pirastro – Obligato Orchestra – La – Medium,Marque,Pirastro,1,1,Modèle,Obligato Orchestra,1,1,Instrument,Contrebasse,1,1,Corde,La,1,1,Taille,"1/2, 3/4",1,1,Tension,Medium,1,1,Attache,,0,1,Âme,,0,1,Filage,,0,1,Type produit,,0,1,Type pack,,0,1,Profil sonore,chaud,1,1,Complexité,complexe,1,1,Puissance,puissant,1,1,Réponse,rapide,1,1,Usage,orchestre,1,1,Positionnement,premium,1,1,Durabilité,élevée,1,1,Stabilité,excellente,1,1,Temps de rodage,court,1,1
3615,CDM-B3ED88,Pirastro – Obligato Orchestra – Mi – Medium,Marque,Pirastro,1,1,Modèle,Obligato Orchestra,1,1,Instrument,Contrebasse,1,1,Corde,Mi,1,1,Taille,"1/2, 3/4",1,1,Tension,Medium,1,1,Attache,,0,1,Âme,,0,1,Filage,,0,1,Type produit,,0,1,Type pack,,0,1,Profil sonore,chaud,1,1,Complexité,complexe,1,1,Puissance,puissant,1,1,Réponse,rapide,1,1,Usage,orchestre,1,1,Positionnement,premium,1,1,Durabilité,élevée,1,1,Stabilité,excellente,1,1,Temps de rodage,court,1,1
3617,CDM-57BC62,Pirastro – Flexocor Soloist – Fa dièse – Medium – 4/4,Marque,Pirastro,1,1,Modèle,Flexocor Soloist,1,1,Instrument,Contrebasse,1,1,Corde,Fa dièse,1,1,Taille,4/4,1,1,Tension,Medium,1,1,Attache,,0,1,Âme,,0,1,Filage,,0,1,Type produit,,0,1,Type pack,,0,1,Profil sonore,chaud,1,1,Complexité,équilibré,1,1,Puissance,puissant,1,1,Réponse,rapide,1,1,Usage,soliste,1,1,Positionnement,intermédiaire,1,1,Durabilité,élevée,1,1,Stabilité,bonne,1,1,Temps de rodage,court,1,1
3619,CDM-FB211F,Pirastro – Flexocor Soloist Do alto – Medium,Marque,Pirastro,1,1,Modèle,Flexocor Soloist,1,1,Instrument,Contrebasse,1,1,Corde,,0,1,Taille,,0,1,Tension,Medium,1,1,Attache,,0,1,Âme,,0,1,Filage,,0,1,Type produit,,0,1,Type pack,,0,1,Profil sonore,chaud,1,1,Complexité,équilibré,1,1,Puissance,puissant,1,1,Réponse,rapide,1,1,Usage,soliste,1,1,Positionnement,intermédiaire,1,1,Durabilité,élevée,1,1,Stabilité,bonne,1,1,Temps de rodage,court,1,1
3633,CDM-F73977,Pirastro – Obligato Orchestra – Si – Medium – 3/4,Marque,Pirastro,1,1,Modèle,Obligato Orchestra,1,1,Instrument,Contrebasse,1,1,Corde,Si,1,1,Taille,3/4,1,1,Tension,Medium,1,1,Attache,,0,1,Âme,,0,1,Filage,,0,1,Type produit,,0,1,Type pack,,0,1,Profil sonore,chaud,1,1,Complexité,complexe,1,1,Puissance,puissant,1,1,Réponse,rapide,1,1,Usage,orchestre,1,1,Positionnement,premium,1,1,Durabilité,élevée,1,1,Stabilité,excellente,1,1,Temps de rodage,court,1,1
3635,CDM-9E2289,Pirastro – Obligato Soloist – La – Medium – 3/4,Marque,Pirastro,1,1,Modèle,Obligato Soloist,1,1,Instrument,Contrebasse,1,1,Corde,La,1,1,Taille,3/4,1,1,Tension,Medium,1,1,Attache,,0,1,Âme,,0,1,Filage,,0,1,Type produit,,0,1,Type pack,,0,1,Profil sonore,chaud,1,1,Complexité,complexe,1,1,Puissance,puissant,1,1,Réponse,rapide,1,1,Usage,soliste,1,1,Positionnement,premium,1,1,Durabilité,élevée,1,1,Stabilité,excellente,1,1,Temps de rodage,court,1,1
3637,CDM-D4986D,Pirastro – Obligato Soloist – Mi – Medium – 3/4,Marque,Pirastro,1,1,Modèle,Obligato Soloist,1,1,Instrument,Contrebasse,1,1,Corde,Mi,1,1,Taille,3/4,1,1,Tension,Medium,1,1,Attache,,0,1,Âme,,0,1,Filage,,0,1,Type produit,,0,1,Type pack,,0,1,Profil sonore,chaud,1,1,Complexité,complexe,1,1,Puissance,puissant,1,1,Réponse,rapide,1,1,Usage,soliste,1,1,Positionnement,premium,1,1,Durabilité,élevée,1,1,Stabilité,excellente,1,1,Temps de rodage,court,1,1
3639,CDM-12831C,Pirastro – Obligato Soloist – Si – Medium – 3/4,Marque,Pirastro,1,1,Modèle,Obligato Soloist,1,1,Instrument,Contrebasse,1,1,Corde,Si,1,1,Taille,3/4,1,1,Tension,Medium,1,1,Attache,,0,1,Âme,,0,1,Filage,,0,1,Type produit,,0,1,Type pack,,0,1,Profil sonore,chaud,1,1,Complexité,complexe,1,1,Puissance,puissant,1,1,Réponse,rapide,1,1,Usage,soliste,1,1,Positionnement,premium,1,1,Durabilité,élevée,1,1,Stabilité,excellente,1,1,Temps de rodage,court,1,1
3641,CDM-C0BDD3,Pirastro – Obligato Soloist – Fa dièse – Medium – 3/4,Marque,Pirastro,1,1,Modèle,Obligato Soloist,1,1,Instrument,Contrebasse,1,1,Corde,Fa dièse,1,1,Taille,3/4,1,1,Tension,Medium,1,1,Attache,,0,1,Âme,,0,1,Filage,,0,1,Type produit,,0,1,Type pack,,0,1,Profil sonore,chaud,1,1,Complexité,complexe,1,1,Puissance,puissant,1,1,Réponse,rapide,1,1,Usage,soliste,1,1,Positionnement,premium,1,1,Durabilité,élevée,1,1,Stabilité,excellente,1,1,Temps de rodage,court,1,1
3643,CDM-585E1F,Pirastro – Obligato Soloist Do haut – Medium – 3/4,Marque,Pirastro,1,1,Modèle,Obligato Soloist,1,1,Instrument,Contrebasse,1,1,Corde,Do,1,1,Taille,3/4,1,1,Tension,Medium,1,1,Attache,,0,1,Âme,,0,1,Filage,,0,1,Type produit,,0,1,Type pack,,0,1,Profil sonore,chaud,1,1,Complexité,complexe,1,1,Puissance,puissant,1,1,Réponse,rapide,1,1,Usage,soliste,1,1,Positionnement,premium,1,1,Durabilité,élevée,1,1,Stabilité,excellente,1,1,Temps de rodage,court,1,1
3645,CDM-B80335,Pirastro – Oliv Orchestra – Sol – Medium,Marque,Pirastro,1,1,Modèle,Oliv Orchestra,1,1,Instrument,Contrebasse,1,1,Corde,Sol,1,1,Taille,,0,1,Tension,Medium,1,1,Attache,,0,1,Âme,,0,1,Filage,,0,1,Type produit,,0,1,Type pack,,0,1,Profil sonore,chaud,1,1,Complexité,complexe,1,1,Puissance,modéré,1,1,Réponse,douce,1,1,Usage,orchestre,1,1,Positionnement,premium,1,1,Durabilité,faible,1,1,Stabilité,moyenne,1,1,Temps de rodage,long,1,1
3647,CDM-9C753A,Pirastro – Oliv Orchestra – Ré – Medium,Marque,Pirastro,1,1,Modèle,Oliv Orchestra,1,1,Instrument,Contrebasse,1,1,Corde,Ré,1,1,Taille,,0,1,Tension,Medium,1,1,Attache,,0,1,Âme,,0,1,Filage,,0,1,Type produit,,0,1,Type pack,,0,1,Profil sonore,chaud,1,1,Complexité,complexe,1,1,Puissance,modéré,1,1,Réponse,douce,1,1,Usage,orchestre,1,1,Positionnement,premium,1,1,Durabilité,faible,1,1,Stabilité,moyenne,1,1,Temps de rodage,long,1,1
3649,CDM-1615FE,Pirastro – Oliv Orchestra – La – Medium,Marque,Pirastro,1,1,Modèle,Oliv Orchestra,1,1,Instrument,Contrebasse,1,1,Corde,La,1,1,Taille,,0,1,Tension,Medium,1,1,Attache,,0,1,Âme,,0,1,Filage,,0,1,Type produit,,0,1,Type pack,,0,1,Profil sonore,chaud,1,1,Complexité,complexe,1,1,Puissance,modéré,1,1,Réponse,douce,1,1,Usage,orchestre,1,1,Positionnement,premium,1,1,Durabilité,faible,1,1,Stabilité,moyenne,1,1,Temps de rodage,long,1,1
3651,CDM-BD6FBA,Pirastro – Oliv Orchestra – Mi – Medium,Marque,Pirastro,1,1,Modèle,Oliv Orchestra,1,1,Instrument,Contrebasse,1,1,Corde,Mi,1,1,Taille,,0,1,Tension,Medium,1,1,Attache,,0,1,Âme,,0,1,Filage,,0,1,Type produit,,0,1,Type pack,,0,1,Profil sonore,chaud,1,1,Complexité,complexe,1,1,Puissance,modéré,1,1,Réponse,douce,1,1,Usage,orchestre,1,1,Positionnement,premium,1,1,Durabilité,faible,1,1,Stabilité,moyenne,1,1,Temps de rodage,long,1,1
3653,CDM-10B99B,Pirastro – Oliv Orchestra – Si – Medium,Marque,Pirastro,1,1,Modèle,Oliv Orchestra,1,1,Instrument,Contrebasse,1,1,Corde,Si,1,1,Taille,,0,1,Tension,Medium,1,1,Attache,,0,1,Âme,,0,1,Filage,,0,1,Type produit,,0,1,Type pack,,0,1,Profil sonore,chaud,1,1,Complexité,complexe,1,1,Puissance,modéré,1,1,Réponse,douce,1,1,Usage,orchestre,1,1,Positionnement,premium,1,1,Durabilité,faible,1,1,Stabilité,moyenne,1,1,Temps de rodage,long,1,1
3655,CDM-B3C1F6,Pirastro – Original Flat-Chrome Orchestra – Sol – Medium – 3/4,Marque,Pirastro,1,1,Modèle,Original Flat-Chrome Orchestra,1,1,Instrument,Contrebasse,1,1,Corde,Sol,1,1,Taille,3/4,1,1,Tension,Medium,1,1,Attache,,0,1,Âme,,0,1,Filage,,0,1,Type produit,,0,1,Type pack,,0,1,Profil sonore,brillant,1,1,Complexité,pur,1,1,Puissance,modéré,1,1,Réponse,rapide,1,1,Usage,orchestre,1,1,Positionnement,entrée,1,1,Durabilité,élevée,1,1,Stabilité,excellente,1,1,Temps de rodage,court,1,1
3657,CDM-0C4F3B,Pirastro – Original Flat-Chrome Orchestra – Ré – Medium – 3/4,Marque,Pirastro,1,1,Modèle,Original Flat-Chrome Orchestra,1,1,Instrument,Contrebasse,1,1,Corde,Ré,1,1,Taille,3/4,1,1,Tension,Medium,1,1,Attache,,0,1,Âme,,0,1,Filage,,0,1,Type produit,,0,1,Type pack,,0,1,Profil sonore,brillant,1,1,Complexité,pur,1,1,Puissance,modéré,1,1,Réponse,rapide,1,1,Usage,orchestre,1,1,Positionnement,entrée,1,1,Durabilité,élevée,1,1,Stabilité,excellente,1,1,Temps de rodage,court,1,1
3659,CDM-55847D,Pirastro – Original Flat-Chrome Orchestra – La – Medium – 3/4,Marque,Pirastro,1,1,Modèle,Original Flat-Chrome Orchestra,1,1,Instrument,Contrebasse,1,1,Corde,La,1,1,Taille,3/4,1,1,Tension,Medium,1,1,Attache,,0,1,Âme,,0,1,Filage,,0,1,Type produit,,0,1,Type pack,,0,1,Profil sonore,brillant,1,1,Complexité,pur,1,1,Puissance,modéré,1,1,Réponse,rapide,1,1,Usage,orchestre,1,1,Positionnement,entrée,1,1,Durabilité,élevée,1,1,Stabilité,excellente,1,1,Temps de rodage,court,1,1
3661,CDM-30DF9E,Pirastro – Original Flat-Chrome Orchestra – Mi – Medium – 3/4,Marque,Pirastro,1,1,Modèle,Original Flat-Chrome Orchestra,1,1,Instrument,Contrebasse,1,1,Corde,Mi,1,1,Taille,3/4,1,1,Tension,Medium,1,1,Attache,,0,1,Âme,,0,1,Filage,,0,1,Type produit,,0,1,Type pack,,0,1,Profil sonore,brillant,1,1,Complexité,pur,1,1,Puissance,modéré,1,1,Réponse,rapide,1,1,Usage,orchestre,1,1,Positionnement,entrée,1,1,Durabilité,élevée,1,1,Stabilité,excellente,1,1,Temps de rodage,court,1,1
3664,CDM-C9A43C,"Pirastro – Original Flat-Chrome Orchestra Mi Medium 2,10m – 3/4",Marque,Pirastro,1,1,Modèle,Original Flat-Chrome Orchestra,1,1,Instrument,Contrebasse,1,1,Corde,Mi,1,1,Taille,3/4,1,1,Tension,Medium,1,1,Attache,,0,1,Âme,,0,1,Filage,,0,1,Type produit,,0,1,Type pack,,0,1,Profil sonore,brillant,1,1,Complexité,pur,1,1,Puissance,modéré,1,1,Réponse,rapide,1,1,Usage,orchestre,1,1,Positionnement,entrée,1,1,Durabilité,élevée,1,1,Stabilité,excellente,1,1,Temps de rodage,court,1,1
3666,CDM-821518,Pirastro – Original Flat-Chrome Orchestra – Si – Medium – 3/4,Marque,Pirastro,1,1,Modèle,Original Flat-Chrome Orchestra,1,1,Instrument,Contrebasse,1,1,Corde,Si,1,1,Taille,3/4,1,1,Tension,Medium,1,1,Attache,,0,1,Âme,,0,1,Filage,,0,1,Type produit,,0,1,Type pack,,0,1,Profil sonore,brillant,1,1,Complexité,pur,1,1,Puissance,modéré,1,1,Réponse,rapide,1,1,Usage,orchestre,1,1,Positionnement,entrée,1,1,Durabilité,élevée,1,1,Stabilité,excellente,1,1,Temps de rodage,court,1,1
3668,CDM-6BB1B0,Pirastro – Original Flat-Chrome Soloist – La – Medium – 3/4,Marque,Pirastro,1,1,Modèle,Original Flat-Chrome Soloist,1,1,Instrument,Contrebasse,1,1,Corde,La,1,1,Taille,3/4,1,1,Tension,Medium,1,1,Attache,,0,1,Âme,,0,1,Filage,,0,1,Type produit,,0,1,Type pack,,0,1,Profil sonore,brillant,1,1,Complexité,pur,1,1,Puissance,puissant,1,1,Réponse,rapide,1,1,Usage,soliste,1,1,Positionnement,entrée,1,1,Durabilité,élevée,1,1,Stabilité,excellente,1,1,Temps de rodage,court,1,1
3670,CDM-B0F923,Pirastro – Original Flat-Chrome Soloist – Mi – Medium – 3/4,Marque,Pirastro,1,1,Modèle,Original Flat-Chrome Soloist,1,1,Instrument,Contrebasse,1,1,Corde,Mi,1,1,Taille,3/4,1,1,Tension,Medium,1,1,Attache,,0,1,Âme,,0,1,Filage,,0,1,Type produit,,0,1,Type pack,,0,1,Profil sonore,brillant,1,1,Complexité,pur,1,1,Puissance,puissant,1,1,Réponse,rapide,1,1,Usage,soliste,1,1,Positionnement,entrée,1,1,Durabilité,élevée,1,1,Stabilité,excellente,1,1,Temps de rodage,court,1,1
3672,CDM-20E12C,Pirastro – Original Flat-Chrome Soloist – Si – Medium – 3/4,Marque,Pirastro,1,1,Modèle,Original Flat-Chrome Soloist,1,1,Instrument,Contrebasse,1,1,Corde,Si,1,1,Taille,3/4,1,1,Tension,Medium,1,1,Attache,,0,1,Âme,,0,1,Filage,,0,1,Type produit,,0,1,Type pack,,0,1,Profil sonore,brillant,1,1,Complexité,pur,1,1,Puissance,puissant,1,1,Réponse,rapide,1,1,Usage,soliste,1,1,Positionnement,entrée,1,1,Durabilité,élevée,1,1,Stabilité,excellente,1,1,Temps de rodage,court,1,1
3674,CDM-B9951D,Pirastro – Original Flat-Chrome Soloist – Fa dièse – Medium – 3/4,Marque,Pirastro,1,1,Modèle,Original Flat-Chrome Soloist,1,1,Instrument,Contrebasse,1,1,Corde,Fa dièse,1,1,Taille,3/4,1,1,Tension,Medium,1,1,Attache,,0,1,Âme,,0,1,Filage,,0,1,Type produit,,0,1,Type pack,,0,1,Profil sonore,brillant,1,1,Complexité,pur,1,1,Puissance,puissant,1,1,Réponse,rapide,1,1,Usage,soliste,1,1,Positionnement,entrée,1,1,Durabilité,élevée,1,1,Stabilité,excellente,1,1,Temps de rodage,court,1,1
3676,CDM-2043E8,Pirastro – Original-Flexocor Orchestra – Sol – Medium – 3/4,Marque,Pirastro,1,1,Modèle,Original-Flexocor Orchestra,1,1,Instrument,Contrebasse,1,1,Corde,Sol,1,1,Taille,3/4,1,1,Tension,Medium,1,1,Attache,,0,1,Âme,,0,1,Filage,,0,1,Type produit,,0,1,Type pack,,0,1,Profil sonore,chaud,1,1,Complexité,équilibré,1,1,Puissance,modéré,1,1,Réponse,rapide,1,1,Usage,orchestre,1,1,Positionnement,intermédiaire,1,1,Durabilité,élevée,1,1,Stabilité,bonne,1,1,Temps de rodage,court,1,1
3678,CDM-57EF80,Pirastro – Original-Flexocor Orchestra – Ré – Medium – 3/4,Marque,Pirastro,1,1,Modèle,Original-Flexocor Orchestra,1,1,Instrument,Contrebasse,1,1,Corde,Ré,1,1,Taille,3/4,1,1,Tension,Medium,1,1,Attache,,0,1,Âme,,0,1,Filage,,0,1,Type produit,,0,1,Type pack,,0,1,Profil sonore,chaud,1,1,Complexité,équilibré,1,1,Puissance,modéré,1,1,Réponse,rapide,1,1,Usage,orchestre,1,1,Positionnement,intermédiaire,1,1,Durabilité,élevée,1,1,Stabilité,bonne,1,1,Temps de rodage,court,1,1
3680,CDM-A6B78F,Pirastro – Original-Flexocor Orchestra – La – Medium – 3/4,Marque,Pirastro,1,1,Modèle,Original-Flexocor Orchestra,1,1,Instrument,Contrebasse,1,1,Corde,La,1,1,Taille,3/4,1,1,Tension,Medium,1,1,Attache,,0,1,Âme,,0,1,Filage,,0,1,Type produit,,0,1,Type pack,,0,1,Profil sonore,chaud,1,1,Complexité,équilibré,1,1,Puissance,modéré,1,1,Réponse,rapide,1,1,Usage,orchestre,1,1,Positionnement,intermédiaire,1,1,Durabilité,élevée,1,1,Stabilité,bonne,1,1,Temps de rodage,court,1,1
3682,CDM-FD4343,Pirastro – Original-Flexocor Orchestra – Mi – Medium – 3/4,Marque,Pirastro,1,1,Modèle,Original-Flexocor Orchestra,1,1,Instrument,Contrebasse,1,1,Corde,Mi,1,1,Taille,3/4,1,1,Tension,Medium,1,1,Attache,,0,1,Âme,,0,1,Filage,,0,1,Type produit,,0,1,Type pack,,0,1,Profil sonore,chaud,1,1,Complexité,équilibré,1,1,Puissance,modéré,1,1,Réponse,rapide,1,1,Usage,orchestre,1,1,Positionnement,intermédiaire,1,1,Durabilité,élevée,1,1,Stabilité,bonne,1,1,Temps de rodage,court,1,1
3684,CDM-4A27C1,"Pirastro – Original-Flexocor Orchestra Mi Medium 2,10m – 3/4",Marque,Pirastro,1,1,Modèle,Original-Flexocor Orchestra,1,1,Instrument,Contrebasse,1,1,Corde,Mi,1,1,Taille,3/4,1,1,Tension,Medium,1,1,Attache,,0,1,Âme,,0,1,Filage,,0,1,Type produit,,0,1,Type pack,,0,1,Profil sonore,chaud,1,1,Complexité,équilibré,1,1,Puissance,modéré,1,1,Réponse,rapide,1,1,Usage,orchestre,1,1,Positionnement,intermédiaire,1,1,Durabilité,élevée,1,1,Stabilité,bonne,1,1,Temps de rodage,court,1,1
3686,CDM-9E8FDA,Pirastro – Original-Flexocor Orchestra – Si – Medium – 3/4,Marque,Pirastro,1,1,Modèle,Original-Flexocor Orchestra,1,1,Instrument,Contrebasse,1,1,Corde,Si,1,1,Taille,3/4,1,1,Tension,Medium,1,1,Attache,,0,1,Âme,,0,1,Filage,,0,1,Type produit,,0,1,Type pack,,0,1,Profil sonore,chaud,1,1,Complexité,équilibré,1,1,Puissance,modéré,1,1,Réponse,rapide,1,1,Usage,orchestre,1,1,Positionnement,intermédiaire,1,1,Durabilité,élevée,1,1,Stabilité,bonne,1,1,Temps de rodage,court,1,1
3688,CDM-E0F68E,Pirastro – Passione High Solo Do alt 3/4 – Medium – 3/4,Marque,Pirastro,1,1,Modèle,Passione,1,1,Instrument,Contrebasse,1,1,Corde,Do,1,1,Taille,3/4,1,1,Tension,Medium,1,1,Attache,,0,1,Âme,,0,1,Filage,,0,1,Type produit,,0,1,Type pack,,0,1,Profil sonore,chaud,1,1,Complexité,complexe,1,1,Puissance,modéré,1,1,Réponse,rapide,1,1,Usage,soliste,1,1,Positionnement,premium,1,1,Durabilité,moyenne,1,1,Stabilité,bonne,1,1,Temps de rodage,moyen,1,1
3690,CDM-38174C,Pirastro – Passione Orchestra – Sol – Heavy – 3/4,Marque,Pirastro,1,1,Modèle,Passione Orchestra,1,1,Instrument,Contrebasse,1,1,Corde,Sol,1,1,Taille,3/4,1,1,Tension,Heavy,1,1,Attache,,0,1,Âme,,0,1,Filage,,0,1,Type produit,,0,1,Type pack,,0,1,Profil sonore,chaud,1,1,Complexité,complexe,1,1,Puissance,modéré,1,1,Réponse,rapide,1,1,Usage,orchestre,1,1,Positionnement,premium,1,1,Durabilité,moyenne,1,1,Stabilité,bonne,1,1,Temps de rodage,moyen,1,1
3692,CDM-FE985A,Pirastro – Passione Orchestra – Sol – Medium – 3/4,Marque,Pirastro,1,1,Modèle,Passione Orchestra,1,1,Instrument,Contrebasse,1,1,Corde,Sol,1,1,Taille,3/4,1,1,Tension,Medium,1,1,Attache,,0,1,Âme,,0,1,Filage,,0,1,Type produit,,0,1,Type pack,,0,1,Profil sonore,chaud,1,1,Complexité,complexe,1,1,Puissance,modéré,1,1,Réponse,rapide,1,1,Usage,orchestre,1,1,Positionnement,premium,1,1,Durabilité,moyenne,1,1,Stabilité,bonne,1,1,Temps de rodage,moyen,1,1
3694,CDM-BB0504,Pirastro – Passione Orchestra – Ré – Heavy – 3/4,Marque,Pirastro,1,1,Modèle,Passione Orchestra,1,1,Instrument,Contrebasse,1,1,Corde,Ré,1,1,Taille,3/4,1,1,Tension,Heavy,1,1,Attache,,0,1,Âme,,0,1,Filage,,0,1,Type produit,,0,1,Type pack,,0,1,Profil sonore,chaud,1,1,Complexité,complexe,1,1,Puissance,modéré,1,1,Réponse,rapide,1,1,Usage,orchestre,1,1,Positionnement,premium,1,1,Durabilité,moyenne,1,1,Stabilité,bonne,1,1,Temps de rodage,moyen,1,1
3696,CDM-AB4FBA,Pirastro – Passione Orchestra – Ré – Medium – 3/4,Marque,Pirastro,1,1,Modèle,Passione Orchestra,1,1,Instrument,Contrebasse,1,1,Corde,Ré,1,1,Taille,3/4,1,1,Tension,Medium,1,1,Attache,,0,1,Âme,,0,1,Filage,,0,1,Type produit,,0,1,Type pack,,0,1,Profil sonore,chaud,1,1,Complexité,complexe,1,1,Puissance,modéré,1,1,Réponse,rapide,1,1,Usage,orchestre,1,1,Positionnement,premium,1,1,Durabilité,moyenne,1,1,Stabilité,bonne,1,1,Temps de rodage,moyen,1,1
3698,CDM-9B2D5C,Pirastro – Passione Orchestra – La – Heavy – 3/4,Marque,Pirastro,1,1,Modèle,Passione Orchestra,1,1,Instrument,Contrebasse,1,1,Corde,La,1,1,Taille,3/4,1,1,Tension,Heavy,1,1,Attache,,0,1,Âme,,0,1,Filage,,0,1,Type produit,,0,1,Type pack,,0,1,Profil sonore,chaud,1,1,Complexité,complexe,1,1,Puissance,modéré,1,1,Réponse,rapide,1,1,Usage,orchestre,1,1,Positionnement,premium,1,1,Durabilité,moyenne,1,1,Stabilité,bonne,1,1,Temps de rodage,moyen,1,1
3700,CDM-BB3F4D,Pirastro – Passione Orchestra – La – Medium – 3/4,Marque,Pirastro,1,1,Modèle,Passione Orchestra,1,1,Instrument,Contrebasse,1,1,Corde,La,1,1,Taille,3/4,1,1,Tension,Medium,1,1,Attache,,0,1,Âme,,0,1,Filage,,0,1,Type produit,,0,1,Type pack,,0,1,Profil sonore,chaud,1,1,Complexité,complexe,1,1,Puissance,modéré,1,1,Réponse,rapide,1,1,Usage,orchestre,1,1,Positionnement,premium,1,1,Durabilité,moyenne,1,1,Stabilité,bonne,1,1,Temps de rodage,moyen,1,1
3702,CDM-E39594,Pirastro – Passione Orchestra – Mi – Heavy – 3/4,Marque,Pirastro,1,1,Modèle,Passione Orchestra,1,1,Instrument,Contrebasse,1,1,Corde,Mi,1,1,Taille,3/4,1,1,Tension,Heavy,1,1,Attache,,0,1,Âme,,0,1,Filage,,0,1,Type produit,,0,1,Type pack,,0,1,Profil sonore,chaud,1,1,Complexité,complexe,1,1,Puissance,modéré,1,1,Réponse,rapide,1,1,Usage,orchestre,1,1,Positionnement,premium,1,1,Durabilité,moyenne,1,1,Stabilité,bonne,1,1,Temps de rodage,moyen,1,1
3704,CDM-82981F,"Pirastro – Passione Orchestra Mi Heavy 2,10m – 3/4",Marque,Pirastro,1,1,Modèle,Passione Orchestra,1,1,Instrument,Contrebasse,1,1,Corde,Mi,1,1,Taille,3/4,1,1,Tension,Heavy,1,1,Attache,,0,1,Âme,,0,1,Filage,,0,1,Type produit,,0,1,Type pack,,0,1,Profil sonore,chaud,1,1,Complexité,complexe,1,1,Puissance,modéré,1,1,Réponse,rapide,1,1,Usage,orchestre,1,1,Positionnement,premium,1,1,Durabilité,moyenne,1,1,Stabilité,bonne,1,1,Temps de rodage,moyen,1,1
3706,CDM-994D0B,Pirastro – Passione Orchestra – Mi – Medium – 3/4,Marque,Pirastro,1,1,Modèle,Passione Orchestra,1,1,Instrument,Contrebasse,1,1,Corde,Mi,1,1,Taille,3/4,1,1,Tension,Medium,1,1,Attache,,0,1,Âme,,0,1,Filage,,0,1,Type produit,,0,1,Type pack,,0,1,Profil sonore,chaud,1,1,Complexité,complexe,1,1,Puissance,modéré,1,1,Réponse,rapide,1,1,Usage,orchestre,1,1,Positionnement,premium,1,1,Durabilité,moyenne,1,1,Stabilité,bonne,1,1,Temps de rodage,moyen,1,1
3708,CDM-830466,"Pirastro – Passione Orchestra Mi Medium 2,10m – 3/4",Marque,Pirastro,1,1,Modèle,Passione Orchestra,1,1,Instrument,Contrebasse,1,1,Corde,Mi,1,1,Taille,3/4,1,1,Tension,Medium,1,1,Attache,,0,1,Âme,,0,1,Filage,,0,1,Type produit,,0,1,Type pack,,0,1,Profil sonore,chaud,1,1,Complexité,complexe,1,1,Puissance,modéré,1,1,Réponse,rapide,1,1,Usage,orchestre,1,1,Positionnement,premium,1,1,Durabilité,moyenne,1,1,Stabilité,bonne,1,1,Temps de rodage,moyen,1,1
3710,CDM-3A3D1C,Pirastro – Passione Orchestra – Si – Medium – 3/4,Marque,Pirastro,1,1,Modèle,Passione Orchestra,1,1,Instrument,Contrebasse,1,1,Corde,Si,1,1,Taille,3/4,1,1,Tension,Medium,1,1,Attache,,0,1,Âme,,0,1,Filage,,0,1,Type produit,,0,1,Type pack,,0,1,Profil sonore,chaud,1,1,Complexité,complexe,1,1,Puissance,modéré,1,1,Réponse,rapide,1,1,Usage,orchestre,1,1,Positionnement,premium,1,1,Durabilité,moyenne,1,1,Stabilité,bonne,1,1,Temps de rodage,moyen,1,1
3712,CDM-5214EC,Pirastro – Passione Soloist – La – Medium – 3/4,Marque,Pirastro,1,1,Modèle,Passione,1,1,Instrument,Contrebasse,1,1,Corde,La,1,1,Taille,3/4,1,1,Tension,Medium,1,1,Attache,,0,1,Âme,,0,1,Filage,,0,1,Type produit,,0,1,Type pack,,0,1,Profil sonore,chaud,1,1,Complexité,complexe,1,1,Puissance,modéré,1,1,Réponse,rapide,1,1,Usage,soliste,1,1,Positionnement,premium,1,1,Durabilité,moyenne,1,1,Stabilité,bonne,1,1,Temps de rodage,moyen,1,1
3714,CDM-71721D,Pirastro – Passione Soloist – Mi – Medium – 3/4,Marque,Pirastro,1,1,Modèle,Passione,1,1,Instrument,Contrebasse,1,1,Corde,Mi,1,1,Taille,3/4,1,1,Tension,Medium,1,1,Attache,,0,1,Âme,,0,1,Filage,,0,1,Type produit,,0,1,Type pack,,0,1,Profil sonore,chaud,1,1,Complexité,complexe,1,1,Puissance,modéré,1,1,Réponse,rapide,1,1,Usage,soliste,1,1,Positionnement,premium,1,1,Durabilité,moyenne,1,1,Stabilité,bonne,1,1,Temps de rodage,moyen,1,1
3716,CDM-C21D25,Pirastro – Passione Soloist – Si – Medium – 3/4,Marque,Pirastro,1,1,Modèle,Passione,1,1,Instrument,Contrebasse,1,1,Corde,Si,1,1,Taille,3/4,1,1,Tension,Medium,1,1,Attache,,0,1,Âme,,0,1,Filage,,0,1,Type produit,,0,1,Type pack,,0,1,Profil sonore,chaud,1,1,Complexité,complexe,1,1,Puissance,modéré,1,1,Réponse,rapide,1,1,Usage,soliste,1,1,Positionnement,premium,1,1,Durabilité,moyenne,1,1,Stabilité,bonne,1,1,Temps de rodage,moyen,1,1
3718,CDM-B4A484,Pirastro – Passione Soloist – Fa dièse – Medium – 3/4,Marque,Pirastro,1,1,Modèle,Passione,1,1,Instrument,Contrebasse,1,1,Corde,Fa dièse,1,1,Taille,3/4,1,1,Tension,Medium,1,1,Attache,,0,1,Âme,,0,1,Filage,,0,1,Type produit,,0,1,Type pack,,0,1,Profil sonore,chaud,1,1,Complexité,complexe,1,1,Puissance,modéré,1,1,Réponse,rapide,1,1,Usage,soliste,1,1,Positionnement,premium,1,1,Durabilité,moyenne,1,1,Stabilité,bonne,1,1,Temps de rodage,moyen,1,1
3720,CDM-1343AE,Pirastro – Permanent Orchestra – Sol – Medium – 3/4,Marque,Pirastro,1,1,Modèle,Permanent Orchestra,1,1,Instrument,Contrebasse,1,1,Corde,Sol,1,1,Taille,3/4,1,1,Tension,Medium,1,1,Attache,,0,1,Âme,,0,1,Filage,,0,1,Type produit,,0,1,Type pack,,0,1,Profil sonore,brillant,1,1,Complexité,équilibré,1,1,Puissance,modéré,1,1,Réponse,rapide,1,1,Usage,orchestre,1,1,Positionnement,intermédiaire,1,1,Durabilité,élevée,1,1,Stabilité,excellente,1,1,Temps de rodage,court,1,1
3722,CDM-A2F8D2,Pirastro – Permanent Orchestra – Ré – Medium – 3/4,Marque,Pirastro,1,1,Modèle,Permanent Orchestra,1,1,Instrument,Contrebasse,1,1,Corde,Ré,1,1,Taille,3/4,1,1,Tension,Medium,1,1,Attache,,0,1,Âme,,0,1,Filage,,0,1,Type produit,,0,1,Type pack,,0,1,Profil sonore,brillant,1,1,Complexité,équilibré,1,1,Puissance,modéré,1,1,Réponse,rapide,1,1,Usage,orchestre,1,1,Positionnement,intermédiaire,1,1,Durabilité,élevée,1,1,Stabilité,excellente,1,1,Temps de rodage,court,1,1
3724,CDM-371123,Pirastro – Permanent Orchestra – La – Medium – 3/4,Marque,Pirastro,1,1,Modèle,Permanent Orchestra,1,1,Instrument,Contrebasse,1,1,Corde,La,1,1,Taille,3/4,1,1,Tension,Medium,1,1,Attache,,0,1,Âme,,0,1,Filage,,0,1,Type produit,,0,1,Type pack,,0,1,Profil sonore,brillant,1,1,Complexité,équilibré,1,1,Puissance,modéré,1,1,Réponse,rapide,1,1,Usage,orchestre,1,1,Positionnement,intermédiaire,1,1,Durabilité,élevée,1,1,Stabilité,excellente,1,1,Temps de rodage,court,1,1
3726,CDM-28D506,Pirastro – Permanent Orchestra – Mi – Medium – 3/4,Marque,Pirastro,1,1,Modèle,Permanent Orchestra,1,1,Instrument,Contrebasse,1,1,Corde,Mi,1,1,Taille,3/4,1,1,Tension,Medium,1,1,Attache,,0,1,Âme,,0,1,Filage,,0,1,Type produit,,0,1,Type pack,,0,1,Profil sonore,brillant,1,1,Complexité,équilibré,1,1,Puissance,modéré,1,1,Réponse,rapide,1,1,Usage,orchestre,1,1,Positionnement,intermédiaire,1,1,Durabilité,élevée,1,1,Stabilité,excellente,1,1,Temps de rodage,court,1,1
3728,CDM-C4B1F2,Pirastro – Permanent Orchestra – Si – Medium – 3/4,Marque,Pirastro,1,1,Modèle,Permanent Orchestra,1,1,Instrument,Contrebasse,1,1,Corde,Si,1,1,Taille,3/4,1,1,Tension,Medium,1,1,Attache,,0,1,Âme,,0,1,Filage,,0,1,Type produit,,0,1,Type pack,,0,1,Profil sonore,brillant,1,1,Complexité,équilibré,1,1,Puissance,modéré,1,1,Réponse,rapide,1,1,Usage,orchestre,1,1,Positionnement,intermédiaire,1,1,Durabilité,élevée,1,1,Stabilité,excellente,1,1,Temps de rodage,court,1,1
3730,CDM-AD3116,Pirastro – Permanent Soloist – La – Medium – 3/4,Marque,Pirastro,1,1,Modèle,Permanent Soloist,1,1,Instrument,Contrebasse,1,1,Corde,La,1,1,Taille,3/4,1,1,Tension,Medium,1,1,Attache,,0,1,Âme,,0,1,Filage,,0,1,Type produit,,0,1,Type pack,,0,1,Profil sonore,brillant,1,1,Complexité,équilibré,1,1,Puissance,puissant,1,1,Réponse,rapide,1,1,Usage,soliste,1,1,Positionnement,intermédiaire,1,1,Durabilité,élevée,1,1,Stabilité,excellente,1,1,Temps de rodage,court,1,1
3732,CDM-0361B8,Pirastro – Permanent Soloist – Mi – Medium – 3/4,Marque,Pirastro,1,1,Modèle,Permanent Soloist,1,1,Instrument,Contrebasse,1,1,Corde,Mi,1,1,Taille,3/4,1,1,Tension,Medium,1,1,Attache,,0,1,Âme,,0,1,Filage,,0,1,Type produit,,0,1,Type pack,,0,1,Profil sonore,brillant,1,1,Complexité,équilibré,1,1,Puissance,puissant,1,1,Réponse,rapide,1,1,Usage,soliste,1,1,Positionnement,intermédiaire,1,1,Durabilité,élevée,1,1,Stabilité,excellente,1,1,Temps de rodage,court,1,1
3734,CDM-A4F7CE,Pirastro – Permanent Soloist – Si – Medium – 3/4,Marque,Pirastro,1,1,Modèle,Permanent Soloist,1,1,Instrument,Contrebasse,1,1,Corde,Si,1,1,Taille,3/4,1,1,Tension,Medium,1,1,Attache,,0,1,Âme,,0,1,Filage,,0,1,Type produit,,0,1,Type pack,,0,1,Profil sonore,brillant,1,1,Complexité,équilibré,1,1,Puissance,puissant,1,1,Réponse,rapide,1,1,Usage,soliste,1,1,Positionnement,intermédiaire,1,1,Durabilité,élevée,1,1,Stabilité,excellente,1,1,Temps de rodage,court,1,1
3736,CDM-D1E126,Pirastro – Perpetual Orchestra – Sol – Medium – 3/4,Marque,Pirastro,1,1,Modèle,Perpetual Orchestra,1,1,Instrument,Contrebasse,1,1,Corde,Sol,1,1,Taille,3/4,1,1,Tension,Medium,1,1,Attache,,0,1,Âme,,0,1,Filage,,0,1,Type produit,,0,1,Type pack,,0,1,Profil sonore,brillant,1,1,Complexité,équilibré,1,1,Puissance,puissant,1,1,Réponse,rapide,1,1,Usage,orchestre,1,1,Positionnement,premium,1,1,Durabilité,élevée,1,1,Stabilité,excellente,1,1,Temps de rodage,court,1,1
3738,CDM-FBD58A,Pirastro – Perpetual Orchestra Ré 3/4 – Heavy – 3/4,Marque,Pirastro,1,1,Modèle,Perpetual Orchestra,1,1,Instrument,Contrebasse,1,1,Corde,Ré,1,1,Taille,3/4,1,1,Tension,Heavy,1,1,Attache,,0,1,Âme,,0,1,Filage,,0,1,Type produit,,0,1,Type pack,,0,1,Profil sonore,brillant,1,1,Complexité,équilibré,1,1,Puissance,puissant,1,1,Réponse,rapide,1,1,Usage,orchestre,1,1,Positionnement,premium,1,1,Durabilité,élevée,1,1,Stabilité,excellente,1,1,Temps de rodage,court,1,1
3740,CDM-B633C2,Pirastro – Perpetual Orchestra – Ré – Medium – 3/4,Marque,Pirastro,1,1,Modèle,Perpetual Orchestra,1,1,Instrument,Contrebasse,1,1,Corde,Ré,1,1,Taille,3/4,1,1,Tension,Medium,1,1,Attache,,0,1,Âme,,0,1,Filage,,0,1,Type produit,,0,1,Type pack,,0,1,Profil sonore,brillant,1,1,Complexité,équilibré,1,1,Puissance,puissant,1,1,Réponse,rapide,1,1,Usage,orchestre,1,1,Positionnement,premium,1,1,Durabilité,élevée,1,1,Stabilité,excellente,1,1,Temps de rodage,court,1,1
3742,CDM-CF3D5A,Pirastro – Perpetual Orchestra La 3/4 – Heavy – 3/4,Marque,Pirastro,1,1,Modèle,Perpetual Orchestra,1,1,Instrument,Contrebasse,1,1,Corde,La,1,1,Taille,3/4,1,1,Tension,Heavy,1,1,Attache,,0,1,Âme,,0,1,Filage,,0,1,Type produit,,0,1,Type pack,,0,1,Profil sonore,brillant,1,1,Complexité,équilibré,1,1,Puissance,puissant,1,1,Réponse,rapide,1,1,Usage,orchestre,1,1,Positionnement,premium,1,1,Durabilité,élevée,1,1,Stabilité,excellente,1,1,Temps de rodage,court,1,1
3744,CDM-FEC67D,Pirastro – Perpetual Orchestra – La – Medium – 3/4,Marque,Pirastro,1,1,Modèle,Perpetual Orchestra,1,1,Instrument,Contrebasse,1,1,Corde,La,1,1,Taille,3/4,1,1,Tension,Medium,1,1,Attache,,0,1,Âme,,0,1,Filage,,0,1,Type produit,,0,1,Type pack,,0,1,Profil sonore,brillant,1,1,Complexité,équilibré,1,1,Puissance,puissant,1,1,Réponse,rapide,1,1,Usage,orchestre,1,1,Positionnement,premium,1,1,Durabilité,élevée,1,1,Stabilité,excellente,1,1,Temps de rodage,court,1,1
3746,CDM-7275B8,Pirastro – Perpetual Orchestra Mi 3/4 – Heavy – 3/4,Marque,Pirastro,1,1,Modèle,Perpetual Orchestra,1,1,Instrument,Contrebasse,1,1,Corde,Mi,1,1,Taille,3/4,1,1,Tension,Heavy,1,1,Attache,,0,1,Âme,,0,1,Filage,,0,1,Type produit,,0,1,Type pack,,0,1,Profil sonore,brillant,1,1,Complexité,équilibré,1,1,Puissance,puissant,1,1,Réponse,rapide,1,1,Usage,orchestre,1,1,Positionnement,premium,1,1,Durabilité,élevée,1,1,Stabilité,excellente,1,1,Temps de rodage,court,1,1
3748,CDM-7F7BCF,"Pirastro – Perpetual Orchestra Mi 3/4 Heavy 2,10 m – 3/4",Marque,Pirastro,1,1,Modèle,Perpetual Orchestra,1,1,Instrument,Contrebasse,1,1,Corde,Mi,1,1,Taille,3/4,1,1,Tension,Heavy,1,1,Attache,,0,1,Âme,,0,1,Filage,,0,1,Type produit,,0,1,Type pack,,0,1,Profil sonore,brillant,1,1,Complexité,équilibré,1,1,Puissance,puissant,1,1,Réponse,rapide,1,1,Usage,orchestre,1,1,Positionnement,premium,1,1,Durabilité,élevée,1,1,Stabilité,excellente,1,1,Temps de rodage,court,1,1
3750,CDM-A6A1C2,Pirastro – Perpetual Orchestra – Mi – Medium – 3/4,Marque,Pirastro,1,1,Modèle,Perpetual Orchestra,1,1,Instrument,Contrebasse,1,1,Corde,Mi,1,1,Taille,3/4,1,1,Tension,Medium,1,1,Attache,,0,1,Âme,,0,1,Filage,,0,1,Type produit,,0,1,Type pack,,0,1,Profil sonore,brillant,1,1,Complexité,équilibré,1,1,Puissance,puissant,1,1,Réponse,rapide,1,1,Usage,orchestre,1,1,Positionnement,premium,1,1,Durabilité,élevée,1,1,Stabilité,excellente,1,1,Temps de rodage,court,1,1
3752,CDM-54B0B3,"Pirastro – Perpetual Orchestra Mi Medium 2,10 m – 3/4",Marque,Pirastro,1,1,Modèle,Perpetual Orchestra,1,1,Instrument,Contrebasse,1,1,Corde,Mi,1,1,Taille,3/4,1,1,Tension,Medium,1,1,Attache,,0,1,Âme,,0,1,Filage,,0,1,Type produit,,0,1,Type pack,,0,1,Profil sonore,brillant,1,1,Complexité,équilibré,1,1,Puissance,puissant,1,1,Réponse,rapide,1,1,Usage,orchestre,1,1,Positionnement,premium,1,1,Durabilité,élevée,1,1,Stabilité,excellente,1,1,Temps de rodage,court,1,1
3754,CDM-810F36,Pirastro – Perpetual Orchestra – Si – Medium – 3/4,Marque,Pirastro,1,1,Modèle,Perpetual Orchestra,1,1,Instrument,Contrebasse,1,1,Corde,Si,1,1,Taille,3/4,1,1,Tension,Medium,1,1,Attache,,0,1,Âme,,0,1,Filage,,0,1,Type produit,,0,1,Type pack,,0,1,Profil sonore,brillant,1,1,Complexité,équilibré,1,1,Puissance,puissant,1,1,Réponse,rapide,1,1,Usage,orchestre,1,1,Positionnement,premium,1,1,Durabilité,élevée,1,1,Stabilité,excellente,1,1,Temps de rodage,court,1,1
3756,CDM-A022F4,Pirastro – Perpetual Soloist – La – Medium – 3/4,Marque,Pirastro,1,1,Modèle,Perpetual Soloist,1,1,Instrument,Contrebasse,1,1,Corde,La,1,1,Taille,3/4,1,1,Tension,Medium,1,1,Attache,,0,1,Âme,,0,1,Filage,,0,1,Type produit,,0,1,Type pack,,0,1,Profil sonore,brillant,1,1,Complexité,complexe,1,1,Puissance,puissant,1,1,Réponse,rapide,1,1,Usage,soliste,1,1,Positionnement,premium,1,1,Durabilité,élevée,1,1,Stabilité,excellente,1,1,Temps de rodage,court,1,1
3758,CDM-A6A387,Pirastro – Perpetual Soloist – Mi – Medium – 3/4,Marque,Pirastro,1,1,Modèle,Perpetual Soloist,1,1,Instrument,Contrebasse,1,1,Corde,Mi,1,1,Taille,3/4,1,1,Tension,Medium,1,1,Attache,,0,1,Âme,,0,1,Filage,,0,1,Type produit,,0,1,Type pack,,0,1,Profil sonore,brillant,1,1,Complexité,complexe,1,1,Puissance,puissant,1,1,Réponse,rapide,1,1,Usage,soliste,1,1,Positionnement,premium,1,1,Durabilité,élevée,1,1,Stabilité,excellente,1,1,Temps de rodage,court,1,1
3760,CDM-1339CD,Pirastro – Perpetual Soloist – Si – Medium – 3/4,Marque,Pirastro,1,1,Modèle,Perpetual Soloist,1,1,Instrument,Contrebasse,1,1,Corde,Si,1,1,Taille,3/4,1,1,Tension,Medium,1,1,Attache,,0,1,Âme,,0,1,Filage,,0,1,Type produit,,0,1,Type pack,,0,1,Profil sonore,brillant,1,1,Complexité,complexe,1,1,Puissance,puissant,1,1,Réponse,rapide,1,1,Usage,soliste,1,1,Positionnement,premium,1,1,Durabilité,élevée,1,1,Stabilité,excellente,1,1,Temps de rodage,court,1,1
3762,CDM-D3EF50,Pirastro – Perpetual Soloist – Fa dièse – Medium – 3/4,Marque,Pirastro,1,1,Modèle,Perpetual Soloist,1,1,Instrument,Contrebasse,1,1,Corde,Fa dièse,1,1,Taille,3/4,1,1,Tension,Medium,1,1,Attache,,0,1,Âme,,0,1,Filage,,0,1,Type produit,,0,1,Type pack,,0,1,Profil sonore,brillant,1,1,Complexité,complexe,1,1,Puissance,puissant,1,1,Réponse,rapide,1,1,Usage,soliste,1,1,Positionnement,premium,1,1,Durabilité,élevée,1,1,Stabilité,excellente,1,1,Temps de rodage,court,1,1
3764,CDM-0E34B6,Pirastro – The Jazzer Orchestra – Sol – Medium – 3/4,Marque,Pirastro,1,1,Modèle,The Jazzer Orchestra,1,1,Instrument,Contrebasse,1,1,Corde,Sol,1,1,Taille,3/4,1,1,Tension,Medium,1,1,Attache,,0,1,Âme,,0,1,Filage,,0,1,Type produit,,0,1,Type pack,,0,1,Profil sonore,brillant,1,1,Complexité,équilibré,1,1,Puissance,puissant,1,1,Réponse,rapide,1,1,Usage,jazz,1,1,Positionnement,intermédiaire,1,1,Durabilité,élevée,1,1,Stabilité,excellente,1,1,Temps de rodage,court,1,1
3766,CDM-1E24E9,Pirastro – The Jazzer Orchestra – Ré – Medium – 3/4,Marque,Pirastro,1,1,Modèle,The Jazzer Orchestra,1,1,Instrument,Contrebasse,1,1,Corde,Ré,1,1,Taille,3/4,1,1,Tension,Medium,1,1,Attache,,0,1,Âme,,0,1,Filage,,0,1,Type produit,,0,1,Type pack,,0,1,Profil sonore,brillant,1,1,Complexité,équilibré,1,1,Puissance,puissant,1,1,Réponse,rapide,1,1,Usage,jazz,1,1,Positionnement,intermédiaire,1,1,Durabilité,élevée,1,1,Stabilité,excellente,1,1,Temps de rodage,court,1,1
3768,CDM-98892F,Pirastro – The Jazzer Orchestra – La – Medium – 3/4,Marque,Pirastro,1,1,Modèle,The Jazzer Orchestra,1,1,Instrument,Contrebasse,1,1,Corde,La,1,1,Taille,3/4,1,1,Tension,Medium,1,1,Attache,,0,1,Âme,,0,1,Filage,,0,1,Type produit,,0,1,Type pack,,0,1,Profil sonore,brillant,1,1,Complexité,équilibré,1,1,Puissance,puissant,1,1,Réponse,rapide,1,1,Usage,jazz,1,1,Positionnement,intermédiaire,1,1,Durabilité,élevée,1,1,Stabilité,excellente,1,1,Temps de rodage,court,1,1
3770,CDM-C4134C,Pirastro – The Jazzer Orchestra – Mi – Medium – 3/4,Marque,Pirastro,1,1,Modèle,The Jazzer Orchestra,1,1,Instrument,Contrebasse,1,1,Corde,Mi,1,1,Taille,3/4,1,1,Tension,Medium,1,1,Attache,,0,1,Âme,,0,1,Filage,,0,1,Type produit,,0,1,Type pack,,0,1,Profil sonore,brillant,1,1,Complexité,équilibré,1,1,Puissance,puissant,1,1,Réponse,rapide,1,1,Usage,jazz,1,1,Positionnement,intermédiaire,1,1,Durabilité,élevée,1,1,Stabilité,excellente,1,1,Temps de rodage,court,1,1
3772,CDM-283224,Thomastik – Belcanto Orchestra – Sol – Medium – 3/4,Marque,Thomastik,1,1,Modèle,Belcanto Orchestra,1,1,Instrument,Contrebasse,1,1,Corde,Sol,1,1,Taille,3/4,1,1,Tension,Medium,1,1,Attache,,0,1,Âme,,0,1,Filage,,0,1,Type produit,,0,1,Type pack,,0,1,Profil sonore,chaud,1,1,Complexité,équilibré,1,1,Puissance,modéré,1,1,Réponse,rapide,1,1,Usage,orchestre,1,1,Positionnement,intermédiaire,1,1,Durabilité,moyenne,1,1,Stabilité,bonne,1,1,Temps de rodage,court,1,1
3774,CDM-83FCAD,Thomastik – Belcanto Orchestra – Ré – Medium – 3/4,Marque,Thomastik,1,1,Modèle,Belcanto Orchestra,1,1,Instrument,Contrebasse,1,1,Corde,Ré,1,1,Taille,3/4,1,1,Tension,Medium,1,1,Attache,,0,1,Âme,,0,1,Filage,,0,1,Type produit,,0,1,Type pack,,0,1,Profil sonore,chaud,1,1,Complexité,équilibré,1,1,Puissance,modéré,1,1,Réponse,rapide,1,1,Usage,orchestre,1,1,Positionnement,intermédiaire,1,1,Durabilité,moyenne,1,1,Stabilité,bonne,1,1,Temps de rodage,court,1,1
3776,CDM-133C98,Thomastik – Belcanto Orchestra – La – Medium – 3/4,Marque,Thomastik,1,1,Modèle,Belcanto Orchestra,1,1,Instrument,Contrebasse,1,1,Corde,La,1,1,Taille,3/4,1,1,Tension,Medium,1,1,Attache,,0,1,Âme,,0,1,Filage,,0,1,Type produit,,0,1,Type pack,,0,1,Profil sonore,chaud,1,1,Complexité,équilibré,1,1,Puissance,modéré,1,1,Réponse,rapide,1,1,Usage,orchestre,1,1,Positionnement,intermédiaire,1,1,Durabilité,moyenne,1,1,Stabilité,bonne,1,1,Temps de rodage,court,1,1
3778,CDM-FA6D72,Thomastik – Belcanto Orchestra Do – Medium – 3/4,Marque,Thomastik,1,1,Modèle,Belcanto Orchestra,1,1,Instrument,Contrebasse,1,1,Corde,,0,1,Taille,3/4,1,1,Tension,Medium,1,1,Attache,,0,1,Âme,,0,1,Filage,,0,1,Type produit,,0,1,Type pack,,0,1,Profil sonore,chaud,1,1,Complexité,équilibré,1,1,Puissance,modéré,1,1,Réponse,rapide,1,1,Usage,orchestre,1,1,Positionnement,intermédiaire,1,1,Durabilité,moyenne,1,1,Stabilité,bonne,1,1,Temps de rodage,court,1,1
3780,CDM-4F0E09,Thomastik – Belcanto Orchestra – Mi – Medium – 3/4,Marque,Thomastik,1,1,Modèle,Belcanto Orchestra,1,1,Instrument,Contrebasse,1,1,Corde,Mi,1,1,Taille,3/4,1,1,Tension,Medium,1,1,Attache,,0,1,Âme,,0,1,Filage,,0,1,Type produit,,0,1,Type pack,,0,1,Profil sonore,chaud,1,1,Complexité,équilibré,1,1,Puissance,modéré,1,1,Réponse,rapide,1,1,Usage,orchestre,1,1,Positionnement,intermédiaire,1,1,Durabilité,moyenne,1,1,Stabilité,bonne,1,1,Temps de rodage,court,1,1
3782,CDM-6810B1,Thomastik – Belcanto Orchestra – Si – Medium – 3/4,Marque,Thomastik,1,1,Modèle,Belcanto Orchestra,1,1,Instrument,Contrebasse,1,1,Corde,Si,1,1,Taille,3/4,1,1,Tension,Medium,1,1,Attache,,0,1,Âme,,0,1,Filage,,0,1,Type produit,,0,1,Type pack,,0,1,Profil sonore,chaud,1,1,Complexité,équilibré,1,1,Puissance,modéré,1,1,Réponse,rapide,1,1,Usage,orchestre,1,1,Positionnement,intermédiaire,1,1,Durabilité,moyenne,1,1,Stabilité,bonne,1,1,Temps de rodage,court,1,1
3784,CDM-4A40D0,Thomastik – Belcanto Soloist – La – Medium – 3/4,Marque,Thomastik,1,1,Modèle,Belcanto Soloist,1,1,Instrument,Contrebasse,1,1,Corde,La,1,1,Taille,3/4,1,1,Tension,Medium,1,1,Attache,,0,1,Âme,,0,1,Filage,,0,1,Type produit,,0,1,Type pack,,0,1,Profil sonore,chaud,1,1,Complexité,équilibré,1,1,Puissance,puissant,1,1,Réponse,rapide,1,1,Usage,soliste,1,1,Positionnement,intermédiaire,1,1,Durabilité,moyenne,1,1,Stabilité,bonne,1,1,Temps de rodage,court,1,1
3785,CDM-59B90E,Thomastik – Spirocore Orchestra – Sol – Light,Marque,Thomastik,1,1,Modèle,Spirocore Orchestra,1,1,Instrument,Contrebasse,1,1,Corde,Sol,1,1,Taille,"3/4, 4/4",1,1,Tension,Light,1,1,Attache,,0,1,Âme,,0,1,Filage,,0,1,Type produit,,0,1,Type pack,,0,1,Profil sonore,brillant,1,1,Complexité,complexe,1,1,Puissance,puissant,1,1,Réponse,rapide,1,1,Usage,orchestre,1,1,Positionnement,intermédiaire,1,1,Durabilité,élevée,1,1,Stabilité,bonne,1,1,Temps de rodage,long,1,1
3786,CDM-C0B030,Thomastik – Spirocore Orchestra – Sol – Medium,Marque,Thomastik,1,1,Modèle,Spirocore Orchestra,1,1,Instrument,Contrebasse,1,1,Corde,Sol,1,1,Taille,"1/2, 1/4, 3/4, 4/4",1,1,Tension,Medium,1,1,Attache,,0,1,Âme,,0,1,Filage,,0,1,Type produit,,0,1,Type pack,,0,1,Profil sonore,brillant,1,1,Complexité,complexe,1,1,Puissance,puissant,1,1,Réponse,rapide,1,1,Usage,orchestre,1,1,Positionnement,intermédiaire,1,1,Durabilité,élevée,1,1,Stabilité,bonne,1,1,Temps de rodage,long,1,1
3787,CDM-CEB12C,Thomastik – Spirocore Orchestra – Ré – Medium,Marque,Thomastik,1,1,Modèle,Spirocore Orchestra,1,1,Instrument,Contrebasse,1,1,Corde,Ré,1,1,Taille,"1/2, 1/4, 3/4, 4/4",1,1,Tension,Medium,1,1,Attache,,0,1,Âme,,0,1,Filage,,0,1,Type produit,,0,1,Type pack,,0,1,Profil sonore,brillant,1,1,Complexité,complexe,1,1,Puissance,puissant,1,1,Réponse,rapide,1,1,Usage,orchestre,1,1,Positionnement,intermédiaire,1,1,Durabilité,élevée,1,1,Stabilité,bonne,1,1,Temps de rodage,long,1,1
3789,CDM-6C8D5E,Thomastik – Belcanto Soloist – Mi – Medium – 3/4,Marque,Thomastik,1,1,Modèle,Belcanto Soloist,1,1,Instrument,Contrebasse,1,1,Corde,Mi,1,1,Taille,3/4,1,1,Tension,Medium,1,1,Attache,,0,1,Âme,,0,1,Filage,,0,1,Type produit,,0,1,Type pack,,0,1,Profil sonore,chaud,1,1,Complexité,équilibré,1,1,Puissance,puissant,1,1,Réponse,rapide,1,1,Usage,soliste,1,1,Positionnement,intermédiaire,1,1,Durabilité,moyenne,1,1,Stabilité,bonne,1,1,Temps de rodage,court,1,1
3791,CDM-B848C2,Thomastik – Belcanto Soloist – Si – Medium – 3/4,Marque,Thomastik,1,1,Modèle,Belcanto Soloist,1,1,Instrument,Contrebasse,1,1,Corde,Si,1,1,Taille,3/4,1,1,Tension,Medium,1,1,Attache,,0,1,Âme,,0,1,Filage,,0,1,Type produit,,0,1,Type pack,,0,1,Profil sonore,chaud,1,1,Complexité,équilibré,1,1,Puissance,puissant,1,1,Réponse,rapide,1,1,Usage,soliste,1,1,Positionnement,intermédiaire,1,1,Durabilité,moyenne,1,1,Stabilité,bonne,1,1,Temps de rodage,court,1,1
3793,CDM-179D34,Thomastik – Belcanto Soloist – Fa dièse – Medium – 3/4,Marque,Thomastik,1,1,Modèle,Belcanto Soloist,1,1,Instrument,Contrebasse,1,1,Corde,Fa dièse,1,1,Taille,3/4,1,1,Tension,Medium,1,1,Attache,,0,1,Âme,,0,1,Filage,,0,1,Type produit,,0,1,Type pack,,0,1,Profil sonore,chaud,1,1,Complexité,équilibré,1,1,Puissance,puissant,1,1,Réponse,rapide,1,1,Usage,soliste,1,1,Positionnement,intermédiaire,1,1,Durabilité,moyenne,1,1,Stabilité,bonne,1,1,Temps de rodage,court,1,1
3795,CDM-7DCBDC,Thomastik – Dominant Orchestra – Sol – Medium – 3/4,Marque,Thomastik,1,1,Modèle,Dominant Orchestra,1,1,Instrument,Contrebasse,1,1,Corde,Sol,1,1,Taille,3/4,1,1,Tension,Medium,1,1,Attache,,0,1,Âme,,0,1,Filage,,0,1,Type produit,,0,1,Type pack,,0,1,Profil sonore,équilibré,1,1,Complexité,équilibré,1,1,Puissance,modéré,1,1,Réponse,rapide,1,1,Usage,orchestre,1,1,Positionnement,intermédiaire,1,1,Durabilité,moyenne,1,1,Stabilité,bonne,1,1,Temps de rodage,moyen,1,1
3797,CDM-56833B,Thomastik – Dominant Orchestra – Ré – Medium – 3/4,Marque,Thomastik,1,1,Modèle,Dominant Orchestra,1,1,Instrument,Contrebasse,1,1,Corde,Ré,1,1,Taille,3/4,1,1,Tension,Medium,1,1,Attache,,0,1,Âme,,0,1,Filage,,0,1,Type produit,,0,1,Type pack,,0,1,Profil sonore,équilibré,1,1,Complexité,équilibré,1,1,Puissance,modéré,1,1,Réponse,rapide,1,1,Usage,orchestre,1,1,Positionnement,intermédiaire,1,1,Durabilité,moyenne,1,1,Stabilité,bonne,1,1,Temps de rodage,moyen,1,1
3799,CDM-43282C,Thomastik – Dominant Orchestra – La – Medium – 3/4,Marque,Thomastik,1,1,Modèle,Dominant Orchestra,1,1,Instrument,Contrebasse,1,1,Corde,La,1,1,Taille,3/4,1,1,Tension,Medium,1,1,Attache,,0,1,Âme,,0,1,Filage,,0,1,Type produit,,0,1,Type pack,,0,1,Profil sonore,équilibré,1,1,Complexité,équilibré,1,1,Puissance,modéré,1,1,Réponse,rapide,1,1,Usage,orchestre,1,1,Positionnement,intermédiaire,1,1,Durabilité,moyenne,1,1,Stabilité,bonne,1,1,Temps de rodage,moyen,1,1
3801,CDM-FA144D,Thomastik – Dominant Orchestra – Mi – Medium – 3/4,Marque,Thomastik,1,1,Modèle,Dominant Orchestra,1,1,Instrument,Contrebasse,1,1,Corde,Mi,1,1,Taille,3/4,1,1,Tension,Medium,1,1,Attache,,0,1,Âme,,0,1,Filage,,0,1,Type produit,,0,1,Type pack,,0,1,Profil sonore,équilibré,1,1,Complexité,équilibré,1,1,Puissance,modéré,1,1,Réponse,rapide,1,1,Usage,orchestre,1,1,Positionnement,intermédiaire,1,1,Durabilité,moyenne,1,1,Stabilité,bonne,1,1,Temps de rodage,moyen,1,1
3803,CDM-79AFA5,Thomastik – Dominant Soloist – La – Medium – 3/4,Marque,Thomastik,1,1,Modèle,Dominant Soloist,1,1,Instrument,Contrebasse,1,1,Corde,La,1,1,Taille,3/4,1,1,Tension,Medium,1,1,Attache,,0,1,Âme,,0,1,Filage,,0,1,Type produit,,0,1,Type pack,,0,1,Profil sonore,équilibré,1,1,Complexité,équilibré,1,1,Puissance,puissant,1,1,Réponse,rapide,1,1,Usage,soliste,1,1,Positionnement,intermédiaire,1,1,Durabilité,moyenne,1,1,Stabilité,bonne,1,1,Temps de rodage,moyen,1,1
3805,CDM-4E0EFD,Thomastik – Dominant Soloist – Mi – Medium – 3/4,Marque,Thomastik,1,1,Modèle,Dominant Soloist,1,1,Instrument,Contrebasse,1,1,Corde,Mi,1,1,Taille,3/4,1,1,Tension,Medium,1,1,Attache,,0,1,Âme,,0,1,Filage,,0,1,Type produit,,0,1,Type pack,,0,1,Profil sonore,équilibré,1,1,Complexité,équilibré,1,1,Puissance,puissant,1,1,Réponse,rapide,1,1,Usage,soliste,1,1,Positionnement,intermédiaire,1,1,Durabilité,moyenne,1,1,Stabilité,bonne,1,1,Temps de rodage,moyen,1,1
3807,CDM-413728,Thomastik – Dominant Soloist – Si – Medium – 3/4,Marque,Thomastik,1,1,Modèle,Dominant Soloist,1,1,Instrument,Contrebasse,1,1,Corde,Si,1,1,Taille,3/4,1,1,Tension,Medium,1,1,Attache,,0,1,Âme,,0,1,Filage,,0,1,Type produit,,0,1,Type pack,,0,1,Profil sonore,équilibré,1,1,Complexité,équilibré,1,1,Puissance,puissant,1,1,Réponse,rapide,1,1,Usage,soliste,1,1,Positionnement,intermédiaire,1,1,Durabilité,moyenne,1,1,Stabilité,bonne,1,1,Temps de rodage,moyen,1,1
3809,CDM-38EC23,Thomastik – Dominant Soloist – Fa dièse – Medium – 3/4,Marque,Thomastik,1,1,Modèle,Dominant Soloist,1,1,Instrument,Contrebasse,1,1,Corde,Fa dièse,1,1,Taille,3/4,1,1,Tension,Medium,1,1,Attache,,0,1,Âme,,0,1,Filage,,0,1,Type produit,,0,1,Type pack,,0,1,Profil sonore,équilibré,1,1,Complexité,équilibré,1,1,Puissance,puissant,1,1,Réponse,rapide,1,1,Usage,soliste,1,1,Positionnement,intermédiaire,1,1,Durabilité,moyenne,1,1,Stabilité,bonne,1,1,Temps de rodage,moyen,1,1
3811,CDM-E57E49,Thomastik – Peter Infeld Orchestra Sol 3/4 – Medium – 3/4,Marque,Thomastik,1,1,Modèle,Peter Infeld Orchestra,1,1,Instrument,Contrebasse,1,1,Corde,Sol,1,1,Taille,3/4,1,1,Tension,Medium,1,1,Attache,,0,1,Âme,,0,1,Filage,,0,1,Type produit,,0,1,Type pack,,0,1,Profil sonore,chaud,1,1,Complexité,complexe,1,1,Puissance,modéré,1,1,Réponse,rapide,1,1,Usage,orchestre,1,1,Positionnement,premium,1,1,Durabilité,moyenne,1,1,Stabilité,bonne,1,1,Temps de rodage,moyen,1,1
3813,CDM-51AA9A,Thomastik – Peter Infeld Orchestra Ré 3/4 – Medium – 3/4,Marque,Thomastik,1,1,Modèle,Peter Infeld Orchestra,1,1,Instrument,Contrebasse,1,1,Corde,Ré,1,1,Taille,3/4,1,1,Tension,Medium,1,1,Attache,,0,1,Âme,,0,1,Filage,,0,1,Type produit,,0,1,Type pack,,0,1,Profil sonore,chaud,1,1,Complexité,complexe,1,1,Puissance,modéré,1,1,Réponse,rapide,1,1,Usage,orchestre,1,1,Positionnement,premium,1,1,Durabilité,moyenne,1,1,Stabilité,bonne,1,1,Temps de rodage,moyen,1,1
3815,CDM-B0B23A,Thomastik – Peter Infeld Orchestra La 3/4 – Medium – 3/4,Marque,Thomastik,1,1,Modèle,Peter Infeld Orchestra,1,1,Instrument,Contrebasse,1,1,Corde,La,1,1,Taille,3/4,1,1,Tension,Medium,1,1,Attache,,0,1,Âme,,0,1,Filage,,0,1,Type produit,,0,1,Type pack,,0,1,Profil sonore,chaud,1,1,Complexité,complexe,1,1,Puissance,modéré,1,1,Réponse,rapide,1,1,Usage,orchestre,1,1,Positionnement,premium,1,1,Durabilité,moyenne,1,1,Stabilité,bonne,1,1,Temps de rodage,moyen,1,1
3817,CDM-CB3E61,Thomastik – Peter Infeld Orchestra Do Extension 3/4 – Medium – 3/4,Marque,Thomastik,1,1,Modèle,Peter Infeld Orchestra,1,1,Instrument,Contrebasse,1,1,Corde,Do,1,1,Taille,3/4,1,1,Tension,Medium,1,1,Attache,,0,1,Âme,,0,1,Filage,,0,1,Type produit,,0,1,Type pack,,0,1,Profil sonore,chaud,1,1,Complexité,complexe,1,1,Puissance,modéré,1,1,Réponse,rapide,1,1,Usage,orchestre,1,1,Positionnement,premium,1,1,Durabilité,moyenne,1,1,Stabilité,bonne,1,1,Temps de rodage,moyen,1,1
3819,CDM-329587,Thomastik – Peter Infeld Orchestra Mi 3/4 – Medium – 3/4,Marque,Thomastik,1,1,Modèle,Peter Infeld Orchestra,1,1,Instrument,Contrebasse,1,1,Corde,Mi,1,1,Taille,3/4,1,1,Tension,Medium,1,1,Attache,,0,1,Âme,,0,1,Filage,,0,1,Type produit,,0,1,Type pack,,0,1,Profil sonore,chaud,1,1,Complexité,complexe,1,1,Puissance,modéré,1,1,Réponse,rapide,1,1,Usage,orchestre,1,1,Positionnement,premium,1,1,Durabilité,moyenne,1,1,Stabilité,bonne,1,1,Temps de rodage,moyen,1,1
3821,CDM-B9EB6E,Thomastik – Peter Infeld Orchestra Si 3/4 – Medium – 3/4,Marque,Thomastik,1,1,Modèle,Peter Infeld Orchestra,1,1,Instrument,Contrebasse,1,1,Corde,Si,1,1,Taille,3/4,1,1,Tension,Medium,1,1,Attache,,0,1,Âme,,0,1,Filage,,0,1,Type produit,,0,1,Type pack,,0,1,Profil sonore,chaud,1,1,Complexité,complexe,1,1,Puissance,modéré,1,1,Réponse,rapide,1,1,Usage,orchestre,1,1,Positionnement,premium,1,1,Durabilité,moyenne,1,1,Stabilité,bonne,1,1,Temps de rodage,moyen,1,1
3831,CDM-37B899,Thomastik – Spirocore Orchestra – Ré – Light – 3/4,Marque,Thomastik,1,1,Modèle,Spirocore Orchestra,1,1,Instrument,Contrebasse,1,1,Corde,Ré,1,1,Taille,3/4,1,1,Tension,Light,1,1,Attache,,0,1,Âme,,0,1,Filage,,0,1,Type produit,,0,1,Type pack,,0,1,Profil sonore,brillant,1,1,Complexité,complexe,1,1,Puissance,puissant,1,1,Réponse,rapide,1,1,Usage,orchestre,1,1,Positionnement,intermédiaire,1,1,Durabilité,élevée,1,1,Stabilité,bonne,1,1,Temps de rodage,long,1,1
3836,CDM-7B64DC,Thomastik – Spirocore Orchestra – La – Light,Marque,Thomastik,1,1,Modèle,Spirocore Orchestra,1,1,Instrument,Contrebasse,1,1,Corde,La,1,1,Taille,"3/4, 4/4",1,1,Tension,Light,1,1,Attache,,0,1,Âme,,0,1,Filage,,0,1,Type produit,,0,1,Type pack,,0,1,Profil sonore,brillant,1,1,Complexité,complexe,1,1,Puissance,puissant,1,1,Réponse,rapide,1,1,Usage,orchestre,1,1,Positionnement,intermédiaire,1,1,Durabilité,élevée,1,1,Stabilité,bonne,1,1,Temps de rodage,long,1,1
3837,CDM-453357,Thomastik – Spirocore Orchestra – La – Medium,Marque,Thomastik,1,1,Modèle,Spirocore Orchestra,1,1,Instrument,Contrebasse,1,1,Corde,La,1,1,Taille,"1/2, 1/4, 3/4, 4/4",1,1,Tension,Medium,1,1,Attache,,0,1,Âme,,0,1,Filage,,0,1,Type produit,,0,1,Type pack,,0,1,Profil sonore,brillant,1,1,Complexité,complexe,1,1,Puissance,puissant,1,1,Réponse,rapide,1,1,Usage,orchestre,1,1,Positionnement,intermédiaire,1,1,Durabilité,élevée,1,1,Stabilité,bonne,1,1,Temps de rodage,long,1,1
3838,CDM-208774,Thomastik – Spirocore Orchestra – Mi – Light,Marque,Thomastik,1,1,Modèle,Spirocore Orchestra,1,1,Instrument,Contrebasse,1,1,Corde,Mi,1,1,Taille,"3/4, 4/4",1,1,Tension,Light,1,1,Attache,,0,1,Âme,,0,1,Filage,,0,1,Type produit,,0,1,Type pack,,0,1,Profil sonore,brillant,1,1,Complexité,complexe,1,1,Puissance,puissant,1,1,Réponse,rapide,1,1,Usage,orchestre,1,1,Positionnement,intermédiaire,1,1,Durabilité,élevée,1,1,Stabilité,bonne,1,1,Temps de rodage,long,1,1
3839,CDM-270756,Thomastik – Spirocore Orchestra – Mi – Medium,Marque,Thomastik,1,1,Modèle,Spirocore Orchestra,1,1,Instrument,Contrebasse,1,1,Corde,Mi,1,1,Taille,"1/2, 1/4, 3/4, 4/4",1,1,Tension,Medium,1,1,Attache,,0,1,Âme,,0,1,Filage,,0,1,Type produit,,0,1,Type pack,,0,1,Profil sonore,brillant,1,1,Complexité,complexe,1,1,Puissance,puissant,1,1,Réponse,rapide,1,1,Usage,orchestre,1,1,Positionnement,intermédiaire,1,1,Durabilité,élevée,1,1,Stabilité,bonne,1,1,Temps de rodage,long,1,1
3840,CDM-A48A22,Thomastik – Spirocore Orchestra – Do – Medium,Marque,Thomastik,1,1,Modèle,Spirocore Orchestra,1,1,Instrument,Contrebasse,1,1,Corde,Do,1,1,Taille,"3/4, 4/4",1,1,Tension,Medium,1,1,Attache,,0,1,Âme,,0,1,Filage,,0,1,Type produit,,0,1,Type pack,,0,1,Profil sonore,brillant,1,1,Complexité,complexe,1,1,Puissance,puissant,1,1,Réponse,rapide,1,1,Usage,orchestre,1,1,Positionnement,intermédiaire,1,1,Durabilité,élevée,1,1,Stabilité,bonne,1,1,Temps de rodage,long,1,1
3841,CDM-C83CB2,Thomastik – Spirocore Orchestra – Si – Medium,Marque,Thomastik,1,1,Modèle,Spirocore Orchestra,1,1,Instrument,Contrebasse,1,1,Corde,Si,1,1,Taille,"3/4, 4/4",1,1,Tension,Medium,1,1,Attache,,0,1,Âme,,0,1,Filage,,0,1,Type produit,,0,1,Type pack,,0,1,Profil sonore,brillant,1,1,Complexité,complexe,1,1,Puissance,puissant,1,1,Réponse,rapide,1,1,Usage,orchestre,1,1,Positionnement,intermédiaire,1,1,Durabilité,élevée,1,1,Stabilité,bonne,1,1,Temps de rodage,long,1,1
3842,CDM-4FE032,Thomastik – Spirocore Soloist – La – Medium,Marque,Thomastik,1,1,Modèle,Spirocore Soloist,1,1,Instrument,Contrebasse,1,1,Corde,La,1,1,Taille,"1/2, 3/4, 4/4",1,1,Tension,Medium,1,1,Attache,,0,1,Âme,,0,1,Filage,,0,1,Type produit,,0,1,Type pack,,0,1,Profil sonore,brillant,1,1,Complexité,complexe,1,1,Puissance,puissant,1,1,Réponse,rapide,1,1,Usage,soliste,1,1,Positionnement,intermédiaire,1,1,Durabilité,élevée,1,1,Stabilité,bonne,1,1,Temps de rodage,long,1,1
3866,CDM-CB386E,Thomastik – Spirocore Orchestra Do haut – Medium – 3/4,Marque,Thomastik,1,1,Modèle,Spirocore Orchestra,1,1,Instrument,Contrebasse,1,1,Corde,Do,1,1,Taille,3/4,1,1,Tension,Medium,1,1,Attache,,0,1,Âme,,0,1,Filage,,0,1,Type produit,,0,1,Type pack,,0,1,Profil sonore,brillant,1,1,Complexité,complexe,1,1,Puissance,puissant,1,1,Réponse,rapide,1,1,Usage,orchestre,1,1,Positionnement,intermédiaire,1,1,Durabilité,élevée,1,1,Stabilité,bonne,1,1,Temps de rodage,long,1,1
3868,CDM-DFD513,Thomastik – Spirocore Orchestra Do extension – Medium – 4/4,Marque,Thomastik,1,1,Modèle,Spirocore Orchestra,1,1,Instrument,Contrebasse,1,1,Corde,Do,1,1,Taille,4/4,1,1,Tension,Medium,1,1,Attache,,0,1,Âme,,0,1,Filage,,0,1,Type produit,,0,1,Type pack,,0,1,Profil sonore,brillant,1,1,Complexité,complexe,1,1,Puissance,puissant,1,1,Réponse,rapide,1,1,Usage,orchestre,1,1,Positionnement,intermédiaire,1,1,Durabilité,élevée,1,1,Stabilité,bonne,1,1,Temps de rodage,long,1,1
3877,CDM-431AD3,Thomastik – Spirocore Soloist – Mi – Medium,Marque,Thomastik,1,1,Modèle,Spirocore Soloist,1,1,Instrument,Contrebasse,1,1,Corde,Mi,1,1,Taille,"1/2, 3/4, 4/4",1,1,Tension,Medium,1,1,Attache,,0,1,Âme,,0,1,Filage,,0,1,Type produit,,0,1,Type pack,,0,1,Profil sonore,brillant,1,1,Complexité,complexe,1,1,Puissance,puissant,1,1,Réponse,rapide,1,1,Usage,soliste,1,1,Positionnement,intermédiaire,1,1,Durabilité,élevée,1,1,Stabilité,bonne,1,1,Temps de rodage,long,1,1
3878,CDM-D42D0E,Thomastik – Spirocore Soloist – Si – Medium,Marque,Thomastik,1,1,Modèle,Spirocore Soloist,1,1,Instrument,Contrebasse,1,1,Corde,Si,1,1,Taille,"1/2, 3/4, 4/4",1,1,Tension,Medium,1,1,Attache,,0,1,Âme,,0,1,Filage,,0,1,Type produit,,0,1,Type pack,,0,1,Profil sonore,brillant,1,1,Complexité,complexe,1,1,Puissance,puissant,1,1,Réponse,rapide,1,1,Usage,soliste,1,1,Positionnement,intermédiaire,1,1,Durabilité,élevée,1,1,Stabilité,bonne,1,1,Temps de rodage,long,1,1
3879,CDM-87154C,Thomastik – Spirocore Soloist – Fa dièse – Medium,Marque,Thomastik,1,1,Modèle,Spirocore Soloist,1,1,Instrument,Contrebasse,1,1,Corde,Fa dièse,1,1,Taille,"1/2, 3/4, 4/4",1,1,Tension,Medium,1,1,Attache,,0,1,Âme,,0,1,Filage,,0,1,Type produit,,0,1,Type pack,,0,1,Profil sonore,brillant,1,1,Complexité,complexe,1,1,Puissance,puissant,1,1,Réponse,rapide,1,1,Usage,soliste,1,1,Positionnement,intermédiaire,1,1,Durabilité,élevée,1,1,Stabilité,bonne,1,1,Temps de rodage,long,1,1
3880,CDM-D52BAB,Thomastik – Spirocore Soloist Do dièse – Medium,Marque,Thomastik,1,1,Modèle,Spirocore Soloist,1,1,Instrument,Contrebasse,1,1,Corde,Do dièse,1,1,Taille,"3/4, 4/4",1,1,Tension,Medium,1,1,Attache,,0,1,Âme,,0,1,Filage,,0,1,Type produit,,0,1,Type pack,,0,1,Profil sonore,brillant,1,1,Complexité,complexe,1,1,Puissance,puissant,1,1,Réponse,rapide,1,1,Usage,soliste,1,1,Positionnement,intermédiaire,1,1,Durabilité,élevée,1,1,Stabilité,bonne,1,1,Temps de rodage,long,1,1
3881,CDM-E0996F,Thomastik – Superflexible Orchestra – Sol – Medium,Marque,Thomastik,1,1,Modèle,Superflexible Orchestra,1,1,Instrument,Contrebasse,1,1,Corde,Sol,1,1,Taille,"3/4, 4/4",1,1,Tension,Medium,1,1,Attache,,0,1,Âme,,0,1,Filage,,0,1,Type produit,,0,1,Type pack,,0,1,Profil sonore,brillant,1,1,Complexité,pur,1,1,Puissance,modéré,1,1,Réponse,rapide,1,1,Usage,orchestre,1,1,Positionnement,entrée,1,1,Durabilité,élevée,1,1,Stabilité,excellente,1,1,Temps de rodage,court,1,1
3882,CDM-A21D9B,Thomastik – Superflexible Orchestra – Ré – Medium,Marque,Thomastik,1,1,Modèle,Superflexible Orchestra,1,1,Instrument,Contrebasse,1,1,Corde,Ré,1,1,Taille,"1/2, 3/4, 4/4",1,1,Tension,Medium,1,1,Attache,,0,1,Âme,,0,1,Filage,,0,1,Type produit,,0,1,Type pack,,0,1,Profil sonore,brillant,1,1,Complexité,pur,1,1,Puissance,modéré,1,1,Réponse,rapide,1,1,Usage,orchestre,1,1,Positionnement,entrée,1,1,Durabilité,élevée,1,1,Stabilité,excellente,1,1,Temps de rodage,court,1,1
3883,CDM-8A976B,Thomastik – Superflexible Orchestra – La – Medium,Marque,Thomastik,1,1,Modèle,Superflexible Orchestra,1,1,Instrument,Contrebasse,1,1,Corde,La,1,1,Taille,"3/4, 4/4",1,1,Tension,Medium,1,1,Attache,,0,1,Âme,,0,1,Filage,,0,1,Type produit,,0,1,Type pack,,0,1,Profil sonore,brillant,1,1,Complexité,pur,1,1,Puissance,modéré,1,1,Réponse,rapide,1,1,Usage,orchestre,1,1,Positionnement,entrée,1,1,Durabilité,élevée,1,1,Stabilité,excellente,1,1,Temps de rodage,court,1,1
3884,CDM-D62093,Thomastik – Superflexible Orchestra – Mi – Medium,Marque,Thomastik,1,1,Modèle,Superflexible Orchestra,1,1,Instrument,Contrebasse,1,1,Corde,Mi,1,1,Taille,"3/4, 4/4",1,1,Tension,Medium,1,1,Attache,,0,1,Âme,,0,1,Filage,,0,1,Type produit,,0,1,Type pack,,0,1,Profil sonore,brillant,1,1,Complexité,pur,1,1,Puissance,modéré,1,1,Réponse,rapide,1,1,Usage,orchestre,1,1,Positionnement,entrée,1,1,Durabilité,élevée,1,1,Stabilité,excellente,1,1,Temps de rodage,court,1,1
3900,CDM-03A081,Thomastik – Spirocore Soloist Fa dièse extension – Medium – 4/4,Marque,Thomastik,1,1,Modèle,Spirocore Soloist,1,1,Instrument,Contrebasse,1,1,Corde,Fa dièse,1,1,Taille,4/4,1,1,Tension,Medium,1,1,Attache,,0,1,Âme,,0,1,Filage,,0,1,Type produit,,0,1,Type pack,,0,1,Profil sonore,brillant,1,1,Complexité,complexe,1,1,Puissance,puissant,1,1,Réponse,rapide,1,1,Usage,soliste,1,1,Positionnement,intermédiaire,1,1,Durabilité,élevée,1,1,Stabilité,bonne,1,1,Temps de rodage,long,1,1
3915,CDM-48160C,Thomastik – Superflexible Soloist – La – Medium – 4/4,Marque,Thomastik,1,1,Modèle,Superflexible Soloist,1,1,Instrument,Contrebasse,1,1,Corde,La,1,1,Taille,4/4,1,1,Tension,Medium,1,1,Attache,,0,1,Âme,,0,1,Filage,,0,1,Type produit,,0,1,Type pack,,0,1,Profil sonore,brillant,1,1,Complexité,pur,1,1,Puissance,puissant,1,1,Réponse,rapide,1,1,Usage,soliste,1,1,Positionnement,entrée,1,1,Durabilité,élevée,1,1,Stabilité,excellente,1,1,Temps de rodage,court,1,1
3917,CDM-A08519,Thomastik – Superflexible Soloist – Mi – Medium – 4/4,Marque,Thomastik,1,1,Modèle,Superflexible Soloist,1,1,Instrument,Contrebasse,1,1,Corde,Mi,1,1,Taille,4/4,1,1,Tension,Medium,1,1,Attache,,0,1,Âme,,0,1,Filage,,0,1,Type produit,,0,1,Type pack,,0,1,Profil sonore,brillant,1,1,Complexité,pur,1,1,Puissance,puissant,1,1,Réponse,rapide,1,1,Usage,soliste,1,1,Positionnement,entrée,1,1,Durabilité,élevée,1,1,Stabilité,excellente,1,1,Temps de rodage,court,1,1
3918,CDM-FF4F5D,D'Addario Helicore – Ré – Medium,Marque,D'Addario,1,1,Modèle,Helicore,1,1,Instrument,Alto,1,1,Corde,Ré,1,1,Taille,"15""-16""",1,1,Tension,Medium,1,1,Attache,,0,1,Âme,,0,1,Filage,,0,1,Type produit,,0,1,Type pack,,0,1,Profil sonore,équilibré,1,1,Complexité,équilibré,1,1,Puissance,puissant,1,1,Réponse,rapide,1,1,Usage,orchestre,1,1,Positionnement,intermédiaire,1,1,Durabilité,élevée,1,1,Stabilité,excellente,1,1,Temps de rodage,court,1,1
3919,CDM-197C00,D'Addario Helicore – Sol – Medium,Marque,D'Addario,1,1,Modèle,Helicore,1,1,Instrument,Alto,1,1,Corde,Sol,1,1,Taille,"15""-16""",1,1,Tension,Medium,1,1,Attache,,0,1,Âme,,0,1,Filage,,0,1,Type produit,,0,1,Type pack,,0,1,Profil sonore,équilibré,1,1,Complexité,équilibré,1,1,Puissance,puissant,1,1,Réponse,rapide,1,1,Usage,orchestre,1,1,Positionnement,intermédiaire,1,1,Durabilité,élevée,1,1,Stabilité,excellente,1,1,Temps de rodage,court,1,1
3920,CDM-72078A,D'Addario Kaplan Forza – Do – Medium,Marque,D'Addario,1,1,Modèle,Kaplan Forza,1,1,Instrument,Alto,1,1,Corde,Do,1,1,Taille,"14""-15"", 16""",1,1,Tension,Medium,1,1,Attache,,0,1,Âme,,0,1,Filage,,0,1,Type produit,,0,1,Type pack,,0,1,Profil sonore,équilibré,1,1,Complexité,équilibré,1,1,Puissance,puissant,1,1,Réponse,rapide,1,1,Usage,soliste,1,1,Positionnement,premium,1,1,Durabilité,élevée,1,1,Stabilité,bonne,1,1,Temps de rodage,court,1,1
3922,CDM-753C83,Thomastik – Superflexible Soloist – Si – Medium – 4/4,Marque,Thomastik,1,1,Modèle,Superflexible Soloist,1,1,Instrument,Contrebasse,1,1,Corde,Si,1,1,Taille,4/4,1,1,Tension,Medium,1,1,Attache,,0,1,Âme,,0,1,Filage,,0,1,Type produit,,0,1,Type pack,,0,1,Profil sonore,brillant,1,1,Complexité,pur,1,1,Puissance,puissant,1,1,Réponse,rapide,1,1,Usage,soliste,1,1,Positionnement,entrée,1,1,Durabilité,élevée,1,1,Stabilité,excellente,1,1,Temps de rodage,court,1,1
3924,CDM-5BA2F5,Thomastik – Superflexible Soloist – Fa dièse – Medium – 4/4,Marque,Thomastik,1,1,Modèle,Superflexible Soloist,1,1,Instrument,Contrebasse,1,1,Corde,Fa dièse,1,1,Taille,4/4,1,1,Tension,Medium,1,1,Attache,,0,1,Âme,,0,1,Filage,,0,1,Type produit,,0,1,Type pack,,0,1,Profil sonore,brillant,1,1,Complexité,pur,1,1,Puissance,puissant,1,1,Réponse,rapide,1,1,Usage,soliste,1,1,Positionnement,entrée,1,1,Durabilité,élevée,1,1,Stabilité,excellente,1,1,Temps de rodage,court,1,1
3926,CDM-9D936B,D'Addario Helicore – Do – Heavy – Long,Marque,D'Addario,1,1,Modèle,Helicore,1,1,Instrument,Alto,1,1,Corde,Do,1,1,Taille,"16""-17""",1,1,Tension,Heavy,1,1,Attache,,0,1,Âme,,0,1,Filage,,0,1,Type produit,,0,1,Type pack,,0,1,Profil sonore,équilibré,1,1,Complexité,équilibré,1,1,Puissance,puissant,1,1,Réponse,rapide,1,1,Usage,orchestre,1,1,Positionnement,intermédiaire,1,1,Durabilité,élevée,1,1,Stabilité,excellente,1,1,Temps de rodage,court,1,1
3928,CDM-DC0B5D,D'Addario Helicore – La – Heavy – Long,Marque,D'Addario,1,1,Modèle,Helicore,1,1,Instrument,Alto,1,1,Corde,La,1,1,Taille,"16""-17""",1,1,Tension,Heavy,1,1,Attache,,0,1,Âme,,0,1,Filage,,0,1,Type produit,,0,1,Type pack,,0,1,Profil sonore,équilibré,1,1,Complexité,équilibré,1,1,Puissance,puissant,1,1,Réponse,rapide,1,1,Usage,orchestre,1,1,Positionnement,intermédiaire,1,1,Durabilité,élevée,1,1,Stabilité,excellente,1,1,Temps de rodage,court,1,1
3930,CDM-18130C,D'Addario Helicore – La – Light – Long,Marque,D'Addario,1,1,Modèle,Helicore,1,1,Instrument,Alto,1,1,Corde,La,1,1,Taille,"16""-17""",1,1,Tension,Light,1,1,Attache,,0,1,Âme,,0,1,Filage,,0,1,Type produit,,0,1,Type pack,,0,1,Profil sonore,équilibré,1,1,Complexité,équilibré,1,1,Puissance,puissant,1,1,Réponse,rapide,1,1,Usage,orchestre,1,1,Positionnement,intermédiaire,1,1,Durabilité,élevée,1,1,Stabilité,excellente,1,1,Temps de rodage,court,1,1
3932,CDM-430EF6,D'Addario Helicore – La – Medium – Long,Marque,D'Addario,1,1,Modèle,Helicore,1,1,Instrument,Alto,1,1,Corde,La,1,1,Taille,"16""-17""",1,1,Tension,Medium,1,1,Attache,,0,1,Âme,,0,1,Filage,,0,1,Type produit,,0,1,Type pack,,0,1,Profil sonore,équilibré,1,1,Complexité,équilibré,1,1,Puissance,puissant,1,1,Réponse,rapide,1,1,Usage,orchestre,1,1,Positionnement,intermédiaire,1,1,Durabilité,élevée,1,1,Stabilité,excellente,1,1,Temps de rodage,court,1,1
3938,CDM-83C222,D'Addario Helicore – Ré – Heavy – Long,Marque,D'Addario,1,1,Modèle,Helicore,1,1,Instrument,Alto,1,1,Corde,Ré,1,1,Taille,"16""-17""",1,1,Tension,Heavy,1,1,Attache,,0,1,Âme,,0,1,Filage,,0,1,Type produit,,0,1,Type pack,,0,1,Profil sonore,équilibré,1,1,Complexité,équilibré,1,1,Puissance,puissant,1,1,Réponse,rapide,1,1,Usage,orchestre,1,1,Positionnement,intermédiaire,1,1,Durabilité,élevée,1,1,Stabilité,excellente,1,1,Temps de rodage,court,1,1
3940,CDM-955B5A,D'Addario Helicore – Ré – Light – Long,Marque,D'Addario,1,1,Modèle,Helicore,1,1,Instrument,Alto,1,1,Corde,Ré,1,1,Taille,"16""-17""",1,1,Tension,Light,1,1,Attache,,0,1,Âme,,0,1,Filage,,0,1,Type produit,,0,1,Type pack,,0,1,Profil sonore,équilibré,1,1,Complexité,équilibré,1,1,Puissance,puissant,1,1,Réponse,rapide,1,1,Usage,orchestre,1,1,Positionnement,intermédiaire,1,1,Durabilité,élevée,1,1,Stabilité,excellente,1,1,Temps de rodage,court,1,1
3943,CDM-D1F561,D'Addario Helicore – Sol – Heavy – Long,Marque,D'Addario,1,1,Modèle,Helicore,1,1,Instrument,Alto,1,1,Corde,Sol,1,1,Taille,"16""-17""",1,1,Tension,Heavy,1,1,Attache,,0,1,Âme,,0,1,Filage,,0,1,Type produit,,0,1,Type pack,,0,1,Profil sonore,équilibré,1,1,Complexité,équilibré,1,1,Puissance,puissant,1,1,Réponse,rapide,1,1,Usage,orchestre,1,1,Positionnement,intermédiaire,1,1,Durabilité,élevée,1,1,Stabilité,excellente,1,1,Temps de rodage,court,1,1
3945,CDM-5509EC,D'Addario Helicore – Sol – Light – Long,Marque,D'Addario,1,1,Modèle,Helicore,1,1,Instrument,Alto,1,1,Corde,Sol,1,1,Taille,"16""-17""",1,1,Tension,Light,1,1,Attache,,0,1,Âme,,0,1,Filage,,0,1,Type produit,,0,1,Type pack,,0,1,Profil sonore,équilibré,1,1,Complexité,équilibré,1,1,Puissance,puissant,1,1,Réponse,rapide,1,1,Usage,orchestre,1,1,Positionnement,intermédiaire,1,1,Durabilité,élevée,1,1,Stabilité,excellente,1,1,Temps de rodage,court,1,1
3951,CDM-79AF76,D'Addario Helicore – Do – Light – Long,Marque,D'Addario,1,1,Modèle,Helicore,1,1,Instrument,Alto,1,1,Corde,Do,1,1,Taille,"16""-17""",1,1,Tension,Light,1,1,Attache,,0,1,Âme,,0,1,Filage,,0,1,Type produit,,0,1,Type pack,,0,1,Profil sonore,équilibré,1,1,Complexité,équilibré,1,1,Puissance,puissant,1,1,Réponse,rapide,1,1,Usage,orchestre,1,1,Positionnement,intermédiaire,1,1,Durabilité,élevée,1,1,Stabilité,excellente,1,1,Temps de rodage,court,1,1
3953,CDM-727610,D'Addario Helicore – Do – Medium – Long,Marque,D'Addario,1,1,Modèle,Helicore,1,1,Instrument,Alto,1,1,Corde,Do,1,1,Taille,"16""-17""",1,1,Tension,Medium,1,1,Attache,,0,1,Âme,,0,1,Filage,,0,1,Type produit,,0,1,Type pack,,0,1,Profil sonore,équilibré,1,1,Complexité,équilibré,1,1,Puissance,puissant,1,1,Réponse,rapide,1,1,Usage,orchestre,1,1,Positionnement,intermédiaire,1,1,Durabilité,élevée,1,1,Stabilité,excellente,1,1,Temps de rodage,court,1,1
3955,CDM-A77A23,D'Addario Helicore – Mi – Medium – Long,Marque,D'Addario,1,1,Modèle,Helicore,1,1,Instrument,Alto,1,1,Corde,Mi,1,1,Taille,"16""-17""",1,1,Tension,Medium,1,1,Attache,,0,1,Âme,,0,1,Filage,,0,1,Type produit,,0,1,Type pack,,0,1,Profil sonore,équilibré,1,1,Complexité,équilibré,1,1,Puissance,puissant,1,1,Réponse,rapide,1,1,Usage,orchestre,1,1,Positionnement,intermédiaire,1,1,Durabilité,élevée,1,1,Stabilité,excellente,1,1,Temps de rodage,court,1,1
3957,CDM-4D7B7C,D'Addario Kaplan Amo – La – Medium – Long,Marque,D'Addario,1,1,Modèle,Kaplan Amo,1,1,Instrument,Alto,1,1,Corde,La,1,1,Taille,"16""-16.5""",1,1,Tension,Medium,1,1,Attache,,0,1,Âme,,0,1,Filage,,0,1,Type produit,,0,1,Type pack,,0,1,Profil sonore,chaud,1,1,Complexité,complexe,1,1,Puissance,puissant,1,1,Réponse,rapide,1,1,Usage,soliste,1,1,Positionnement,premium,1,1,Durabilité,élevée,1,1,Stabilité,excellente,1,1,Temps de rodage,court,1,1
3959,CDM-4E2EDD,D'Addario Kaplan Amo – Ré – Medium – Long,Marque,D'Addario,1,1,Modèle,Kaplan Amo,1,1,Instrument,Alto,1,1,Corde,Ré,1,1,Taille,"16""-16.5""",1,1,Tension,Medium,1,1,Attache,,0,1,Âme,,0,1,Filage,,0,1,Type produit,,0,1,Type pack,,0,1,Profil sonore,chaud,1,1,Complexité,complexe,1,1,Puissance,puissant,1,1,Réponse,rapide,1,1,Usage,soliste,1,1,Positionnement,premium,1,1,Durabilité,élevée,1,1,Stabilité,excellente,1,1,Temps de rodage,court,1,1
3961,CDM-676855,D'Addario Kaplan Amo – Sol – Medium – Long,Marque,D'Addario,1,1,Modèle,Kaplan Amo,1,1,Instrument,Alto,1,1,Corde,Sol,1,1,Taille,"16""-16.5""",1,1,Tension,Medium,1,1,Attache,,0,1,Âme,,0,1,Filage,,0,1,Type produit,,0,1,Type pack,,0,1,Profil sonore,chaud,1,1,Complexité,complexe,1,1,Puissance,puissant,1,1,Réponse,rapide,1,1,Usage,soliste,1,1,Positionnement,premium,1,1,Durabilité,élevée,1,1,Stabilité,excellente,1,1,Temps de rodage,court,1,1
3963,CDM-097B44,D'Addario Kaplan Amo – Do – Medium – Long,Marque,D'Addario,1,1,Modèle,Kaplan Amo,1,1,Instrument,Alto,1,1,Corde,Do,1,1,Taille,"16""-16.5""",1,1,Tension,Medium,1,1,Attache,,0,1,Âme,,0,1,Filage,,0,1,Type produit,,0,1,Type pack,,0,1,Profil sonore,chaud,1,1,Complexité,complexe,1,1,Puissance,puissant,1,1,Réponse,rapide,1,1,Usage,soliste,1,1,Positionnement,premium,1,1,Durabilité,élevée,1,1,Stabilité,excellente,1,1,Temps de rodage,court,1,1
3965,CDM-2341F5,"D'Addario Kaplan Forza – La – Medium – Long +16""",Marque,D'Addario,1,1,Modèle,Kaplan Forza,1,1,Instrument,Alto,1,1,Corde,La,1,1,Taille,"16""",1,1,Tension,Medium,1,1,Attache,,0,1,Âme,,0,1,Filage,,0,1,Type produit,,0,1,Type pack,,0,1,Profil sonore,équilibré,1,1,Complexité,équilibré,1,1,Puissance,puissant,1,1,Réponse,rapide,1,1,Usage,soliste,1,1,Positionnement,premium,1,1,Durabilité,élevée,1,1,Stabilité,bonne,1,1,Temps de rodage,court,1,1
3967,CDM-1A1291,"D'Addario Kaplan Forza – Ré – Medium – Long +16""",Marque,D'Addario,1,1,Modèle,Kaplan Forza,1,1,Instrument,Alto,1,1,Corde,Ré,1,1,Taille,"16""",1,1,Tension,Medium,1,1,Attache,,0,1,Âme,,0,1,Filage,,0,1,Type produit,,0,1,Type pack,,0,1,Profil sonore,équilibré,1,1,Complexité,équilibré,1,1,Puissance,puissant,1,1,Réponse,rapide,1,1,Usage,soliste,1,1,Positionnement,premium,1,1,Durabilité,élevée,1,1,Stabilité,bonne,1,1,Temps de rodage,court,1,1
3969,CDM-E78E49,"D'Addario Kaplan Forza – Sol – Medium – Long +16""",Marque,D'Addario,1,1,Modèle,Kaplan Forza,1,1,Instrument,Alto,1,1,Corde,Sol,1,1,Taille,"16""",1,1,Tension,Medium,1,1,Attache,,0,1,Âme,,0,1,Filage,,0,1,Type produit,,0,1,Type pack,,0,1,Profil sonore,équilibré,1,1,Complexité,équilibré,1,1,Puissance,puissant,1,1,Réponse,rapide,1,1,Usage,soliste,1,1,Positionnement,premium,1,1,Durabilité,élevée,1,1,Stabilité,bonne,1,1,Temps de rodage,court,1,1
3975,CDM-8F9BF4,D'Addario Kaplan Solutions – La – Light – Long,Marque,D'Addario,1,1,Modèle,Kaplan Solutions,1,1,Instrument,Alto,1,1,Corde,La,1,1,Taille,"16""-16.5""",1,1,Tension,Light,1,1,Attache,,0,1,Âme,,0,1,Filage,,0,1,Type produit,,0,1,Type pack,,0,1,Profil sonore,chaud,1,1,Complexité,équilibré,1,1,Puissance,modéré,1,1,Réponse,rapide,1,1,Usage,étudiant,1,1,Positionnement,intermédiaire,1,1,Durabilité,élevée,1,1,Stabilité,excellente,1,1,Temps de rodage,court,1,1
3977,CDM-4125D1,D'Addario Kaplan Solutions – La – Medium – Long,Marque,D'Addario,1,1,Modèle,Kaplan Solutions,1,1,Instrument,Alto,1,1,Corde,La,1,1,Taille,"16""-16.5""",1,1,Tension,Medium,1,1,Attache,,0,1,Âme,,0,1,Filage,,0,1,Type produit,,0,1,Type pack,,0,1,Profil sonore,chaud,1,1,Complexité,équilibré,1,1,Puissance,modéré,1,1,Réponse,rapide,1,1,Usage,étudiant,1,1,Positionnement,intermédiaire,1,1,Durabilité,élevée,1,1,Stabilité,excellente,1,1,Temps de rodage,court,1,1
3979,CDM-CF6422,D'Addario Kaplan Vivo – La – Medium – Long,Marque,D'Addario,1,1,Modèle,Kaplan Vivo,1,1,Instrument,Alto,1,1,Corde,La,1,1,Taille,"16""-16.5""",1,1,Tension,Medium,1,1,Attache,,0,1,Âme,,0,1,Filage,,0,1,Type produit,,0,1,Type pack,,0,1,Profil sonore,brillant,1,1,Complexité,équilibré,1,1,Puissance,puissant,1,1,Réponse,rapide,1,1,Usage,soliste,1,1,Positionnement,premium,1,1,Durabilité,élevée,1,1,Stabilité,excellente,1,1,Temps de rodage,court,1,1
3981,CDM-D2AC0A,D'Addario Kaplan Vivo – Ré – Medium – Long,Marque,D'Addario,1,1,Modèle,Kaplan Vivo,1,1,Instrument,Alto,1,1,Corde,Ré,1,1,Taille,"16""-16.5""",1,1,Tension,Medium,1,1,Attache,,0,1,Âme,,0,1,Filage,,0,1,Type produit,,0,1,Type pack,,0,1,Profil sonore,brillant,1,1,Complexité,équilibré,1,1,Puissance,puissant,1,1,Réponse,rapide,1,1,Usage,soliste,1,1,Positionnement,premium,1,1,Durabilité,élevée,1,1,Stabilité,excellente,1,1,Temps de rodage,court,1,1
3983,CDM-21B954,D'Addario Kaplan Vivo – Sol – Medium – Long,Marque,D'Addario,1,1,Modèle,Kaplan Vivo,1,1,Instrument,Alto,1,1,Corde,Sol,1,1,Taille,"16""-16.5""",1,1,Tension,Medium,1,1,Attache,,0,1,Âme,,0,1,Filage,,0,1,Type produit,,0,1,Type pack,,0,1,Profil sonore,brillant,1,1,Complexité,équilibré,1,1,Puissance,puissant,1,1,Réponse,rapide,1,1,Usage,soliste,1,1,Positionnement,premium,1,1,Durabilité,élevée,1,1,Stabilité,excellente,1,1,Temps de rodage,court,1,1
3985,CDM-84FA2A,D'Addario Kaplan Vivo – Do – Medium – Long,Marque,D'Addario,1,1,Modèle,Kaplan Vivo,1,1,Instrument,Alto,1,1,Corde,Do,1,1,Taille,"16""-16.5""",1,1,Tension,Medium,1,1,Attache,,0,1,Âme,,0,1,Filage,,0,1,Type produit,,0,1,Type pack,,0,1,Profil sonore,brillant,1,1,Complexité,équilibré,1,1,Puissance,puissant,1,1,Réponse,rapide,1,1,Usage,soliste,1,1,Positionnement,premium,1,1,Durabilité,élevée,1,1,Stabilité,excellente,1,1,Temps de rodage,court,1,1
3987,CDM-3EAB8D,Jargar Classic – La – Dolce,Marque,Jargar,1,1,Modèle,Classic,1,1,Instrument,Alto,1,1,Corde,La,1,1,Taille,"15""-16.5""",1,1,Tension,,0,1,Attache,,0,1,Âme,,0,1,Filage,,0,1,Type produit,,0,1,Type pack,,0,1,Profil sonore,brillant,1,1,Complexité,pur,1,1,Puissance,puissant,1,1,Réponse,rapide,1,1,Usage,orchestre,1,1,Positionnement,intermédiaire,1,1,Durabilité,moyenne,1,1,Stabilité,excellente,1,1,Temps de rodage,court,1,1
3989,CDM-54EE21,Jargar Classic – La – Forte,Marque,Jargar,1,1,Modèle,Classic,1,1,Instrument,Alto,1,1,Corde,La,1,1,Taille,"15""-16.5""",1,1,Tension,Heavy,1,1,Attache,,0,1,Âme,,0,1,Filage,,0,1,Type produit,,0,1,Type pack,,0,1,Profil sonore,brillant,1,1,Complexité,pur,1,1,Puissance,puissant,1,1,Réponse,rapide,1,1,Usage,orchestre,1,1,Positionnement,intermédiaire,1,1,Durabilité,moyenne,1,1,Stabilité,excellente,1,1,Temps de rodage,court,1,1
3991,CDM-C8E675,Jargar Classic – La – Medium,Marque,Jargar,1,1,Modèle,Classic,1,1,Instrument,Alto,1,1,Corde,La,1,1,Taille,"15""-16.5""",1,1,Tension,Medium,1,1,Attache,,0,1,Âme,,0,1,Filage,,0,1,Type produit,,0,1,Type pack,,0,1,Profil sonore,brillant,1,1,Complexité,pur,1,1,Puissance,puissant,1,1,Réponse,rapide,1,1,Usage,orchestre,1,1,Positionnement,intermédiaire,1,1,Durabilité,moyenne,1,1,Stabilité,excellente,1,1,Temps de rodage,court,1,1
3993,CDM-D71368,Jargar Classic – Ré – Dolce,Marque,Jargar,1,1,Modèle,Classic,1,1,Instrument,Alto,1,1,Corde,Ré,1,1,Taille,"15""-16.5""",1,1,Tension,,0,1,Attache,,0,1,Âme,,0,1,Filage,,0,1,Type produit,,0,1,Type pack,,0,1,Profil sonore,brillant,1,1,Complexité,pur,1,1,Puissance,puissant,1,1,Réponse,rapide,1,1,Usage,orchestre,1,1,Positionnement,intermédiaire,1,1,Durabilité,moyenne,1,1,Stabilité,excellente,1,1,Temps de rodage,court,1,1
3995,CDM-617E5D,Jargar Classic – Ré – Forte,Marque,Jargar,1,1,Modèle,Classic,1,1,Instrument,Alto,1,1,Corde,Ré,1,1,Taille,"15""-16.5""",1,1,Tension,Heavy,1,1,Attache,,0,1,Âme,,0,1,Filage,,0,1,Type produit,,0,1,Type pack,,0,1,Profil sonore,brillant,1,1,Complexité,pur,1,1,Puissance,puissant,1,1,Réponse,rapide,1,1,Usage,orchestre,1,1,Positionnement,intermédiaire,1,1,Durabilité,moyenne,1,1,Stabilité,excellente,1,1,Temps de rodage,court,1,1
3997,CDM-16706B,Jargar Classic – Ré – Medium,Marque,Jargar,1,1,Modèle,Classic,1,1,Instrument,Alto,1,1,Corde,Ré,1,1,Taille,"15""-16.5""",1,1,Tension,Medium,1,1,Attache,,0,1,Âme,,0,1,Filage,,0,1,Type produit,,0,1,Type pack,,0,1,Profil sonore,brillant,1,1,Complexité,pur,1,1,Puissance,puissant,1,1,Réponse,rapide,1,1,Usage,orchestre,1,1,Positionnement,intermédiaire,1,1,Durabilité,moyenne,1,1,Stabilité,excellente,1,1,Temps de rodage,court,1,1
3999,CDM-6A2FB0,Jargar Classic – Sol – Dolce,Marque,Jargar,1,1,Modèle,Classic,1,1,Instrument,Alto,1,1,Corde,Sol,1,1,Taille,"15""-16.5""",1,1,Tension,,0,1,Attache,,0,1,Âme,,0,1,Filage,,0,1,Type produit,,0,1,Type pack,,0,1,Profil sonore,brillant,1,1,Complexité,pur,1,1,Puissance,puissant,1,1,Réponse,rapide,1,1,Usage,orchestre,1,1,Positionnement,intermédiaire,1,1,Durabilité,moyenne,1,1,Stabilité,excellente,1,1,Temps de rodage,court,1,1
4001,CDM-568ED4,Jargar Classic – Sol – Forte,Marque,Jargar,1,1,Modèle,Classic,1,1,Instrument,Alto,1,1,Corde,Sol,1,1,Taille,"15""-16.5""",1,1,Tension,Heavy,1,1,Attache,,0,1,Âme,,0,1,Filage,,0,1,Type produit,,0,1,Type pack,,0,1,Profil sonore,brillant,1,1,Complexité,pur,1,1,Puissance,puissant,1,1,Réponse,rapide,1,1,Usage,orchestre,1,1,Positionnement,intermédiaire,1,1,Durabilité,moyenne,1,1,Stabilité,excellente,1,1,Temps de rodage,court,1,1
4003,CDM-372ECA,Jargar Classic – Sol – Medium,Marque,Jargar,1,1,Modèle,Classic,1,1,Instrument,Alto,1,1,Corde,Sol,1,1,Taille,"15""-16.5""",1,1,Tension,Medium,1,1,Attache,,0,1,Âme,,0,1,Filage,,0,1,Type produit,,0,1,Type pack,,0,1,Profil sonore,brillant,1,1,Complexité,pur,1,1,Puissance,puissant,1,1,Réponse,rapide,1,1,Usage,orchestre,1,1,Positionnement,intermédiaire,1,1,Durabilité,moyenne,1,1,Stabilité,excellente,1,1,Temps de rodage,court,1,1
4005,CDM-373EF6,Jargar Classic – Do – Dolce,Marque,Jargar,1,1,Modèle,Classic,1,1,Instrument,Alto,1,1,Corde,Do,1,1,Taille,"15""-16.5""",1,1,Tension,,0,1,Attache,,0,1,Âme,,0,1,Filage,,0,1,Type produit,,0,1,Type pack,,0,1,Profil sonore,brillant,1,1,Complexité,pur,1,1,Puissance,puissant,1,1,Réponse,rapide,1,1,Usage,orchestre,1,1,Positionnement,intermédiaire,1,1,Durabilité,moyenne,1,1,Stabilité,excellente,1,1,Temps de rodage,court,1,1
4007,CDM-C1E08E,Jargar Classic – Do – Forte,Marque,Jargar,1,1,Modèle,Classic,1,1,Instrument,Alto,1,1,Corde,Do,1,1,Taille,"15""-16.5""",1,1,Tension,Heavy,1,1,Attache,,0,1,Âme,,0,1,Filage,,0,1,Type produit,,0,1,Type pack,,0,1,Profil sonore,brillant,1,1,Complexité,pur,1,1,Puissance,puissant,1,1,Réponse,rapide,1,1,Usage,orchestre,1,1,Positionnement,intermédiaire,1,1,Durabilité,moyenne,1,1,Stabilité,excellente,1,1,Temps de rodage,court,1,1
4009,CDM-694CD2,Jargar Classic – Do – Medium,Marque,Jargar,1,1,Modèle,Classic,1,1,Instrument,Alto,1,1,Corde,Do,1,1,Taille,"15""-16.5""",1,1,Tension,Medium,1,1,Attache,,0,1,Âme,,0,1,Filage,,0,1,Type produit,,0,1,Type pack,,0,1,Profil sonore,brillant,1,1,Complexité,pur,1,1,Puissance,puissant,1,1,Réponse,rapide,1,1,Usage,orchestre,1,1,Positionnement,intermédiaire,1,1,Durabilité,moyenne,1,1,Stabilité,excellente,1,1,Temps de rodage,court,1,1
4011,CDM-2FF8C6,Jargar Silver sound – Sol – argent – Forte,Marque,Jargar,1,1,Modèle,Silver sound,1,1,Instrument,Alto,1,1,Corde,Sol,1,1,Taille,"15""-16.5""",1,1,Tension,Heavy,1,1,Attache,,0,1,Âme,,0,1,Filage,argent,1,1,Type produit,,0,1,Type pack,,0,1,Profil sonore,brillant,1,1,Complexité,équilibré,1,1,Puissance,puissant,1,1,Réponse,rapide,1,1,Usage,orchestre,1,1,Positionnement,intermédiaire,1,1,Durabilité,moyenne,1,1,Stabilité,bonne,1,1,Temps de rodage,court,1,1
4013,CDM-25322E,Jargar Silver sound – Sol – argent – Medium,Marque,Jargar,1,1,Modèle,Silver sound,1,1,Instrument,Alto,1,1,Corde,Sol,1,1,Taille,"15""-16.5""",1,1,Tension,Medium,1,1,Attache,,0,1,Âme,,0,1,Filage,argent,1,1,Type produit,,0,1,Type pack,,0,1,Profil sonore,brillant,1,1,Complexité,équilibré,1,1,Puissance,puissant,1,1,Réponse,rapide,1,1,Usage,orchestre,1,1,Positionnement,intermédiaire,1,1,Durabilité,moyenne,1,1,Stabilité,bonne,1,1,Temps de rodage,court,1,1
4015,CDM-F9F041,Jargar Silver sound – Do – argent – Medium,Marque,Jargar,1,1,Modèle,Silver sound,1,1,Instrument,Alto,1,1,Corde,Do,1,1,Taille,"15""-16.5""",1,1,Tension,Medium,1,1,Attache,,0,1,Âme,,0,1,Filage,argent,1,1,Type produit,,0,1,Type pack,,0,1,Profil sonore,brillant,1,1,Complexité,équilibré,1,1,Puissance,puissant,1,1,Réponse,rapide,1,1,Usage,orchestre,1,1,Positionnement,intermédiaire,1,1,Durabilité,moyenne,1,1,Stabilité,bonne,1,1,Temps de rodage,court,1,1
4017,CDM-40DD40,Jargar Superior – La – Medium,Marque,Jargar,1,1,Modèle,Superior,1,1,Instrument,Alto,1,1,Corde,La,1,1,Taille,"15""-16.5""",1,1,Tension,Medium,1,1,Attache,,0,1,Âme,,0,1,Filage,,0,1,Type produit,,0,1,Type pack,,0,1,Profil sonore,équilibré,1,1,Complexité,pur,1,1,Puissance,modéré,1,1,Réponse,rapide,1,1,Usage,soliste,1,1,Positionnement,intermédiaire,1,1,Durabilité,moyenne,1,1,Stabilité,bonne,1,1,Temps de rodage,court,1,1
4019,CDM-4AE713,Jargar Superior – Ré – Medium,Marque,Jargar,1,1,Modèle,Superior,1,1,Instrument,Alto,1,1,Corde,Ré,1,1,Taille,"15""-16.5""",1,1,Tension,Medium,1,1,Attache,,0,1,Âme,,0,1,Filage,,0,1,Type produit,,0,1,Type pack,,0,1,Profil sonore,équilibré,1,1,Complexité,pur,1,1,Puissance,modéré,1,1,Réponse,rapide,1,1,Usage,soliste,1,1,Positionnement,intermédiaire,1,1,Durabilité,moyenne,1,1,Stabilité,bonne,1,1,Temps de rodage,court,1,1
4021,CDM-6C72B0,Jargar Superior – Sol – Medium,Marque,Jargar,1,1,Modèle,Superior,1,1,Instrument,Alto,1,1,Corde,Sol,1,1,Taille,"15""-16.5""",1,1,Tension,Medium,1,1,Attache,,0,1,Âme,,0,1,Filage,,0,1,Type produit,,0,1,Type pack,,0,1,Profil sonore,équilibré,1,1,Complexité,pur,1,1,Puissance,modéré,1,1,Réponse,rapide,1,1,Usage,soliste,1,1,Positionnement,intermédiaire,1,1,Durabilité,moyenne,1,1,Stabilité,bonne,1,1,Temps de rodage,court,1,1
4023,CDM-347628,Jargar Superior – Do – Medium,Marque,Jargar,1,1,Modèle,Superior,1,1,Instrument,Alto,1,1,Corde,Do,1,1,Taille,"15""-16.5""",1,1,Tension,Medium,1,1,Attache,,0,1,Âme,,0,1,Filage,,0,1,Type produit,,0,1,Type pack,,0,1,Profil sonore,équilibré,1,1,Complexité,pur,1,1,Puissance,modéré,1,1,Réponse,rapide,1,1,Usage,soliste,1,1,Positionnement,intermédiaire,1,1,Durabilité,moyenne,1,1,Stabilité,bonne,1,1,Temps de rodage,court,1,1
4032,CDM-970EDB,Optima Protos – La – Medium,Marque,Optima,1,1,Modèle,Protos,1,1,Instrument,Alto,1,1,Corde,La,1,1,Taille,"11"", 12"", 13"", 14'', 15'', 16''",1,1,Tension,Medium,1,1,Attache,,0,1,Âme,,0,1,Filage,,0,1,Type produit,,0,1,Type pack,,0,1,Profil sonore,équilibré,1,1,Complexité,équilibré,1,1,Puissance,modéré,1,1,Réponse,rapide,1,1,Usage,orchestre,1,1,Positionnement,intermédiaire,1,1,Durabilité,moyenne,1,1,Stabilité,bonne,1,1,Temps de rodage,court,1,1
4033,CDM-7ADE49,Optima Protos – Ré – Medium,Marque,Optima,1,1,Modèle,Protos,1,1,Instrument,Alto,1,1,Corde,Ré,1,1,Taille,"11"", 12"", 13"", 14'', 15'', 16''",1,1,Tension,Medium,1,1,Attache,,0,1,Âme,,0,1,Filage,,0,1,Type produit,,0,1,Type pack,,0,1,Profil sonore,équilibré,1,1,Complexité,équilibré,1,1,Puissance,modéré,1,1,Réponse,rapide,1,1,Usage,orchestre,1,1,Positionnement,intermédiaire,1,1,Durabilité,moyenne,1,1,Stabilité,bonne,1,1,Temps de rodage,court,1,1
4051,CDM-231283,Larsen Virtuoso – Ré – Extra – Medium – long,Marque,Larsen,1,1,Modèle,Virtuoso,1,1,Instrument,Alto,1,1,Corde,Ré,1,1,Taille,"16""-17""",1,1,Tension,Medium,1,1,Attache,,0,1,Âme,,0,1,Filage,,0,1,Type produit,,0,1,Type pack,,0,1,Profil sonore,chaud,1,1,Complexité,complexe,1,1,Puissance,puissant,1,1,Réponse,rapide,1,1,Usage,soliste,1,1,Positionnement,premium,1,1,Durabilité,moyenne,1,1,Stabilité,bonne,1,1,Temps de rodage,court,1,1
4053,CDM-E79367,Larsen Virtuoso – Ré – Medium,Marque,Larsen,1,1,Modèle,Virtuoso,1,1,Instrument,Alto,1,1,Corde,Ré,1,1,Taille,,0,1,Tension,Medium,1,1,Attache,,0,1,Âme,,0,1,Filage,,0,1,Type produit,,0,1,Type pack,,0,1,Profil sonore,chaud,1,1,Complexité,complexe,1,1,Puissance,puissant,1,1,Réponse,rapide,1,1,Usage,soliste,1,1,Positionnement,premium,1,1,Durabilité,moyenne,1,1,Stabilité,bonne,1,1,Temps de rodage,court,1,1
4055,CDM-E2EDD8,Larsen Virtuoso – Sol – Extra – Medium – long,Marque,Larsen,1,1,Modèle,Virtuoso,1,1,Instrument,Alto,1,1,Corde,Sol,1,1,Taille,"16""-17""",1,1,Tension,Medium,1,1,Attache,,0,1,Âme,,0,1,Filage,,0,1,Type produit,,0,1,Type pack,,0,1,Profil sonore,chaud,1,1,Complexité,complexe,1,1,Puissance,puissant,1,1,Réponse,rapide,1,1,Usage,soliste,1,1,Positionnement,premium,1,1,Durabilité,moyenne,1,1,Stabilité,bonne,1,1,Temps de rodage,court,1,1
4057,CDM-77765D,Larsen Virtuoso – Sol – Medium,Marque,Larsen,1,1,Modèle,Virtuoso,1,1,Instrument,Alto,1,1,Corde,Sol,1,1,Taille,,0,1,Tension,Medium,1,1,Attache,,0,1,Âme,,0,1,Filage,,0,1,Type produit,,0,1,Type pack,,0,1,Profil sonore,chaud,1,1,Complexité,complexe,1,1,Puissance,puissant,1,1,Réponse,rapide,1,1,Usage,soliste,1,1,Positionnement,premium,1,1,Durabilité,moyenne,1,1,Stabilité,bonne,1,1,Temps de rodage,court,1,1
4059,CDM-BB91C0,Larsen Virtuoso – Do – Extra – Medium – Long,Marque,Larsen,1,1,Modèle,Virtuoso,1,1,Instrument,Alto,1,1,Corde,Do,1,1,Taille,"16""-17""",1,1,Tension,Medium,1,1,Attache,,0,1,Âme,,0,1,Filage,,0,1,Type produit,,0,1,Type pack,,0,1,Profil sonore,chaud,1,1,Complexité,complexe,1,1,Puissance,puissant,1,1,Réponse,rapide,1,1,Usage,soliste,1,1,Positionnement,premium,1,1,Durabilité,moyenne,1,1,Stabilité,bonne,1,1,Temps de rodage,court,1,1
4061,CDM-17E9FC,Larsen Virtuoso – Do – Medium,Marque,Larsen,1,1,Modèle,Virtuoso,1,1,Instrument,Alto,1,1,Corde,Do,1,1,Taille,,0,1,Tension,Medium,1,1,Attache,,0,1,Âme,,0,1,Filage,,0,1,Type produit,,0,1,Type pack,,0,1,Profil sonore,chaud,1,1,Complexité,complexe,1,1,Puissance,puissant,1,1,Réponse,rapide,1,1,Usage,soliste,1,1,Positionnement,premium,1,1,Durabilité,moyenne,1,1,Stabilité,bonne,1,1,Temps de rodage,court,1,1
4063,CDM-E87543,Larsen Virtuoso Soloist – Ré – Medium,Marque,Larsen,1,1,Modèle,Virtuoso Soloist,1,1,Instrument,Alto,1,1,Corde,Ré,1,1,Taille,,0,1,Tension,Medium,1,1,Attache,,0,1,Âme,,0,1,Filage,,0,1,Type produit,,0,1,Type pack,,0,1,Profil sonore,chaud,1,1,Complexité,complexe,1,1,Puissance,puissant,1,1,Réponse,rapide,1,1,Usage,soliste,1,1,Positionnement,premium,1,1,Durabilité,moyenne,1,1,Stabilité,bonne,1,1,Temps de rodage,court,1,1
4065,CDM-226B36,Larsen Virtuoso Soloist – Sol – Medium,Marque,Larsen,1,1,Modèle,Virtuoso Soloist,1,1,Instrument,Alto,1,1,Corde,Sol,1,1,Taille,,0,1,Tension,Medium,1,1,Attache,,0,1,Âme,,0,1,Filage,,0,1,Type produit,,0,1,Type pack,,0,1,Profil sonore,chaud,1,1,Complexité,complexe,1,1,Puissance,puissant,1,1,Réponse,rapide,1,1,Usage,soliste,1,1,Positionnement,premium,1,1,Durabilité,moyenne,1,1,Stabilité,bonne,1,1,Temps de rodage,court,1,1
4067,CDM-4D75E6,Larsen Virtuoso Soloist – Do – Medium,Marque,Larsen,1,1,Modèle,Virtuoso Soloist,1,1,Instrument,Alto,1,1,Corde,Do,1,1,Taille,,0,1,Tension,Medium,1,1,Attache,,0,1,Âme,,0,1,Filage,,0,1,Type produit,,0,1,Type pack,,0,1,Profil sonore,chaud,1,1,Complexité,complexe,1,1,Puissance,puissant,1,1,Réponse,rapide,1,1,Usage,soliste,1,1,Positionnement,premium,1,1,Durabilité,moyenne,1,1,Stabilité,bonne,1,1,Temps de rodage,court,1,1
4081,CDM-13EE41,Optima Protos – Sol – Medium,Marque,Optima,1,1,Modèle,Protos,1,1,Instrument,Alto,1,1,Corde,Sol,1,1,Taille,"11"", 12"", 13"", 14'', 15'', 16''",1,1,Tension,Medium,1,1,Attache,,0,1,Âme,,0,1,Filage,,0,1,Type produit,,0,1,Type pack,,0,1,Profil sonore,équilibré,1,1,Complexité,équilibré,1,1,Puissance,modéré,1,1,Réponse,rapide,1,1,Usage,orchestre,1,1,Positionnement,intermédiaire,1,1,Durabilité,moyenne,1,1,Stabilité,bonne,1,1,Temps de rodage,court,1,1
4082,CDM-BBC4D7,Optima Protos – Do – Medium,Marque,Optima,1,1,Modèle,Protos,1,1,Instrument,Alto,1,1,Corde,Do,1,1,Taille,"11"", 12"", 13"", 14'', 15'', 16''",1,1,Tension,Medium,1,1,Attache,,0,1,Âme,,0,1,Filage,,0,1,Type produit,,0,1,Type pack,,0,1,Profil sonore,équilibré,1,1,Complexité,équilibré,1,1,Puissance,modéré,1,1,Réponse,rapide,1,1,Usage,orchestre,1,1,Positionnement,intermédiaire,1,1,Durabilité,moyenne,1,1,Stabilité,bonne,1,1,Temps de rodage,court,1,1
4099,CDM-7B7762,Pirastro Chorda – La – Medium – 14 1/2 / 15'',Marque,Pirastro,1,1,Modèle,Chorda,1,1,Instrument,Alto,1,1,Corde,La,1,1,Taille,"16""",1,1,Tension,Medium,1,1,Attache,,0,1,Âme,,0,1,Filage,,0,1,Type produit,,0,1,Type pack,,0,1,Profil sonore,chaud,1,1,Complexité,complexe,1,1,Puissance,modéré,1,1,Réponse,douce,1,1,Usage,baroque,1,1,Positionnement,premium,1,1,Durabilité,faible,1,1,Stabilité,faible,1,1,Temps de rodage,long,1,1
4101,CDM-95D8B0,Pirastro Chorda – Ré – Medium – 19 1/2 / 15'',Marque,Pirastro,1,1,Modèle,Chorda,1,1,Instrument,Alto,1,1,Corde,Ré,1,1,Taille,"15""",1,1,Tension,Medium,1,1,Attache,,0,1,Âme,,0,1,Filage,,0,1,Type produit,,0,1,Type pack,,0,1,Profil sonore,chaud,1,1,Complexité,complexe,1,1,Puissance,modéré,1,1,Réponse,douce,1,1,Usage,baroque,1,1,Positionnement,premium,1,1,Durabilité,faible,1,1,Stabilité,faible,1,1,Temps de rodage,long,1,1
4103,CDM-0A9D5F,Pirastro Chorda – Sol – Medium – 16 1/2 / 15'',Marque,Pirastro,1,1,Modèle,Chorda,1,1,Instrument,Alto,1,1,Corde,Sol,1,1,Taille,,0,1,Tension,Medium,1,1,Attache,,0,1,Âme,,0,1,Filage,,0,1,Type produit,,0,1,Type pack,,0,1,Profil sonore,chaud,1,1,Complexité,complexe,1,1,Puissance,modéré,1,1,Réponse,douce,1,1,Usage,baroque,1,1,Positionnement,premium,1,1,Durabilité,faible,1,1,Stabilité,faible,1,1,Temps de rodage,long,1,1
4105,CDM-3E69FB,Pirastro Chorda – Do – boyau/cuivre – Medium – 22 1/2 / 15'',Marque,Pirastro,1,1,Modèle,Chorda,1,1,Instrument,Alto,1,1,Corde,Do,1,1,Taille,"15""",1,1,Tension,Medium,1,1,Attache,,0,1,Âme,boyau,1,1,Filage,cuivre,1,1,Type produit,,0,1,Type pack,,0,1,Profil sonore,chaud,1,1,Complexité,complexe,1,1,Puissance,modéré,1,1,Réponse,douce,1,1,Usage,baroque,1,1,Positionnement,premium,1,1,Durabilité,faible,1,1,Stabilité,faible,1,1,Temps de rodage,long,1,1
4107,CDM-A359E9,Pirastro Chorda – Do – boyau/argent – Medium – 22 1/2 / 15'',Marque,Pirastro,1,1,Modèle,Chorda,1,1,Instrument,Alto,1,1,Corde,Do,1,1,Taille,"15""",1,1,Tension,Medium,1,1,Attache,,0,1,Âme,boyau,1,1,Filage,argent,1,1,Type produit,,0,1,Type pack,,0,1,Profil sonore,chaud,1,1,Complexité,complexe,1,1,Puissance,modéré,1,1,Réponse,douce,1,1,Usage,baroque,1,1,Positionnement,premium,1,1,Durabilité,faible,1,1,Stabilité,faible,1,1,Temps de rodage,long,1,1
4109,CDM-B4C378,Pirastro Chromcor – La – Boule amovible – Medium,Marque,Pirastro,1,1,Modèle,Chromcor,1,1,Instrument,Alto,1,1,Corde,La,1,1,Taille,,0,1,Tension,Medium,1,1,Attache,Boule amovible,1,1,Âme,,0,1,Filage,,0,1,Type produit,,0,1,Type pack,,0,1,Profil sonore,brillant,1,1,Complexité,pur,1,1,Puissance,modéré,1,1,Réponse,rapide,1,1,Usage,"étudiant, orchestre",1,1,Positionnement,entrée,1,1,Durabilité,élevée,1,1,Stabilité,excellente,1,1,Temps de rodage,court,1,1
4111,CDM-616AB4,Pirastro Chromcor – Ré – Medium,Marque,Pirastro,1,1,Modèle,Chromcor,1,1,Instrument,Alto,1,1,Corde,Ré,1,1,Taille,,0,1,Tension,Medium,1,1,Attache,,0,1,Âme,,0,1,Filage,,0,1,Type produit,,0,1,Type pack,,0,1,Profil sonore,brillant,1,1,Complexité,pur,1,1,Puissance,modéré,1,1,Réponse,rapide,1,1,Usage,"étudiant, orchestre",1,1,Positionnement,entrée,1,1,Durabilité,élevée,1,1,Stabilité,excellente,1,1,Temps de rodage,court,1,1
4113,CDM-A9F5D4,Pirastro Chromcor – Sol – Medium,Marque,Pirastro,1,1,Modèle,Chromcor,1,1,Instrument,Alto,1,1,Corde,Sol,1,1,Taille,,0,1,Tension,Medium,1,1,Attache,,0,1,Âme,,0,1,Filage,,0,1,Type produit,,0,1,Type pack,,0,1,Profil sonore,brillant,1,1,Complexité,pur,1,1,Puissance,modéré,1,1,Réponse,rapide,1,1,Usage,"étudiant, orchestre",1,1,Positionnement,entrée,1,1,Durabilité,élevée,1,1,Stabilité,excellente,1,1,Temps de rodage,court,1,1
4115,CDM-019A5D,Pirastro Chromcor – Do – Medium,Marque,Pirastro,1,1,Modèle,Chromcor,1,1,Instrument,Alto,1,1,Corde,Do,1,1,Taille,,0,1,Tension,Medium,1,1,Attache,,0,1,Âme,,0,1,Filage,,0,1,Type produit,,0,1,Type pack,,0,1,Profil sonore,brillant,1,1,Complexité,pur,1,1,Puissance,modéré,1,1,Réponse,rapide,1,1,Usage,"étudiant, orchestre",1,1,Positionnement,entrée,1,1,Durabilité,élevée,1,1,Stabilité,excellente,1,1,Temps de rodage,court,1,1
4117,CDM-4A12C3,Pirastro Eudoxa – La – Heavy – 14 1/4,Marque,Pirastro,1,1,Modèle,Eudoxa,1,1,Instrument,Alto,1,1,Corde,La,1,1,Taille,"16""",1,1,Tension,Heavy,1,1,Attache,,0,1,Âme,,0,1,Filage,,0,1,Type produit,,0,1,Type pack,,0,1,Profil sonore,chaud,1,1,Complexité,complexe,1,1,Puissance,modéré,1,1,Réponse,douce,1,1,Usage,soliste,1,1,Positionnement,premium,1,1,Durabilité,faible,1,1,Stabilité,moyenne,1,1,Temps de rodage,long,1,1
4119,CDM-9BAE42,Pirastro Eudoxa – La – Medium – 14,Marque,Pirastro,1,1,Modèle,Eudoxa,1,1,Instrument,Alto,1,1,Corde,La,1,1,Taille,14'',1,1,Tension,Medium,1,1,Attache,,0,1,Âme,,0,1,Filage,,0,1,Type produit,,0,1,Type pack,,0,1,Profil sonore,chaud,1,1,Complexité,complexe,1,1,Puissance,modéré,1,1,Réponse,douce,1,1,Usage,soliste,1,1,Positionnement,premium,1,1,Durabilité,faible,1,1,Stabilité,moyenne,1,1,Temps de rodage,long,1,1
4121,CDM-97A526,Pirastro Eudoxa – Ré – Heavy – 16 1/4,Marque,Pirastro,1,1,Modèle,Eudoxa,1,1,Instrument,Alto,1,1,Corde,Ré,1,1,Taille,"15""",1,1,Tension,Heavy,1,1,Attache,,0,1,Âme,,0,1,Filage,,0,1,Type produit,,0,1,Type pack,,0,1,Profil sonore,chaud,1,1,Complexité,complexe,1,1,Puissance,modéré,1,1,Réponse,douce,1,1,Usage,soliste,1,1,Positionnement,premium,1,1,Durabilité,faible,1,1,Stabilité,moyenne,1,1,Temps de rodage,long,1,1
4123,CDM-5D50F0,Pirastro Eudoxa – Ré – Medium – 16,Marque,Pirastro,1,1,Modèle,Eudoxa,1,1,Instrument,Alto,1,1,Corde,Ré,1,1,Taille,"16""",1,1,Tension,Medium,1,1,Attache,,0,1,Âme,,0,1,Filage,,0,1,Type produit,,0,1,Type pack,,0,1,Profil sonore,chaud,1,1,Complexité,complexe,1,1,Puissance,modéré,1,1,Réponse,douce,1,1,Usage,soliste,1,1,Positionnement,premium,1,1,Durabilité,faible,1,1,Stabilité,moyenne,1,1,Temps de rodage,long,1,1
4125,CDM-5C7BB0,Pirastro Eudoxa – Sol – Medium – 16 1/2,Marque,Pirastro,1,1,Modèle,Eudoxa,1,1,Instrument,Alto,1,1,Corde,Sol,1,1,Taille,,0,1,Tension,Medium,1,1,Attache,,0,1,Âme,,0,1,Filage,,0,1,Type produit,,0,1,Type pack,,0,1,Profil sonore,chaud,1,1,Complexité,complexe,1,1,Puissance,modéré,1,1,Réponse,douce,1,1,Usage,soliste,1,1,Positionnement,premium,1,1,Durabilité,faible,1,1,Stabilité,moyenne,1,1,Temps de rodage,long,1,1
4127,CDM-682935,Pirastro Eudoxa – Sol – Light – 16 1/4,Marque,Pirastro,1,1,Modèle,Eudoxa,1,1,Instrument,Alto,1,1,Corde,Sol,1,1,Taille,"15""",1,1,Tension,Light,1,1,Attache,,0,1,Âme,,0,1,Filage,,0,1,Type produit,,0,1,Type pack,,0,1,Profil sonore,chaud,1,1,Complexité,complexe,1,1,Puissance,modéré,1,1,Réponse,douce,1,1,Usage,soliste,1,1,Positionnement,premium,1,1,Durabilité,faible,1,1,Stabilité,moyenne,1,1,Temps de rodage,long,1,1
4129,CDM-910B7C,Pirastro Eudoxa – Sol – Heavy – 3/4,Marque,Pirastro,1,1,Modèle,Eudoxa,1,1,Instrument,Alto,1,1,Corde,Sol,1,1,Taille,14'',1,1,Tension,Heavy,1,1,Attache,,0,1,Âme,,0,1,Filage,,0,1,Type produit,,0,1,Type pack,,0,1,Profil sonore,chaud,1,1,Complexité,complexe,1,1,Puissance,modéré,1,1,Réponse,douce,1,1,Usage,soliste,1,1,Positionnement,premium,1,1,Durabilité,faible,1,1,Stabilité,moyenne,1,1,Temps de rodage,long,1,1
4131,CDM-A3DFC6,Pirastro Eudoxa – Do – Heavy – 21 1/4,Marque,Pirastro,1,1,Modèle,Eudoxa,1,1,Instrument,Alto,1,1,Corde,Do,1,1,Taille,"15""",1,1,Tension,Heavy,1,1,Attache,,0,1,Âme,,0,1,Filage,,0,1,Type produit,,0,1,Type pack,,0,1,Profil sonore,chaud,1,1,Complexité,complexe,1,1,Puissance,modéré,1,1,Réponse,douce,1,1,Usage,soliste,1,1,Positionnement,premium,1,1,Durabilité,faible,1,1,Stabilité,moyenne,1,1,Temps de rodage,long,1,1
4133,CDM-1A3C8F,Pirastro Eudoxa – Do – Medium – 21,Marque,Pirastro,1,1,Modèle,Eudoxa,1,1,Instrument,Alto,1,1,Corde,Do,1,1,Taille,"16""",1,1,Tension,Medium,1,1,Attache,,0,1,Âme,,0,1,Filage,,0,1,Type produit,,0,1,Type pack,,0,1,Profil sonore,chaud,1,1,Complexité,complexe,1,1,Puissance,modéré,1,1,Réponse,douce,1,1,Usage,soliste,1,1,Positionnement,premium,1,1,Durabilité,faible,1,1,Stabilité,moyenne,1,1,Temps de rodage,long,1,1
4135,CDM-9D41A1,Pirastro Eudoxa-Oliv – Do – 19 tube – Heavy – 3/4,Marque,Pirastro,1,1,Modèle,Eudoxa-Oliv,1,1,Instrument,Alto,1,1,Corde,Do,1,1,Taille,14'',1,1,Tension,Heavy,1,1,Attache,,0,1,Âme,,0,1,Filage,,0,1,Type produit,,0,1,Type pack,,0,1,Profil sonore,chaud,1,1,Complexité,complexe,1,1,Puissance,modéré,1,1,Réponse,douce,1,1,Usage,soliste,1,1,Positionnement,premium,1,1,Durabilité,faible,1,1,Stabilité,moyenne,1,1,Temps de rodage,long,1,1
4137,CDM-DD100F,Pirastro Evah Pirazzi – La – Heavy,Marque,Pirastro,1,1,Modèle,Evah Pirazzi,1,1,Instrument,Alto,1,1,Corde,La,1,1,Taille,,0,1,Tension,Heavy,1,1,Attache,,0,1,Âme,,0,1,Filage,,0,1,Type produit,,0,1,Type pack,,0,1,Profil sonore,brillant,1,1,Complexité,complexe,1,1,Puissance,puissant,1,1,Réponse,rapide,1,1,Usage,soliste,1,1,Positionnement,premium,1,1,Durabilité,élevée,1,1,Stabilité,excellente,1,1,Temps de rodage,court,1,1
4139,CDM-3598E9,Pirastro Evah Pirazzi – La – Light,Marque,Pirastro,1,1,Modèle,Evah Pirazzi,1,1,Instrument,Alto,1,1,Corde,La,1,1,Taille,,0,1,Tension,Light,1,1,Attache,,0,1,Âme,,0,1,Filage,,0,1,Type produit,,0,1,Type pack,,0,1,Profil sonore,brillant,1,1,Complexité,complexe,1,1,Puissance,puissant,1,1,Réponse,rapide,1,1,Usage,soliste,1,1,Positionnement,premium,1,1,Durabilité,élevée,1,1,Stabilité,excellente,1,1,Temps de rodage,court,1,1
4141,CDM-1FA903,Pirastro Evah Pirazzi – La – Medium,Marque,Pirastro,1,1,Modèle,Evah Pirazzi,1,1,Instrument,Alto,1,1,Corde,La,1,1,Taille,,0,1,Tension,Medium,1,1,Attache,,0,1,Âme,,0,1,Filage,,0,1,Type produit,,0,1,Type pack,,0,1,Profil sonore,brillant,1,1,Complexité,complexe,1,1,Puissance,puissant,1,1,Réponse,rapide,1,1,Usage,soliste,1,1,Positionnement,premium,1,1,Durabilité,élevée,1,1,Stabilité,excellente,1,1,Temps de rodage,court,1,1
4143,CDM-047810,Pirastro Evah Pirazzi – Ré – Heavy,Marque,Pirastro,1,1,Modèle,Evah Pirazzi,1,1,Instrument,Alto,1,1,Corde,Ré,1,1,Taille,,0,1,Tension,Heavy,1,1,Attache,,0,1,Âme,,0,1,Filage,,0,1,Type produit,,0,1,Type pack,,0,1,Profil sonore,brillant,1,1,Complexité,complexe,1,1,Puissance,puissant,1,1,Réponse,rapide,1,1,Usage,soliste,1,1,Positionnement,premium,1,1,Durabilité,élevée,1,1,Stabilité,excellente,1,1,Temps de rodage,court,1,1
4145,CDM-52C21F,Pirastro Evah Pirazzi – Ré – Light,Marque,Pirastro,1,1,Modèle,Evah Pirazzi,1,1,Instrument,Alto,1,1,Corde,Ré,1,1,Taille,,0,1,Tension,Light,1,1,Attache,,0,1,Âme,,0,1,Filage,,0,1,Type produit,,0,1,Type pack,,0,1,Profil sonore,brillant,1,1,Complexité,complexe,1,1,Puissance,puissant,1,1,Réponse,rapide,1,1,Usage,soliste,1,1,Positionnement,premium,1,1,Durabilité,élevée,1,1,Stabilité,excellente,1,1,Temps de rodage,court,1,1
4147,CDM-31998A,Pirastro Evah Pirazzi – Ré – Medium,Marque,Pirastro,1,1,Modèle,Evah Pirazzi,1,1,Instrument,Alto,1,1,Corde,Ré,1,1,Taille,,0,1,Tension,Medium,1,1,Attache,,0,1,Âme,,0,1,Filage,,0,1,Type produit,,0,1,Type pack,,0,1,Profil sonore,brillant,1,1,Complexité,complexe,1,1,Puissance,puissant,1,1,Réponse,rapide,1,1,Usage,soliste,1,1,Positionnement,premium,1,1,Durabilité,élevée,1,1,Stabilité,excellente,1,1,Temps de rodage,court,1,1
4149,CDM-BC45A8,Pirastro Evah Pirazzi – Sol – Heavy,Marque,Pirastro,1,1,Modèle,Evah Pirazzi,1,1,Instrument,Alto,1,1,Corde,Sol,1,1,Taille,,0,1,Tension,Heavy,1,1,Attache,,0,1,Âme,,0,1,Filage,,0,1,Type produit,,0,1,Type pack,,0,1,Profil sonore,brillant,1,1,Complexité,complexe,1,1,Puissance,puissant,1,1,Réponse,rapide,1,1,Usage,soliste,1,1,Positionnement,premium,1,1,Durabilité,élevée,1,1,Stabilité,excellente,1,1,Temps de rodage,court,1,1
4151,CDM-354777,Pirastro Evah Pirazzi – Sol – Light,Marque,Pirastro,1,1,Modèle,Evah Pirazzi,1,1,Instrument,Alto,1,1,Corde,Sol,1,1,Taille,,0,1,Tension,Light,1,1,Attache,,0,1,Âme,,0,1,Filage,,0,1,Type produit,,0,1,Type pack,,0,1,Profil sonore,brillant,1,1,Complexité,complexe,1,1,Puissance,puissant,1,1,Réponse,rapide,1,1,Usage,soliste,1,1,Positionnement,premium,1,1,Durabilité,élevée,1,1,Stabilité,excellente,1,1,Temps de rodage,court,1,1
4153,CDM-505772,Pirastro Evah Pirazzi – Sol – Medium,Marque,Pirastro,1,1,Modèle,Evah Pirazzi,1,1,Instrument,Alto,1,1,Corde,Sol,1,1,Taille,,0,1,Tension,Medium,1,1,Attache,,0,1,Âme,,0,1,Filage,,0,1,Type produit,,0,1,Type pack,,0,1,Profil sonore,brillant,1,1,Complexité,complexe,1,1,Puissance,puissant,1,1,Réponse,rapide,1,1,Usage,soliste,1,1,Positionnement,premium,1,1,Durabilité,élevée,1,1,Stabilité,excellente,1,1,Temps de rodage,court,1,1
4155,CDM-04BFDD,Pirastro Evah Pirazzi – Do – Heavy,Marque,Pirastro,1,1,Modèle,Evah Pirazzi,1,1,Instrument,Alto,1,1,Corde,Do,1,1,Taille,,0,1,Tension,Heavy,1,1,Attache,,0,1,Âme,,0,1,Filage,,0,1,Type produit,,0,1,Type pack,,0,1,Profil sonore,brillant,1,1,Complexité,complexe,1,1,Puissance,puissant,1,1,Réponse,rapide,1,1,Usage,soliste,1,1,Positionnement,premium,1,1,Durabilité,élevée,1,1,Stabilité,excellente,1,1,Temps de rodage,court,1,1
4157,CDM-19ADF0,Pirastro Evah Pirazzi – Do – extralarga (Cordal ZMT) – Heavy,Marque,Pirastro,1,1,Modèle,Evah Pirazzi,1,1,Instrument,Alto,1,1,Corde,Do,1,1,Taille,,0,1,Tension,Heavy,1,1,Attache,,0,1,Âme,,0,1,Filage,,0,1,Type produit,,0,1,Type pack,,0,1,Profil sonore,brillant,1,1,Complexité,complexe,1,1,Puissance,puissant,1,1,Réponse,rapide,1,1,Usage,soliste,1,1,Positionnement,premium,1,1,Durabilité,élevée,1,1,Stabilité,excellente,1,1,Temps de rodage,court,1,1
4159,CDM-3F1246,Pirastro Evah Pirazzi – Do – Light,Marque,Pirastro,1,1,Modèle,Evah Pirazzi,1,1,Instrument,Alto,1,1,Corde,Do,1,1,Taille,,0,1,Tension,Light,1,1,Attache,,0,1,Âme,,0,1,Filage,,0,1,Type produit,,0,1,Type pack,,0,1,Profil sonore,brillant,1,1,Complexité,complexe,1,1,Puissance,puissant,1,1,Réponse,rapide,1,1,Usage,soliste,1,1,Positionnement,premium,1,1,Durabilité,élevée,1,1,Stabilité,excellente,1,1,Temps de rodage,court,1,1
4161,CDM-5DA3BA,Pirastro Evah Pirazzi – Do – Medium,Marque,Pirastro,1,1,Modèle,Evah Pirazzi,1,1,Instrument,Alto,1,1,Corde,Do,1,1,Taille,,0,1,Tension,Medium,1,1,Attache,,0,1,Âme,,0,1,Filage,,0,1,Type produit,,0,1,Type pack,,0,1,Profil sonore,brillant,1,1,Complexité,complexe,1,1,Puissance,puissant,1,1,Réponse,rapide,1,1,Usage,soliste,1,1,Positionnement,premium,1,1,Durabilité,élevée,1,1,Stabilité,excellente,1,1,Temps de rodage,court,1,1
4163,CDM-D17C6D,Pirastro Evah Pirazzi Gold – La,Marque,Pirastro,1,1,Modèle,Evah Pirazzi Gold,1,1,Instrument,Alto,1,1,Corde,La,1,1,Taille,,0,1,Tension,,0,1,Attache,,0,1,Âme,,0,1,Filage,or,1,1,Type produit,,0,1,Type pack,,0,1,Profil sonore,chaud,1,1,Complexité,complexe,1,1,Puissance,puissant,1,1,Réponse,rapide,1,1,Usage,soliste,1,1,Positionnement,premium,1,1,Durabilité,élevée,1,1,Stabilité,excellente,1,1,Temps de rodage,court,1,1
4165,CDM-FB8345,Pirastro Evah Pirazzi Gold – Ré,Marque,Pirastro,1,1,Modèle,Evah Pirazzi Gold,1,1,Instrument,Alto,1,1,Corde,Ré,1,1,Taille,,0,1,Tension,,0,1,Attache,,0,1,Âme,,0,1,Filage,or,1,1,Type produit,,0,1,Type pack,,0,1,Profil sonore,chaud,1,1,Complexité,complexe,1,1,Puissance,puissant,1,1,Réponse,rapide,1,1,Usage,soliste,1,1,Positionnement,premium,1,1,Durabilité,élevée,1,1,Stabilité,excellente,1,1,Temps de rodage,court,1,1
4167,CDM-EBFABA,Pirastro Evah Pirazzi Gold – Sol,Marque,Pirastro,1,1,Modèle,Evah Pirazzi Gold,1,1,Instrument,Alto,1,1,Corde,Sol,1,1,Taille,,0,1,Tension,,0,1,Attache,,0,1,Âme,,0,1,Filage,or,1,1,Type produit,,0,1,Type pack,,0,1,Profil sonore,chaud,1,1,Complexité,complexe,1,1,Puissance,puissant,1,1,Réponse,rapide,1,1,Usage,soliste,1,1,Positionnement,premium,1,1,Durabilité,élevée,1,1,Stabilité,excellente,1,1,Temps de rodage,court,1,1
4169,CDM-4F402B,Pirastro Evah Pirazzi Gold – Do – tungstène,Marque,Pirastro,1,1,Modèle,Evah Pirazzi Gold,1,1,Instrument,Alto,1,1,Corde,Do,1,1,Taille,,0,1,Tension,,0,1,Attache,,0,1,Âme,,0,1,Filage,tungstène,1,1,Type produit,,0,1,Type pack,,0,1,Profil sonore,chaud,1,1,Complexité,complexe,1,1,Puissance,puissant,1,1,Réponse,rapide,1,1,Usage,soliste,1,1,Positionnement,premium,1,1,Durabilité,élevée,1,1,Stabilité,excellente,1,1,Temps de rodage,court,1,1
4171,CDM-0DE719,Pirastro Evah Pirazzi Gold – Do – tungstène/argent,Marque,Pirastro,1,1,Modèle,Evah Pirazzi Gold,1,1,Instrument,Alto,1,1,Corde,Do,1,1,Taille,,0,1,Tension,,0,1,Attache,,0,1,Âme,,0,1,Filage,argent,1,1,Type produit,,0,1,Type pack,,0,1,Profil sonore,chaud,1,1,Complexité,complexe,1,1,Puissance,puissant,1,1,Réponse,rapide,1,1,Usage,soliste,1,1,Positionnement,premium,1,1,Durabilité,élevée,1,1,Stabilité,excellente,1,1,Temps de rodage,court,1,1
4173,CDM-F79767,Pirastro Obligato – La – Boule amovible – Heavy,Marque,Pirastro,1,1,Modèle,Obligato,1,1,Instrument,Alto,1,1,Corde,La,1,1,Taille,,0,1,Tension,Heavy,1,1,Attache,Boule amovible,1,1,Âme,,0,1,Filage,,0,1,Type produit,,0,1,Type pack,,0,1,Profil sonore,chaud,1,1,Complexité,complexe,1,1,Puissance,puissant,1,1,Réponse,rapide,1,1,Usage,soliste,1,1,Positionnement,premium,1,1,Durabilité,élevée,1,1,Stabilité,excellente,1,1,Temps de rodage,court,1,1
4175,CDM-7AEDFA,Pirastro Obligato – La – Boule amovible – Light,Marque,Pirastro,1,1,Modèle,Obligato,1,1,Instrument,Alto,1,1,Corde,La,1,1,Taille,,0,1,Tension,Light,1,1,Attache,Boule amovible,1,1,Âme,,0,1,Filage,,0,1,Type produit,,0,1,Type pack,,0,1,Profil sonore,chaud,1,1,Complexité,complexe,1,1,Puissance,puissant,1,1,Réponse,rapide,1,1,Usage,soliste,1,1,Positionnement,premium,1,1,Durabilité,élevée,1,1,Stabilité,excellente,1,1,Temps de rodage,court,1,1
4177,CDM-A04093,Pirastro Obligato – La – Boule amovible – Medium,Marque,Pirastro,1,1,Modèle,Obligato,1,1,Instrument,Alto,1,1,Corde,La,1,1,Taille,,0,1,Tension,Medium,1,1,Attache,Boule amovible,1,1,Âme,,0,1,Filage,,0,1,Type produit,,0,1,Type pack,,0,1,Profil sonore,chaud,1,1,Complexité,complexe,1,1,Puissance,puissant,1,1,Réponse,rapide,1,1,Usage,soliste,1,1,Positionnement,premium,1,1,Durabilité,élevée,1,1,Stabilité,excellente,1,1,Temps de rodage,court,1,1
4179,CDM-C830C1,Pirastro Obligato – Ré – Heavy,Marque,Pirastro,1,1,Modèle,Obligato,1,1,Instrument,Alto,1,1,Corde,Ré,1,1,Taille,,0,1,Tension,Heavy,1,1,Attache,,0,1,Âme,,0,1,Filage,,0,1,Type produit,,0,1,Type pack,,0,1,Profil sonore,chaud,1,1,Complexité,complexe,1,1,Puissance,puissant,1,1,Réponse,rapide,1,1,Usage,soliste,1,1,Positionnement,premium,1,1,Durabilité,élevée,1,1,Stabilité,excellente,1,1,Temps de rodage,court,1,1
4181,CDM-681CB6,Pirastro Obligato – Ré – Light,Marque,Pirastro,1,1,Modèle,Obligato,1,1,Instrument,Alto,1,1,Corde,Ré,1,1,Taille,,0,1,Tension,Light,1,1,Attache,,0,1,Âme,,0,1,Filage,,0,1,Type produit,,0,1,Type pack,,0,1,Profil sonore,chaud,1,1,Complexité,complexe,1,1,Puissance,puissant,1,1,Réponse,rapide,1,1,Usage,soliste,1,1,Positionnement,premium,1,1,Durabilité,élevée,1,1,Stabilité,excellente,1,1,Temps de rodage,court,1,1
4183,CDM-D1536C,Pirastro Obligato – Ré – Medium,Marque,Pirastro,1,1,Modèle,Obligato,1,1,Instrument,Alto,1,1,Corde,Ré,1,1,Taille,,0,1,Tension,Medium,1,1,Attache,,0,1,Âme,,0,1,Filage,,0,1,Type produit,,0,1,Type pack,,0,1,Profil sonore,chaud,1,1,Complexité,complexe,1,1,Puissance,puissant,1,1,Réponse,rapide,1,1,Usage,soliste,1,1,Positionnement,premium,1,1,Durabilité,élevée,1,1,Stabilité,excellente,1,1,Temps de rodage,court,1,1
4185,CDM-53578E,Pirastro Obligato – Sol – Heavy,Marque,Pirastro,1,1,Modèle,Obligato,1,1,Instrument,Alto,1,1,Corde,Sol,1,1,Taille,,0,1,Tension,Heavy,1,1,Attache,,0,1,Âme,,0,1,Filage,,0,1,Type produit,,0,1,Type pack,,0,1,Profil sonore,chaud,1,1,Complexité,complexe,1,1,Puissance,puissant,1,1,Réponse,rapide,1,1,Usage,soliste,1,1,Positionnement,premium,1,1,Durabilité,élevée,1,1,Stabilité,excellente,1,1,Temps de rodage,court,1,1
4187,CDM-E0A6E7,Pirastro Obligato – Sol – Light,Marque,Pirastro,1,1,Modèle,Obligato,1,1,Instrument,Alto,1,1,Corde,Sol,1,1,Taille,,0,1,Tension,Light,1,1,Attache,,0,1,Âme,,0,1,Filage,,0,1,Type produit,,0,1,Type pack,,0,1,Profil sonore,chaud,1,1,Complexité,complexe,1,1,Puissance,puissant,1,1,Réponse,rapide,1,1,Usage,soliste,1,1,Positionnement,premium,1,1,Durabilité,élevée,1,1,Stabilité,excellente,1,1,Temps de rodage,court,1,1
4189,CDM-6CFB38,Pirastro Obligato – Sol – Medium,Marque,Pirastro,1,1,Modèle,Obligato,1,1,Instrument,Alto,1,1,Corde,Sol,1,1,Taille,,0,1,Tension,Medium,1,1,Attache,,0,1,Âme,,0,1,Filage,,0,1,Type produit,,0,1,Type pack,,0,1,Profil sonore,chaud,1,1,Complexité,complexe,1,1,Puissance,puissant,1,1,Réponse,rapide,1,1,Usage,soliste,1,1,Positionnement,premium,1,1,Durabilité,élevée,1,1,Stabilité,excellente,1,1,Temps de rodage,court,1,1
4191,CDM-F903C3,Pirastro Obligato – Do – Heavy,Marque,Pirastro,1,1,Modèle,Obligato,1,1,Instrument,Alto,1,1,Corde,Do,1,1,Taille,,0,1,Tension,Heavy,1,1,Attache,,0,1,Âme,,0,1,Filage,,0,1,Type produit,,0,1,Type pack,,0,1,Profil sonore,chaud,1,1,Complexité,complexe,1,1,Puissance,puissant,1,1,Réponse,rapide,1,1,Usage,soliste,1,1,Positionnement,premium,1,1,Durabilité,élevée,1,1,Stabilité,excellente,1,1,Temps de rodage,court,1,1
4193,CDM-01EFF9,Pirastro Obligato – Do – Light,Marque,Pirastro,1,1,Modèle,Obligato,1,1,Instrument,Alto,1,1,Corde,Do,1,1,Taille,,0,1,Tension,Light,1,1,Attache,,0,1,Âme,,0,1,Filage,,0,1,Type produit,,0,1,Type pack,,0,1,Profil sonore,chaud,1,1,Complexité,complexe,1,1,Puissance,puissant,1,1,Réponse,rapide,1,1,Usage,soliste,1,1,Positionnement,premium,1,1,Durabilité,élevée,1,1,Stabilité,excellente,1,1,Temps de rodage,court,1,1
4195,CDM-31ECF6,Pirastro Obligato – Do – Medium,Marque,Pirastro,1,1,Modèle,Obligato,1,1,Instrument,Alto,1,1,Corde,Do,1,1,Taille,,0,1,Tension,Medium,1,1,Attache,,0,1,Âme,,0,1,Filage,,0,1,Type produit,,0,1,Type pack,,0,1,Profil sonore,chaud,1,1,Complexité,complexe,1,1,Puissance,puissant,1,1,Réponse,rapide,1,1,Usage,soliste,1,1,Positionnement,premium,1,1,Durabilité,élevée,1,1,Stabilité,excellente,1,1,Temps de rodage,court,1,1
4197,CDM-755BFF,Pirastro Oliv – La – Medium – 3/4,Marque,Pirastro,1,1,Modèle,Oliv,1,1,Instrument,Alto,1,1,Corde,La,1,1,Taille,14'',1,1,Tension,Medium,1,1,Attache,,0,1,Âme,,0,1,Filage,,0,1,Type produit,,0,1,Type pack,,0,1,Profil sonore,chaud,1,1,Complexité,complexe,1,1,Puissance,modéré,1,1,Réponse,douce,1,1,Usage,soliste,1,1,Positionnement,premium,1,1,Durabilité,faible,1,1,Stabilité,moyenne,1,1,Temps de rodage,long,1,1
4199,CDM-1B62DD,Pirastro Oliv – Ré – boyau/argent – Heavy – 14 1/2,Marque,Pirastro,1,1,Modèle,Oliv,1,1,Instrument,Alto,1,1,Corde,Ré,1,1,Taille,"16""",1,1,Tension,Heavy,1,1,Attache,,0,1,Âme,boyau,1,1,Filage,argent,1,1,Type produit,,0,1,Type pack,,0,1,Profil sonore,chaud,1,1,Complexité,complexe,1,1,Puissance,modéré,1,1,Réponse,douce,1,1,Usage,soliste,1,1,Positionnement,premium,1,1,Durabilité,faible,1,1,Stabilité,moyenne,1,1,Temps de rodage,long,1,1
4201,CDM-112961,Pirastro Oliv – Ré – boyau/argent – Medium – 14 1/4,Marque,Pirastro,1,1,Modèle,Oliv,1,1,Instrument,Alto,1,1,Corde,Ré,1,1,Taille,"16""",1,1,Tension,Medium,1,1,Attache,,0,1,Âme,boyau,1,1,Filage,argent,1,1,Type produit,,0,1,Type pack,,0,1,Profil sonore,chaud,1,1,Complexité,complexe,1,1,Puissance,modéré,1,1,Réponse,douce,1,1,Usage,soliste,1,1,Positionnement,premium,1,1,Durabilité,faible,1,1,Stabilité,moyenne,1,1,Temps de rodage,long,1,1
4203,CDM-8B7D4C,Pirastro Oliv – Ré – boyau/or/aluminium – Heavy – 16 1/2,Marque,Pirastro,1,1,Modèle,Oliv,1,1,Instrument,Alto,1,1,Corde,Ré,1,1,Taille,,0,1,Tension,Heavy,1,1,Attache,,0,1,Âme,boyau,1,1,Filage,aluminium,1,1,Type produit,,0,1,Type pack,,0,1,Profil sonore,chaud,1,1,Complexité,complexe,1,1,Puissance,modéré,1,1,Réponse,douce,1,1,Usage,soliste,1,1,Positionnement,premium,1,1,Durabilité,faible,1,1,Stabilité,moyenne,1,1,Temps de rodage,long,1,1
4205,CDM-AA14EF,Pirastro Oliv – Ré – boyau/or/aluminium – Medium – 16 1/4,Marque,Pirastro,1,1,Modèle,Oliv,1,1,Instrument,Alto,1,1,Corde,Ré,1,1,Taille,"15""",1,1,Tension,Medium,1,1,Attache,,0,1,Âme,boyau,1,1,Filage,aluminium,1,1,Type produit,,0,1,Type pack,,0,1,Profil sonore,chaud,1,1,Complexité,complexe,1,1,Puissance,modéré,1,1,Réponse,douce,1,1,Usage,soliste,1,1,Positionnement,premium,1,1,Durabilité,faible,1,1,Stabilité,moyenne,1,1,Temps de rodage,long,1,1
4207,CDM-64C558,Pirastro Oliv – Sol – Medium – 17,Marque,Pirastro,1,1,Modèle,Oliv,1,1,Instrument,Alto,1,1,Corde,Sol,1,1,Taille,"17""",1,1,Tension,Medium,1,1,Attache,,0,1,Âme,,0,1,Filage,,0,1,Type produit,,0,1,Type pack,,0,1,Profil sonore,chaud,1,1,Complexité,complexe,1,1,Puissance,modéré,1,1,Réponse,douce,1,1,Usage,soliste,1,1,Positionnement,premium,1,1,Durabilité,faible,1,1,Stabilité,moyenne,1,1,Temps de rodage,long,1,1
4210,CDM-D8FB8F,Pirastro Oliv – Do – Medium – 3/4,Marque,Pirastro,1,1,Modèle,Oliv,1,1,Instrument,Alto,1,1,Corde,Do,1,1,Taille,14'',1,1,Tension,Medium,1,1,Attache,,0,1,Âme,,0,1,Filage,,0,1,Type produit,,0,1,Type pack,,0,1,Profil sonore,chaud,1,1,Complexité,complexe,1,1,Puissance,modéré,1,1,Réponse,douce,1,1,Usage,soliste,1,1,Positionnement,premium,1,1,Durabilité,faible,1,1,Stabilité,moyenne,1,1,Temps de rodage,long,1,1
4212,CDM-D5D41A,Pirastro Oliv-Stiff – Ré – Medium – 17,Marque,Pirastro,1,1,Modèle,Oliv-Stiff,1,1,Instrument,Alto,1,1,Corde,Ré,1,1,Taille,"17""",1,1,Tension,Medium,1,1,Attache,,0,1,Âme,,0,1,Filage,,0,1,Type produit,,0,1,Type pack,,0,1,Profil sonore,chaud,1,1,Complexité,complexe,1,1,Puissance,puissant,1,1,Réponse,douce,1,1,Usage,soliste,1,1,Positionnement,premium,1,1,Durabilité,faible,1,1,Stabilité,moyenne,1,1,Temps de rodage,long,1,1
4214,CDM-3BD7AE,Pirastro Oliv-Stiff – Sol – Heavy – 16 1/2,Marque,Pirastro,1,1,Modèle,Oliv-Stiff,1,1,Instrument,Alto,1,1,Corde,Sol,1,1,Taille,,0,1,Tension,Heavy,1,1,Attache,,0,1,Âme,,0,1,Filage,,0,1,Type produit,,0,1,Type pack,,0,1,Profil sonore,chaud,1,1,Complexité,complexe,1,1,Puissance,puissant,1,1,Réponse,douce,1,1,Usage,soliste,1,1,Positionnement,premium,1,1,Durabilité,faible,1,1,Stabilité,moyenne,1,1,Temps de rodage,long,1,1
4216,CDM-A63487,Pirastro Oliv-Stiff – Sol – Medium – 16 1/4,Marque,Pirastro,1,1,Modèle,Oliv-Stiff,1,1,Instrument,Alto,1,1,Corde,Sol,1,1,Taille,"15""",1,1,Tension,Medium,1,1,Attache,,0,1,Âme,,0,1,Filage,,0,1,Type produit,,0,1,Type pack,,0,1,Profil sonore,chaud,1,1,Complexité,complexe,1,1,Puissance,puissant,1,1,Réponse,douce,1,1,Usage,soliste,1,1,Positionnement,premium,1,1,Durabilité,faible,1,1,Stabilité,moyenne,1,1,Temps de rodage,long,1,1
4218,CDM-1F00AB,Pirastro Oliv-Stiff – Do – Medium – 21,Marque,Pirastro,1,1,Modèle,Oliv-Stiff,1,1,Instrument,Alto,1,1,Corde,Do,1,1,Taille,"16""",1,1,Tension,Medium,1,1,Attache,,0,1,Âme,,0,1,Filage,,0,1,Type produit,,0,1,Type pack,,0,1,Profil sonore,chaud,1,1,Complexité,complexe,1,1,Puissance,puissant,1,1,Réponse,douce,1,1,Usage,soliste,1,1,Positionnement,premium,1,1,Durabilité,faible,1,1,Stabilité,moyenne,1,1,Temps de rodage,long,1,1
4220,CDM-038588,Pirastro Passione – La – boyau/aluminium – Heavy – 14 1/2,Marque,Pirastro,1,1,Modèle,Passione,1,1,Instrument,Alto,1,1,Corde,La,1,1,Taille,"16""",1,1,Tension,Heavy,1,1,Attache,,0,1,Âme,boyau,1,1,Filage,aluminium,1,1,Type produit,,0,1,Type pack,,0,1,Profil sonore,chaud,1,1,Complexité,complexe,1,1,Puissance,modéré,1,1,Réponse,rapide,1,1,Usage,soliste,1,1,Positionnement,premium,1,1,Durabilité,moyenne,1,1,Stabilité,bonne,1,1,Temps de rodage,moyen,1,1
4222,CDM-DB63C9,Pirastro Passione – La – boyau/aluminium – Medium – 14 1/4,Marque,Pirastro,1,1,Modèle,Passione,1,1,Instrument,Alto,1,1,Corde,La,1,1,Taille,"16""",1,1,Tension,Medium,1,1,Attache,,0,1,Âme,boyau,1,1,Filage,aluminium,1,1,Type produit,,0,1,Type pack,,0,1,Profil sonore,chaud,1,1,Complexité,complexe,1,1,Puissance,modéré,1,1,Réponse,rapide,1,1,Usage,soliste,1,1,Positionnement,premium,1,1,Durabilité,moyenne,1,1,Stabilité,bonne,1,1,Temps de rodage,moyen,1,1
4224,CDM-3D0F6B,Pirastro Passione – La – boyau/aluminium – Light – 14,Marque,Pirastro,1,1,Modèle,Passione,1,1,Instrument,Alto,1,1,Corde,La,1,1,Taille,14'',1,1,Tension,Light,1,1,Attache,,0,1,Âme,boyau,1,1,Filage,aluminium,1,1,Type produit,,0,1,Type pack,,0,1,Profil sonore,chaud,1,1,Complexité,complexe,1,1,Puissance,modéré,1,1,Réponse,rapide,1,1,Usage,soliste,1,1,Positionnement,premium,1,1,Durabilité,moyenne,1,1,Stabilité,bonne,1,1,Temps de rodage,moyen,1,1
4226,CDM-349940,Pirastro Passione – La – acier/acier chromé – Boule amovible – Heavy,Marque,Pirastro,1,1,Modèle,Passione,1,1,Instrument,Alto,1,1,Corde,La,1,1,Taille,,0,1,Tension,Heavy,1,1,Attache,Boule amovible,1,1,Âme,acier,1,1,Filage,acier chromé,1,1,Type produit,,0,1,Type pack,,0,1,Profil sonore,chaud,1,1,Complexité,complexe,1,1,Puissance,modéré,1,1,Réponse,rapide,1,1,Usage,soliste,1,1,Positionnement,premium,1,1,Durabilité,moyenne,1,1,Stabilité,bonne,1,1,Temps de rodage,moyen,1,1
4228,CDM-ED7533,Pirastro Passione – La – acier/acier chromé – Boule amovible – Medium,Marque,Pirastro,1,1,Modèle,Passione,1,1,Instrument,Alto,1,1,Corde,La,1,1,Taille,,0,1,Tension,Medium,1,1,Attache,Boule amovible,1,1,Âme,acier,1,1,Filage,acier chromé,1,1,Type produit,,0,1,Type pack,,0,1,Profil sonore,chaud,1,1,Complexité,complexe,1,1,Puissance,modéré,1,1,Réponse,rapide,1,1,Usage,soliste,1,1,Positionnement,premium,1,1,Durabilité,moyenne,1,1,Stabilité,bonne,1,1,Temps de rodage,moyen,1,1
4230,CDM-8B09D0,Pirastro Passione – Ré – Light – 3/4,Marque,Pirastro,1,1,Modèle,Passione,1,1,Instrument,Alto,1,1,Corde,Ré,1,1,Taille,14'',1,1,Tension,Light,1,1,Attache,,0,1,Âme,,0,1,Filage,,0,1,Type produit,,0,1,Type pack,,0,1,Profil sonore,chaud,1,1,Complexité,complexe,1,1,Puissance,modéré,1,1,Réponse,rapide,1,1,Usage,soliste,1,1,Positionnement,premium,1,1,Durabilité,moyenne,1,1,Stabilité,bonne,1,1,Temps de rodage,moyen,1,1
4232,CDM-0606E6,Pirastro Passione – Ré – Heavy – 14 1/4,Marque,Pirastro,1,1,Modèle,Passione,1,1,Instrument,Alto,1,1,Corde,Ré,1,1,Taille,"16""",1,1,Tension,Heavy,1,1,Attache,,0,1,Âme,,0,1,Filage,,0,1,Type produit,,0,1,Type pack,,0,1,Profil sonore,chaud,1,1,Complexité,complexe,1,1,Puissance,modéré,1,1,Réponse,rapide,1,1,Usage,soliste,1,1,Positionnement,premium,1,1,Durabilité,moyenne,1,1,Stabilité,bonne,1,1,Temps de rodage,moyen,1,1
4234,CDM-EADC97,Pirastro Passione – Ré – Medium – 14,Marque,Pirastro,1,1,Modèle,Passione,1,1,Instrument,Alto,1,1,Corde,Ré,1,1,Taille,14'',1,1,Tension,Medium,1,1,Attache,,0,1,Âme,,0,1,Filage,,0,1,Type produit,,0,1,Type pack,,0,1,Profil sonore,chaud,1,1,Complexité,complexe,1,1,Puissance,modéré,1,1,Réponse,rapide,1,1,Usage,soliste,1,1,Positionnement,premium,1,1,Durabilité,moyenne,1,1,Stabilité,bonne,1,1,Temps de rodage,moyen,1,1
4236,CDM-D08B4B,Pirastro Passione – Sol – Heavy – 17 1/4,Marque,Pirastro,1,1,Modèle,Passione,1,1,Instrument,Alto,1,1,Corde,Sol,1,1,Taille,"15""",1,1,Tension,Heavy,1,1,Attache,,0,1,Âme,,0,1,Filage,,0,1,Type produit,,0,1,Type pack,,0,1,Profil sonore,chaud,1,1,Complexité,complexe,1,1,Puissance,modéré,1,1,Réponse,rapide,1,1,Usage,soliste,1,1,Positionnement,premium,1,1,Durabilité,moyenne,1,1,Stabilité,bonne,1,1,Temps de rodage,moyen,1,1
4238,CDM-785977,Pirastro Passione – Sol – Medium – 17,Marque,Pirastro,1,1,Modèle,Passione,1,1,Instrument,Alto,1,1,Corde,Sol,1,1,Taille,"17""",1,1,Tension,Medium,1,1,Attache,,0,1,Âme,,0,1,Filage,,0,1,Type produit,,0,1,Type pack,,0,1,Profil sonore,chaud,1,1,Complexité,complexe,1,1,Puissance,modéré,1,1,Réponse,rapide,1,1,Usage,soliste,1,1,Positionnement,premium,1,1,Durabilité,moyenne,1,1,Stabilité,bonne,1,1,Temps de rodage,moyen,1,1
4240,CDM-D533A1,Pirastro Passione – Do – Heavy – 20 1/4,Marque,Pirastro,1,1,Modèle,Passione,1,1,Instrument,Alto,1,1,Corde,Do,1,1,Taille,"15""",1,1,Tension,Heavy,1,1,Attache,,0,1,Âme,,0,1,Filage,,0,1,Type produit,,0,1,Type pack,,0,1,Profil sonore,chaud,1,1,Complexité,complexe,1,1,Puissance,modéré,1,1,Réponse,rapide,1,1,Usage,soliste,1,1,Positionnement,premium,1,1,Durabilité,moyenne,1,1,Stabilité,bonne,1,1,Temps de rodage,moyen,1,1
4242,CDM-B6A1B1,Pirastro Passione – Do – Medium – 20,Marque,Pirastro,1,1,Modèle,Passione,1,1,Instrument,Alto,1,1,Corde,Do,1,1,Taille,"16""",1,1,Tension,Medium,1,1,Attache,,0,1,Âme,,0,1,Filage,,0,1,Type produit,,0,1,Type pack,,0,1,Profil sonore,chaud,1,1,Complexité,complexe,1,1,Puissance,modéré,1,1,Réponse,rapide,1,1,Usage,soliste,1,1,Positionnement,premium,1,1,Durabilité,moyenne,1,1,Stabilité,bonne,1,1,Temps de rodage,moyen,1,1
4244,CDM-F5B050,Pirastro Permanent – Ré – Medium,Marque,Pirastro,1,1,Modèle,Permanent,1,1,Instrument,Alto,1,1,Corde,Ré,1,1,Taille,,0,1,Tension,Medium,1,1,Attache,,0,1,Âme,,0,1,Filage,,0,1,Type produit,,0,1,Type pack,,0,1,Profil sonore,brillant,1,1,Complexité,équilibré,1,1,Puissance,modéré,1,1,Réponse,rapide,1,1,Usage,orchestre,1,1,Positionnement,intermédiaire,1,1,Durabilité,élevée,1,1,Stabilité,excellente,1,1,Temps de rodage,court,1,1
4245,CDM-38B203,Pirastro Tonica – La – Medium,Marque,Pirastro,1,1,Modèle,Tonica,1,1,Instrument,Alto,1,1,Corde,La,1,1,Taille,"10""-11"", 12""-13"", 14""-15""-16""",1,1,Tension,Medium,1,1,Attache,,0,1,Âme,,0,1,Filage,,0,1,Type produit,,0,1,Type pack,,0,1,Profil sonore,équilibré,1,1,Complexité,équilibré,1,1,Puissance,modéré,1,1,Réponse,rapide,1,1,Usage,étudiant,1,1,Positionnement,entrée,1,1,Durabilité,moyenne,1,1,Stabilité,excellente,1,1,Temps de rodage,court,1,1
4246,CDM-321C76,Pirastro Tonica – Ré – Medium,Marque,Pirastro,1,1,Modèle,Tonica,1,1,Instrument,Alto,1,1,Corde,Ré,1,1,Taille,"10""-11"", 12""-13"", 14""-15""-16""",1,1,Tension,Medium,1,1,Attache,,0,1,Âme,,0,1,Filage,,0,1,Type produit,,0,1,Type pack,,0,1,Profil sonore,équilibré,1,1,Complexité,équilibré,1,1,Puissance,modéré,1,1,Réponse,rapide,1,1,Usage,étudiant,1,1,Positionnement,entrée,1,1,Durabilité,moyenne,1,1,Stabilité,excellente,1,1,Temps de rodage,court,1,1
4247,CDM-DD8590,Pirastro Tonica – Sol – Medium,Marque,Pirastro,1,1,Modèle,Tonica,1,1,Instrument,Alto,1,1,Corde,Sol,1,1,Taille,"10""-11"", 12""-13"", 14""-15""-16""",1,1,Tension,Medium,1,1,Attache,,0,1,Âme,,0,1,Filage,,0,1,Type produit,,0,1,Type pack,,0,1,Profil sonore,équilibré,1,1,Complexité,équilibré,1,1,Puissance,modéré,1,1,Réponse,rapide,1,1,Usage,étudiant,1,1,Positionnement,entrée,1,1,Durabilité,moyenne,1,1,Stabilité,excellente,1,1,Temps de rodage,court,1,1
4248,CDM-5FA5DB,Pirastro Tonica – Do – Medium,Marque,Pirastro,1,1,Modèle,Tonica,1,1,Instrument,Alto,1,1,Corde,Do,1,1,Taille,"10""-11"", 12""-13"", 14""-15""-16""",1,1,Tension,Medium,1,1,Attache,,0,1,Âme,,0,1,Filage,,0,1,Type produit,,0,1,Type pack,,0,1,Profil sonore,équilibré,1,1,Complexité,équilibré,1,1,Puissance,modéré,1,1,Réponse,rapide,1,1,Usage,étudiant,1,1,Positionnement,entrée,1,1,Durabilité,moyenne,1,1,Stabilité,excellente,1,1,Temps de rodage,court,1,1
4250,CDM-E5DD17,Pirastro Permanent – Sol – Medium,Marque,Pirastro,1,1,Modèle,Permanent,1,1,Instrument,Alto,1,1,Corde,Sol,1,1,Taille,,0,1,Tension,Medium,1,1,Attache,,0,1,Âme,,0,1,Filage,,0,1,Type produit,,0,1,Type pack,,0,1,Profil sonore,brillant,1,1,Complexité,équilibré,1,1,Puissance,modéré,1,1,Réponse,rapide,1,1,Usage,orchestre,1,1,Positionnement,intermédiaire,1,1,Durabilité,élevée,1,1,Stabilité,excellente,1,1,Temps de rodage,court,1,1
4252,CDM-EB666E,Pirastro Permanent – Do – Medium,Marque,Pirastro,1,1,Modèle,Permanent,1,1,Instrument,Alto,1,1,Corde,Do,1,1,Taille,,0,1,Tension,Medium,1,1,Attache,,0,1,Âme,,0,1,Filage,,0,1,Type produit,,0,1,Type pack,,0,1,Profil sonore,brillant,1,1,Complexité,équilibré,1,1,Puissance,modéré,1,1,Réponse,rapide,1,1,Usage,orchestre,1,1,Positionnement,intermédiaire,1,1,Durabilité,élevée,1,1,Stabilité,excellente,1,1,Temps de rodage,court,1,1
4254,CDM-41C7BC,Pirastro Perpetual – La – Boule – Medium,Marque,Pirastro,1,1,Modèle,Perpetual,1,1,Instrument,Alto,1,1,Corde,La,1,1,Taille,,0,1,Tension,Medium,1,1,Attache,Boule,1,1,Âme,,0,1,Filage,,0,1,Type produit,,0,1,Type pack,,0,1,Profil sonore,brillant,1,1,Complexité,complexe,1,1,Puissance,puissant,1,1,Réponse,rapide,1,1,Usage,soliste,1,1,Positionnement,premium,1,1,Durabilité,élevée,1,1,Stabilité,excellente,1,1,Temps de rodage,court,1,1
4256,CDM-A0ADC2,Pirastro Perpetual – La – Boucle – Medium,Marque,Pirastro,1,1,Modèle,Perpetual,1,1,Instrument,Alto,1,1,Corde,La,1,1,Taille,,0,1,Tension,Medium,1,1,Attache,Boucle,1,1,Âme,,0,1,Filage,,0,1,Type produit,,0,1,Type pack,,0,1,Profil sonore,brillant,1,1,Complexité,complexe,1,1,Puissance,puissant,1,1,Réponse,rapide,1,1,Usage,soliste,1,1,Positionnement,premium,1,1,Durabilité,élevée,1,1,Stabilité,excellente,1,1,Temps de rodage,court,1,1
4258,CDM-382F4A,Pirastro Perpetual – Ré – Medium,Marque,Pirastro,1,1,Modèle,Perpetual,1,1,Instrument,Alto,1,1,Corde,Ré,1,1,Taille,,0,1,Tension,Medium,1,1,Attache,,0,1,Âme,,0,1,Filage,,0,1,Type produit,,0,1,Type pack,,0,1,Profil sonore,brillant,1,1,Complexité,complexe,1,1,Puissance,puissant,1,1,Réponse,rapide,1,1,Usage,soliste,1,1,Positionnement,premium,1,1,Durabilité,élevée,1,1,Stabilité,excellente,1,1,Temps de rodage,court,1,1
4260,CDM-C155AC,Pirastro Perpetual – Sol – Medium,Marque,Pirastro,1,1,Modèle,Perpetual,1,1,Instrument,Alto,1,1,Corde,Sol,1,1,Taille,,0,1,Tension,Medium,1,1,Attache,,0,1,Âme,,0,1,Filage,,0,1,Type produit,,0,1,Type pack,,0,1,Profil sonore,brillant,1,1,Complexité,complexe,1,1,Puissance,puissant,1,1,Réponse,rapide,1,1,Usage,soliste,1,1,Positionnement,premium,1,1,Durabilité,élevée,1,1,Stabilité,excellente,1,1,Temps de rodage,court,1,1
4262,CDM-B676AC,Pirastro Perpetual – Do – Medium,Marque,Pirastro,1,1,Modèle,Perpetual,1,1,Instrument,Alto,1,1,Corde,Do,1,1,Taille,,0,1,Tension,Medium,1,1,Attache,,0,1,Âme,,0,1,Filage,,0,1,Type produit,,0,1,Type pack,,0,1,Profil sonore,brillant,1,1,Complexité,complexe,1,1,Puissance,puissant,1,1,Réponse,rapide,1,1,Usage,soliste,1,1,Positionnement,premium,1,1,Durabilité,élevée,1,1,Stabilité,excellente,1,1,Temps de rodage,court,1,1
4264,CDM-20C3A2,Pirastro Synoxa – Sol,Marque,Pirastro,1,1,Modèle,Synoxa,1,1,Instrument,Alto,1,1,Corde,Sol,1,1,Taille,,0,1,Tension,,0,1,Attache,,0,1,Âme,,0,1,Filage,,0,1,Type produit,,0,1,Type pack,,0,1,Profil sonore,chaud,1,1,Complexité,équilibré,1,1,Puissance,modéré,1,1,Réponse,rapide,1,1,Usage,orchestre,1,1,Positionnement,intermédiaire,1,1,Durabilité,moyenne,1,1,Stabilité,bonne,1,1,Temps de rodage,court,1,1
4287,CDM-5FDF84,Thomastik Alphayue – La,Marque,Thomastik,1,1,Modèle,Alphayue,1,1,Instrument,Alto,1,1,Corde,La,1,1,Taille,"11"", 12"", 13"", 14"", 15""",1,1,Tension,,0,1,Attache,,0,1,Âme,,0,1,Filage,,0,1,Type produit,,0,1,Type pack,,0,1,Profil sonore,équilibré,1,1,Complexité,équilibré,1,1,Puissance,modéré,1,1,Réponse,rapide,1,1,Usage,étudiant,1,1,Positionnement,entrée,1,1,Durabilité,moyenne,1,1,Stabilité,bonne,1,1,Temps de rodage,court,1,1
4288,CDM-99C3A7,Thomastik Alphayue – Ré,Marque,Thomastik,1,1,Modèle,Alphayue,1,1,Instrument,Alto,1,1,Corde,Ré,1,1,Taille,"11"", 12"", 13"", 14"", 15""",1,1,Tension,,0,1,Attache,,0,1,Âme,,0,1,Filage,,0,1,Type produit,,0,1,Type pack,,0,1,Profil sonore,équilibré,1,1,Complexité,équilibré,1,1,Puissance,modéré,1,1,Réponse,rapide,1,1,Usage,étudiant,1,1,Positionnement,entrée,1,1,Durabilité,moyenne,1,1,Stabilité,bonne,1,1,Temps de rodage,court,1,1
4289,CDM-2D9189,Thomastik Alphayue – Sol,Marque,Thomastik,1,1,Modèle,Alphayue,1,1,Instrument,Alto,1,1,Corde,Sol,1,1,Taille,"11"", 12"", 13"", 14"", 15""",1,1,Tension,,0,1,Attache,,0,1,Âme,,0,1,Filage,,0,1,Type produit,,0,1,Type pack,,0,1,Profil sonore,équilibré,1,1,Complexité,équilibré,1,1,Puissance,modéré,1,1,Réponse,rapide,1,1,Usage,étudiant,1,1,Positionnement,entrée,1,1,Durabilité,moyenne,1,1,Stabilité,bonne,1,1,Temps de rodage,court,1,1
4290,CDM-6478EB,Thomastik Alphayue – Do,Marque,Thomastik,1,1,Modèle,Alphayue,1,1,Instrument,Alto,1,1,Corde,Do,1,1,Taille,"12"", 13""",1,1,Tension,,0,1,Attache,,0,1,Âme,,0,1,Filage,,0,1,Type produit,,0,1,Type pack,,0,1,Profil sonore,équilibré,1,1,Complexité,équilibré,1,1,Puissance,modéré,1,1,Réponse,rapide,1,1,Usage,étudiant,1,1,Positionnement,entrée,1,1,Durabilité,moyenne,1,1,Stabilité,bonne,1,1,Temps de rodage,court,1,1
4313,CDM-69434F,D'Addario Helicore – La – Heavy – 4/4,Marque,D'Addario,1,1,Modèle,Helicore,1,1,Instrument,Violon,1,1,Corde,La,1,1,Taille,4/4,1,1,Tension,Heavy,1,1,Attache,,0,1,Âme,,0,1,Filage,,0,1,Type produit,,0,1,Type pack,,0,1,Profil sonore,équilibré,1,1,Complexité,équilibré,1,1,Puissance,puissant,1,1,Réponse,rapide,1,1,Usage,orchestre,1,1,Positionnement,intermédiaire,1,1,Durabilité,élevée,1,1,Stabilité,excellente,1,1,Temps de rodage,court,1,1
4315,CDM-A22DDC,D'Addario Helicore – La – Medium – 4/4,Marque,D'Addario,1,1,Modèle,Helicore,1,1,Instrument,Violon,1,1,Corde,La,1,1,Taille,4/4,1,1,Tension,Medium,1,1,Attache,,0,1,Âme,,0,1,Filage,,0,1,Type produit,,0,1,Type pack,,0,1,Profil sonore,équilibré,1,1,Complexité,équilibré,1,1,Puissance,puissant,1,1,Réponse,rapide,1,1,Usage,orchestre,1,1,Positionnement,intermédiaire,1,1,Durabilité,élevée,1,1,Stabilité,excellente,1,1,Temps de rodage,court,1,1
4317,CDM-DCF194,D'Addario Helicore – Mi – Boule – acero – Medium – 4/4,Marque,D'Addario,1,1,Modèle,Helicore,1,1,Instrument,Violon,1,1,Corde,Mi,1,1,Taille,4/4,1,1,Tension,Medium,1,1,Attache,Boule,1,1,Âme,acier,1,1,Filage,,0,1,Type produit,,0,1,Type pack,,0,1,Profil sonore,équilibré,1,1,Complexité,équilibré,1,1,Puissance,puissant,1,1,Réponse,rapide,1,1,Usage,orchestre,1,1,Positionnement,intermédiaire,1,1,Durabilité,élevée,1,1,Stabilité,excellente,1,1,Temps de rodage,court,1,1
4319,CDM-017D45,D'Addario Helicore – Sol – Medium,Marque,D'Addario,1,1,Modèle,Helicore,1,1,Instrument,Violon,1,1,Corde,Sol,1,1,Taille,"3/4, 4/4",1,1,Tension,Medium,1,1,Attache,,0,1,Âme,,0,1,Filage,,0,1,Type produit,,0,1,Type pack,,0,1,Profil sonore,équilibré,1,1,Complexité,équilibré,1,1,Puissance,puissant,1,1,Réponse,rapide,1,1,Usage,orchestre,1,1,Positionnement,intermédiaire,1,1,Durabilité,élevée,1,1,Stabilité,excellente,1,1,Temps de rodage,court,1,1
4321,CDM-E10EF1,D'Addario Helicore – Mi – Boule – acero-aluminio – Heavy – 4/4,Marque,D'Addario,1,1,Modèle,Helicore,1,1,Instrument,Violon,1,1,Corde,Mi,1,1,Taille,4/4,1,1,Tension,Heavy,1,1,Attache,Boule,1,1,Âme,,0,1,Filage,,0,1,Type produit,,0,1,Type pack,,0,1,Profil sonore,équilibré,1,1,Complexité,équilibré,1,1,Puissance,puissant,1,1,Réponse,rapide,1,1,Usage,orchestre,1,1,Positionnement,intermédiaire,1,1,Durabilité,élevée,1,1,Stabilité,excellente,1,1,Temps de rodage,court,1,1
4323,CDM-43C5C7,D'Addario Helicore – Mi – Boule – acero-aluminio – Medium – 4/4,Marque,D'Addario,1,1,Modèle,Helicore,1,1,Instrument,Violon,1,1,Corde,Mi,1,1,Taille,4/4,1,1,Tension,Medium,1,1,Attache,Boule,1,1,Âme,,0,1,Filage,,0,1,Type produit,,0,1,Type pack,,0,1,Profil sonore,équilibré,1,1,Complexité,équilibré,1,1,Puissance,puissant,1,1,Réponse,rapide,1,1,Usage,orchestre,1,1,Positionnement,intermédiaire,1,1,Durabilité,élevée,1,1,Stabilité,excellente,1,1,Temps de rodage,court,1,1
4325,CDM-D504CF,D'Addario Helicore – Re – Heavy – 4/4,Marque,D'Addario,1,1,Modèle,Helicore,1,1,Instrument,Violon,1,1,Corde,Ré,1,1,Taille,4/4,1,1,Tension,Heavy,1,1,Attache,,0,1,Âme,,0,1,Filage,,0,1,Type produit,,0,1,Type pack,,0,1,Profil sonore,équilibré,1,1,Complexité,équilibré,1,1,Puissance,puissant,1,1,Réponse,rapide,1,1,Usage,orchestre,1,1,Positionnement,intermédiaire,1,1,Durabilité,élevée,1,1,Stabilité,excellente,1,1,Temps de rodage,court,1,1
4327,CDM-638D2D,D'Addario Helicore – Re – Medium – 4/4,Marque,D'Addario,1,1,Modèle,Helicore,1,1,Instrument,Violon,1,1,Corde,Ré,1,1,Taille,4/4,1,1,Tension,Medium,1,1,Attache,,0,1,Âme,,0,1,Filage,,0,1,Type produit,,0,1,Type pack,,0,1,Profil sonore,équilibré,1,1,Complexité,équilibré,1,1,Puissance,puissant,1,1,Réponse,rapide,1,1,Usage,orchestre,1,1,Positionnement,intermédiaire,1,1,Durabilité,élevée,1,1,Stabilité,excellente,1,1,Temps de rodage,court,1,1
4329,CDM-8B4559,D'Addario Helicore – Sol – Heavy – 4/4,Marque,D'Addario,1,1,Modèle,Helicore,1,1,Instrument,Violon,1,1,Corde,Sol,1,1,Taille,4/4,1,1,Tension,Heavy,1,1,Attache,,0,1,Âme,,0,1,Filage,,0,1,Type produit,,0,1,Type pack,,0,1,Profil sonore,équilibré,1,1,Complexité,équilibré,1,1,Puissance,puissant,1,1,Réponse,rapide,1,1,Usage,orchestre,1,1,Positionnement,intermédiaire,1,1,Durabilité,élevée,1,1,Stabilité,excellente,1,1,Temps de rodage,court,1,1
4334,CDM-20FCB9,D'Addario Helicore Do Medium – 4/4,Marque,D'Addario,1,1,Modèle,Helicore,1,1,Instrument,Violon,1,1,Corde,Do,1,1,Taille,4/4,1,1,Tension,Medium,1,1,Attache,,0,1,Âme,,0,1,Filage,,0,1,Type produit,,0,1,Type pack,,0,1,Profil sonore,équilibré,1,1,Complexité,équilibré,1,1,Puissance,puissant,1,1,Réponse,rapide,1,1,Usage,orchestre,1,1,Positionnement,intermédiaire,1,1,Durabilité,élevée,1,1,Stabilité,excellente,1,1,Temps de rodage,court,1,1
4336,CDM-926D3C,D'Addario Helicore Octave – La – Medium – 4/4,Marque,D'Addario,1,1,Modèle,Helicore Octave,1,1,Instrument,Violon,1,1,Corde,La,1,1,Taille,4/4,1,1,Tension,Medium,1,1,Attache,,0,1,Âme,,0,1,Filage,,0,1,Type produit,,0,1,Type pack,,0,1,Profil sonore,chaud,1,1,Complexité,équilibré,1,1,Puissance,modéré,1,1,Réponse,rapide,1,1,Usage,expérimental,1,1,Positionnement,intermédiaire,1,1,Durabilité,élevée,1,1,Stabilité,excellente,1,1,Temps de rodage,court,1,1
4338,CDM-7AA77C,D'Addario Helicore Octave – Mi – Boule – Medium – 4/4,Marque,D'Addario,1,1,Modèle,Helicore Octave,1,1,Instrument,Violon,1,1,Corde,Mi,1,1,Taille,4/4,1,1,Tension,Medium,1,1,Attache,Boule,1,1,Âme,,0,1,Filage,,0,1,Type produit,,0,1,Type pack,,0,1,Profil sonore,chaud,1,1,Complexité,équilibré,1,1,Puissance,modéré,1,1,Réponse,rapide,1,1,Usage,expérimental,1,1,Positionnement,intermédiaire,1,1,Durabilité,élevée,1,1,Stabilité,excellente,1,1,Temps de rodage,court,1,1
4340,CDM-AD335B,D'Addario Helicore Octave – Re – Medium – 4/4,Marque,D'Addario,1,1,Modèle,Helicore Octave,1,1,Instrument,Violon,1,1,Corde,Ré,1,1,Taille,4/4,1,1,Tension,Medium,1,1,Attache,,0,1,Âme,,0,1,Filage,,0,1,Type produit,,0,1,Type pack,,0,1,Profil sonore,chaud,1,1,Complexité,équilibré,1,1,Puissance,modéré,1,1,Réponse,rapide,1,1,Usage,expérimental,1,1,Positionnement,intermédiaire,1,1,Durabilité,élevée,1,1,Stabilité,excellente,1,1,Temps de rodage,court,1,1
4342,CDM-73AACA,D'Addario Helicore Octave – Sol – Medium – 4/4,Marque,D'Addario,1,1,Modèle,Helicore Octave,1,1,Instrument,Violon,1,1,Corde,Sol,1,1,Taille,4/4,1,1,Tension,Medium,1,1,Attache,,0,1,Âme,,0,1,Filage,,0,1,Type produit,,0,1,Type pack,,0,1,Profil sonore,chaud,1,1,Complexité,équilibré,1,1,Puissance,modéré,1,1,Réponse,rapide,1,1,Usage,expérimental,1,1,Positionnement,intermédiaire,1,1,Durabilité,élevée,1,1,Stabilité,excellente,1,1,Temps de rodage,court,1,1
4344,CDM-62D2B5,D'Addario Kaplan – Mi – lazo – Medium – 4/4,Marque,D'Addario,1,1,Modèle,Kaplan,1,1,Instrument,Violon,1,1,Corde,Mi,1,1,Taille,4/4,1,1,Tension,Medium,1,1,Attache,,0,1,Âme,,0,1,Filage,,0,1,Type produit,,0,1,Type pack,,0,1,Profil sonore,équilibré,1,1,Complexité,équilibré,1,1,Puissance,modéré,1,1,Réponse,rapide,1,1,Usage,"étudiant, intermédiaire",1,1,Positionnement,intermédiaire,1,1,Durabilité,élevée,1,1,Stabilité,excellente,1,1,Temps de rodage,court,1,1
4346,CDM-19005B,D'Addario Kaplan – Mi – Boule – Medium – 4/4,Marque,D'Addario,1,1,Modèle,Kaplan,1,1,Instrument,Violon,1,1,Corde,Mi,1,1,Taille,4/4,1,1,Tension,Medium,1,1,Attache,Boule,1,1,Âme,,0,1,Filage,,0,1,Type produit,,0,1,Type pack,,0,1,Profil sonore,équilibré,1,1,Complexité,équilibré,1,1,Puissance,modéré,1,1,Réponse,rapide,1,1,Usage,"étudiant, intermédiaire",1,1,Positionnement,intermédiaire,1,1,Durabilité,élevée,1,1,Stabilité,excellente,1,1,Temps de rodage,court,1,1
4348,CDM-376652,D'Addario Kaplan Amo – La – Heavy – 4/4,Marque,D'Addario,1,1,Modèle,Kaplan Amo,1,1,Instrument,Violon,1,1,Corde,La,1,1,Taille,4/4,1,1,Tension,Heavy,1,1,Attache,,0,1,Âme,,0,1,Filage,,0,1,Type produit,,0,1,Type pack,,0,1,Profil sonore,chaud,1,1,Complexité,complexe,1,1,Puissance,puissant,1,1,Réponse,rapide,1,1,Usage,soliste,1,1,Positionnement,premium,1,1,Durabilité,élevée,1,1,Stabilité,excellente,1,1,Temps de rodage,court,1,1
4350,CDM-9000E5,D'Addario Kaplan Amo – La – Medium – 4/4,Marque,D'Addario,1,1,Modèle,Kaplan Amo,1,1,Instrument,Violon,1,1,Corde,La,1,1,Taille,4/4,1,1,Tension,Medium,1,1,Attache,,0,1,Âme,,0,1,Filage,,0,1,Type produit,,0,1,Type pack,,0,1,Profil sonore,chaud,1,1,Complexité,complexe,1,1,Puissance,puissant,1,1,Réponse,rapide,1,1,Usage,soliste,1,1,Positionnement,premium,1,1,Durabilité,élevée,1,1,Stabilité,excellente,1,1,Temps de rodage,court,1,1
4352,CDM-E4B363,D'Addario Kaplan Amo – La – Light – 4/4,Marque,D'Addario,1,1,Modèle,Kaplan Amo,1,1,Instrument,Violon,1,1,Corde,La,1,1,Taille,4/4,1,1,Tension,,0,1,Attache,,0,1,Âme,,0,1,Filage,,0,1,Type produit,,0,1,Type pack,,0,1,Profil sonore,chaud,1,1,Complexité,complexe,1,1,Puissance,puissant,1,1,Réponse,rapide,1,1,Usage,soliste,1,1,Positionnement,premium,1,1,Durabilité,élevée,1,1,Stabilité,excellente,1,1,Temps de rodage,court,1,1
4354,CDM-D4F4EB,D'Addario Kaplan Amo – Mi – Boule – Heavy – 4/4,Marque,D'Addario,1,1,Modèle,Kaplan Amo,1,1,Instrument,Violon,1,1,Corde,Mi,1,1,Taille,4/4,1,1,Tension,Heavy,1,1,Attache,Boule,1,1,Âme,,0,1,Filage,,0,1,Type produit,,0,1,Type pack,,0,1,Profil sonore,chaud,1,1,Complexité,complexe,1,1,Puissance,puissant,1,1,Réponse,rapide,1,1,Usage,soliste,1,1,Positionnement,premium,1,1,Durabilité,élevée,1,1,Stabilité,excellente,1,1,Temps de rodage,court,1,1
4356,CDM-7A9E06,D'Addario Kaplan Amo – Mi – Boule – Medium – 4/4,Marque,D'Addario,1,1,Modèle,Kaplan Amo,1,1,Instrument,Violon,1,1,Corde,Mi,1,1,Taille,4/4,1,1,Tension,Medium,1,1,Attache,Boule,1,1,Âme,,0,1,Filage,,0,1,Type produit,,0,1,Type pack,,0,1,Profil sonore,chaud,1,1,Complexité,complexe,1,1,Puissance,puissant,1,1,Réponse,rapide,1,1,Usage,soliste,1,1,Positionnement,premium,1,1,Durabilité,élevée,1,1,Stabilité,excellente,1,1,Temps de rodage,court,1,1
4358,CDM-E6BADC,D'Addario Kaplan Amo – Mi – Boule – Light – 4/4,Marque,D'Addario,1,1,Modèle,Kaplan Amo,1,1,Instrument,Violon,1,1,Corde,Mi,1,1,Taille,4/4,1,1,Tension,,0,1,Attache,Boule,1,1,Âme,,0,1,Filage,,0,1,Type produit,,0,1,Type pack,,0,1,Profil sonore,chaud,1,1,Complexité,complexe,1,1,Puissance,puissant,1,1,Réponse,rapide,1,1,Usage,soliste,1,1,Positionnement,premium,1,1,Durabilité,élevée,1,1,Stabilité,excellente,1,1,Temps de rodage,court,1,1
4360,CDM-0FFB63,D'Addario Kaplan Amo – Re – Heavy – 4/4,Marque,D'Addario,1,1,Modèle,Kaplan Amo,1,1,Instrument,Violon,1,1,Corde,Ré,1,1,Taille,4/4,1,1,Tension,Heavy,1,1,Attache,,0,1,Âme,,0,1,Filage,,0,1,Type produit,,0,1,Type pack,,0,1,Profil sonore,chaud,1,1,Complexité,complexe,1,1,Puissance,puissant,1,1,Réponse,rapide,1,1,Usage,soliste,1,1,Positionnement,premium,1,1,Durabilité,élevée,1,1,Stabilité,excellente,1,1,Temps de rodage,court,1,1
4362,CDM-8E5101,D'Addario Kaplan Amo – Re – Medium – 4/4,Marque,D'Addario,1,1,Modèle,Kaplan Amo,1,1,Instrument,Violon,1,1,Corde,Ré,1,1,Taille,4/4,1,1,Tension,Medium,1,1,Attache,,0,1,Âme,,0,1,Filage,,0,1,Type produit,,0,1,Type pack,,0,1,Profil sonore,chaud,1,1,Complexité,complexe,1,1,Puissance,puissant,1,1,Réponse,rapide,1,1,Usage,soliste,1,1,Positionnement,premium,1,1,Durabilité,élevée,1,1,Stabilité,excellente,1,1,Temps de rodage,court,1,1
4364,CDM-0EC09C,D'Addario Kaplan Amo – Re – Light – 4/4,Marque,D'Addario,1,1,Modèle,Kaplan Amo,1,1,Instrument,Violon,1,1,Corde,Ré,1,1,Taille,4/4,1,1,Tension,,0,1,Attache,,0,1,Âme,,0,1,Filage,,0,1,Type produit,,0,1,Type pack,,0,1,Profil sonore,chaud,1,1,Complexité,complexe,1,1,Puissance,puissant,1,1,Réponse,rapide,1,1,Usage,soliste,1,1,Positionnement,premium,1,1,Durabilité,élevée,1,1,Stabilité,excellente,1,1,Temps de rodage,court,1,1
4366,CDM-988344,D'Addario Kaplan Amo – Sol – Heavy – 4/4,Marque,D'Addario,1,1,Modèle,Kaplan Amo,1,1,Instrument,Violon,1,1,Corde,Sol,1,1,Taille,4/4,1,1,Tension,Heavy,1,1,Attache,,0,1,Âme,,0,1,Filage,,0,1,Type produit,,0,1,Type pack,,0,1,Profil sonore,chaud,1,1,Complexité,complexe,1,1,Puissance,puissant,1,1,Réponse,rapide,1,1,Usage,soliste,1,1,Positionnement,premium,1,1,Durabilité,élevée,1,1,Stabilité,excellente,1,1,Temps de rodage,court,1,1
4368,CDM-212B2C,D'Addario Kaplan Amo – Sol – Medium – 4/4,Marque,D'Addario,1,1,Modèle,Kaplan Amo,1,1,Instrument,Violon,1,1,Corde,Sol,1,1,Taille,4/4,1,1,Tension,Medium,1,1,Attache,,0,1,Âme,,0,1,Filage,,0,1,Type produit,,0,1,Type pack,,0,1,Profil sonore,chaud,1,1,Complexité,complexe,1,1,Puissance,puissant,1,1,Réponse,rapide,1,1,Usage,soliste,1,1,Positionnement,premium,1,1,Durabilité,élevée,1,1,Stabilité,excellente,1,1,Temps de rodage,court,1,1
4369,CDM-7C0E16,D'Addario Zyex – La – Medium,Marque,D'Addario,1,1,Modèle,Zyex,1,1,Instrument,Violon,1,1,Corde,La,1,1,Taille,"3/4, 4/4",1,1,Tension,Medium,1,1,Attache,,0,1,Âme,,0,1,Filage,,0,1,Type produit,,0,1,Type pack,,0,1,Profil sonore,chaud,1,1,Complexité,équilibré,1,1,Puissance,modéré,1,1,Réponse,rapide,1,1,Usage,orchestre,1,1,Positionnement,intermédiaire,1,1,Durabilité,élevée,1,1,Stabilité,excellente,1,1,Temps de rodage,court,1,1
4371,CDM-3C6774,D'Addario Kaplan Amo – Sol – Light – 4/4,Marque,D'Addario,1,1,Modèle,Kaplan Amo,1,1,Instrument,Violon,1,1,Corde,Sol,1,1,Taille,4/4,1,1,Tension,,0,1,Attache,,0,1,Âme,,0,1,Filage,,0,1,Type produit,,0,1,Type pack,,0,1,Profil sonore,chaud,1,1,Complexité,complexe,1,1,Puissance,puissant,1,1,Réponse,rapide,1,1,Usage,soliste,1,1,Positionnement,premium,1,1,Durabilité,élevée,1,1,Stabilité,excellente,1,1,Temps de rodage,court,1,1
4373,CDM-33DC9A,D'Addario Kaplan Golden Spiral – Mi – Lazo – Heavy – 4/4,Marque,D'Addario,1,1,Modèle,Kaplan Golden Spiral,1,1,Instrument,Violon,1,1,Corde,Mi,1,1,Taille,4/4,1,1,Tension,Heavy,1,1,Attache,,0,1,Âme,,0,1,Filage,,0,1,Type produit,,0,1,Type pack,,0,1,Profil sonore,chaud,1,1,Complexité,complexe,1,1,Puissance,modéré,1,1,Réponse,moyenne,1,1,Usage,soliste,1,1,Positionnement,premium,1,1,Durabilité,faible,1,1,Stabilité,moyenne,1,1,Temps de rodage,long,1,1
4375,CDM-A17939,D'Addario Kaplan Golden Spiral – Mi – Lazo – Medium – 4/4,Marque,D'Addario,1,1,Modèle,Kaplan Golden Spiral,1,1,Instrument,Violon,1,1,Corde,Mi,1,1,Taille,4/4,1,1,Tension,Medium,1,1,Attache,,0,1,Âme,,0,1,Filage,,0,1,Type produit,,0,1,Type pack,,0,1,Profil sonore,chaud,1,1,Complexité,complexe,1,1,Puissance,modéré,1,1,Réponse,moyenne,1,1,Usage,soliste,1,1,Positionnement,premium,1,1,Durabilité,faible,1,1,Stabilité,moyenne,1,1,Temps de rodage,long,1,1
4377,CDM-6C0208,D'Addario Kaplan Golden Spiral – Mi – Boule – Heavy – 4/4,Marque,D'Addario,1,1,Modèle,Kaplan Golden Spiral,1,1,Instrument,Violon,1,1,Corde,Mi,1,1,Taille,4/4,1,1,Tension,Heavy,1,1,Attache,Boule,1,1,Âme,,0,1,Filage,,0,1,Type produit,,0,1,Type pack,,0,1,Profil sonore,chaud,1,1,Complexité,complexe,1,1,Puissance,modéré,1,1,Réponse,moyenne,1,1,Usage,soliste,1,1,Positionnement,premium,1,1,Durabilité,faible,1,1,Stabilité,moyenne,1,1,Temps de rodage,long,1,1
4379,CDM-EAE8C6,D'Addario Kaplan Golden Spiral – Mi – Boule – Medium – 4/4,Marque,D'Addario,1,1,Modèle,Kaplan Golden Spiral,1,1,Instrument,Violon,1,1,Corde,Mi,1,1,Taille,4/4,1,1,Tension,Medium,1,1,Attache,Boule,1,1,Âme,,0,1,Filage,,0,1,Type produit,,0,1,Type pack,,0,1,Profil sonore,chaud,1,1,Complexité,complexe,1,1,Puissance,modéré,1,1,Réponse,moyenne,1,1,Usage,soliste,1,1,Positionnement,premium,1,1,Durabilité,faible,1,1,Stabilité,moyenne,1,1,Temps de rodage,long,1,1
4381,CDM-BC352A,D'Addario Kaplan Solutions – Mi – Boule – Medium – 4/4,Marque,D'Addario,1,1,Modèle,Kaplan Solutions,1,1,Instrument,Violon,1,1,Corde,Mi,1,1,Taille,4/4,1,1,Tension,Medium,1,1,Attache,Boule,1,1,Âme,,0,1,Filage,,0,1,Type produit,,0,1,Type pack,,0,1,Profil sonore,chaud,1,1,Complexité,équilibré,1,1,Puissance,modéré,1,1,Réponse,rapide,1,1,Usage,étudiant,1,1,Positionnement,intermédiaire,1,1,Durabilité,élevée,1,1,Stabilité,excellente,1,1,Temps de rodage,court,1,1
4383,CDM-31DCD9,D'Addario Kaplan Vivo – La – Heavy – 4/4,Marque,D'Addario,1,1,Modèle,Kaplan Vivo,1,1,Instrument,Violon,1,1,Corde,La,1,1,Taille,4/4,1,1,Tension,Heavy,1,1,Attache,,0,1,Âme,,0,1,Filage,,0,1,Type produit,,0,1,Type pack,,0,1,Profil sonore,brillant,1,1,Complexité,équilibré,1,1,Puissance,puissant,1,1,Réponse,rapide,1,1,Usage,soliste,1,1,Positionnement,premium,1,1,Durabilité,élevée,1,1,Stabilité,excellente,1,1,Temps de rodage,court,1,1
4385,CDM-A1F302,D'Addario Kaplan Vivo – La – Medium – 4/4,Marque,D'Addario,1,1,Modèle,Kaplan Vivo,1,1,Instrument,Violon,1,1,Corde,La,1,1,Taille,4/4,1,1,Tension,Medium,1,1,Attache,,0,1,Âme,,0,1,Filage,,0,1,Type produit,,0,1,Type pack,,0,1,Profil sonore,brillant,1,1,Complexité,équilibré,1,1,Puissance,puissant,1,1,Réponse,rapide,1,1,Usage,soliste,1,1,Positionnement,premium,1,1,Durabilité,élevée,1,1,Stabilité,excellente,1,1,Temps de rodage,court,1,1
4387,CDM-1AE317,D'Addario Kaplan Vivo – La – Light – 4/4,Marque,D'Addario,1,1,Modèle,Kaplan Vivo,1,1,Instrument,Violon,1,1,Corde,La,1,1,Taille,4/4,1,1,Tension,,0,1,Attache,,0,1,Âme,,0,1,Filage,,0,1,Type produit,,0,1,Type pack,,0,1,Profil sonore,brillant,1,1,Complexité,équilibré,1,1,Puissance,puissant,1,1,Réponse,rapide,1,1,Usage,soliste,1,1,Positionnement,premium,1,1,Durabilité,élevée,1,1,Stabilité,excellente,1,1,Temps de rodage,court,1,1
4389,CDM-6F0340,D'Addario Kaplan Vivo – Mi – Heavy – 4/4,Marque,D'Addario,1,1,Modèle,Kaplan Vivo,1,1,Instrument,Violon,1,1,Corde,Mi,1,1,Taille,4/4,1,1,Tension,Heavy,1,1,Attache,,0,1,Âme,,0,1,Filage,,0,1,Type produit,,0,1,Type pack,,0,1,Profil sonore,brillant,1,1,Complexité,équilibré,1,1,Puissance,puissant,1,1,Réponse,rapide,1,1,Usage,soliste,1,1,Positionnement,premium,1,1,Durabilité,élevée,1,1,Stabilité,excellente,1,1,Temps de rodage,court,1,1
4391,CDM-4AC4BC,D'Addario Kaplan Vivo – Mi – Light – 4/4,Marque,D'Addario,1,1,Modèle,Kaplan Vivo,1,1,Instrument,Violon,1,1,Corde,Mi,1,1,Taille,4/4,1,1,Tension,,0,1,Attache,,0,1,Âme,,0,1,Filage,,0,1,Type produit,,0,1,Type pack,,0,1,Profil sonore,brillant,1,1,Complexité,équilibré,1,1,Puissance,puissant,1,1,Réponse,rapide,1,1,Usage,soliste,1,1,Positionnement,premium,1,1,Durabilité,élevée,1,1,Stabilité,excellente,1,1,Temps de rodage,court,1,1
4393,CDM-A2B29E,D'Addario Kaplan Vivo – Mi – Boule – Medium – 4/4,Marque,D'Addario,1,1,Modèle,Kaplan Vivo,1,1,Instrument,Violon,1,1,Corde,Mi,1,1,Taille,4/4,1,1,Tension,Medium,1,1,Attache,Boule,1,1,Âme,,0,1,Filage,,0,1,Type produit,,0,1,Type pack,,0,1,Profil sonore,brillant,1,1,Complexité,équilibré,1,1,Puissance,puissant,1,1,Réponse,rapide,1,1,Usage,soliste,1,1,Positionnement,premium,1,1,Durabilité,élevée,1,1,Stabilité,excellente,1,1,Temps de rodage,court,1,1
4395,CDM-A7875A,D'Addario Kaplan Vivo – Re – Heavy – 4/4,Marque,D'Addario,1,1,Modèle,Kaplan Vivo,1,1,Instrument,Violon,1,1,Corde,Ré,1,1,Taille,4/4,1,1,Tension,Heavy,1,1,Attache,,0,1,Âme,,0,1,Filage,,0,1,Type produit,,0,1,Type pack,,0,1,Profil sonore,brillant,1,1,Complexité,équilibré,1,1,Puissance,puissant,1,1,Réponse,rapide,1,1,Usage,soliste,1,1,Positionnement,premium,1,1,Durabilité,élevée,1,1,Stabilité,excellente,1,1,Temps de rodage,court,1,1
4397,CDM-922858,D'Addario Kaplan Vivo – Re – Medium – 4/4,Marque,D'Addario,1,1,Modèle,Kaplan Vivo,1,1,Instrument,Violon,1,1,Corde,Ré,1,1,Taille,4/4,1,1,Tension,Medium,1,1,Attache,,0,1,Âme,,0,1,Filage,,0,1,Type produit,,0,1,Type pack,,0,1,Profil sonore,brillant,1,1,Complexité,équilibré,1,1,Puissance,puissant,1,1,Réponse,rapide,1,1,Usage,soliste,1,1,Positionnement,premium,1,1,Durabilité,élevée,1,1,Stabilité,excellente,1,1,Temps de rodage,court,1,1
4399,CDM-C54133,D'Addario Kaplan Vivo – Re – Light – 4/4,Marque,D'Addario,1,1,Modèle,Kaplan Vivo,1,1,Instrument,Violon,1,1,Corde,Ré,1,1,Taille,4/4,1,1,Tension,,0,1,Attache,,0,1,Âme,,0,1,Filage,,0,1,Type produit,,0,1,Type pack,,0,1,Profil sonore,brillant,1,1,Complexité,équilibré,1,1,Puissance,puissant,1,1,Réponse,rapide,1,1,Usage,soliste,1,1,Positionnement,premium,1,1,Durabilité,élevée,1,1,Stabilité,excellente,1,1,Temps de rodage,court,1,1
4401,CDM-F191E2,D'Addario Kaplan Vivo – Sol – Heavy – 4/4,Marque,D'Addario,1,1,Modèle,Kaplan Vivo,1,1,Instrument,Violon,1,1,Corde,Sol,1,1,Taille,4/4,1,1,Tension,Heavy,1,1,Attache,,0,1,Âme,,0,1,Filage,,0,1,Type produit,,0,1,Type pack,,0,1,Profil sonore,brillant,1,1,Complexité,équilibré,1,1,Puissance,puissant,1,1,Réponse,rapide,1,1,Usage,soliste,1,1,Positionnement,premium,1,1,Durabilité,élevée,1,1,Stabilité,excellente,1,1,Temps de rodage,court,1,1
4403,CDM-A59974,D'Addario Kaplan Vivo – Sol – Medium – 4/4,Marque,D'Addario,1,1,Modèle,Kaplan Vivo,1,1,Instrument,Violon,1,1,Corde,Sol,1,1,Taille,4/4,1,1,Tension,Medium,1,1,Attache,,0,1,Âme,,0,1,Filage,,0,1,Type produit,,0,1,Type pack,,0,1,Profil sonore,brillant,1,1,Complexité,équilibré,1,1,Puissance,puissant,1,1,Réponse,rapide,1,1,Usage,soliste,1,1,Positionnement,premium,1,1,Durabilité,élevée,1,1,Stabilité,excellente,1,1,Temps de rodage,court,1,1
4405,CDM-1FB21F,D'Addario Kaplan Vivo – Sol – Light – 4/4,Marque,D'Addario,1,1,Modèle,Kaplan Vivo,1,1,Instrument,Violon,1,1,Corde,Sol,1,1,Taille,4/4,1,1,Tension,,0,1,Attache,,0,1,Âme,,0,1,Filage,,0,1,Type produit,,0,1,Type pack,,0,1,Profil sonore,brillant,1,1,Complexité,équilibré,1,1,Puissance,puissant,1,1,Réponse,rapide,1,1,Usage,soliste,1,1,Positionnement,premium,1,1,Durabilité,élevée,1,1,Stabilité,excellente,1,1,Temps de rodage,court,1,1
4411,CDM-955D51,D'Addario Zyex – Mi – Boule – Medium – 4/4,Marque,D'Addario,1,1,Modèle,Zyex,1,1,Instrument,Violon,1,1,Corde,Mi,1,1,Taille,4/4,1,1,Tension,Medium,1,1,Attache,Boule,1,1,Âme,,0,1,Filage,,0,1,Type produit,,0,1,Type pack,,0,1,Profil sonore,chaud,1,1,Complexité,équilibré,1,1,Puissance,modéré,1,1,Réponse,rapide,1,1,Usage,orchestre,1,1,Positionnement,intermédiaire,1,1,Durabilité,élevée,1,1,Stabilité,excellente,1,1,Temps de rodage,court,1,1
4413,CDM-617B78,D'Addario Zyex – Mi – Boule – Light – 4/4,Marque,D'Addario,1,1,Modèle,Zyex,1,1,Instrument,Violon,1,1,Corde,Mi,1,1,Taille,4/4,1,1,Tension,,0,1,Attache,Boule,1,1,Âme,,0,1,Filage,,0,1,Type produit,,0,1,Type pack,,0,1,Profil sonore,chaud,1,1,Complexité,équilibré,1,1,Puissance,modéré,1,1,Réponse,rapide,1,1,Usage,orchestre,1,1,Positionnement,intermédiaire,1,1,Durabilité,élevée,1,1,Stabilité,excellente,1,1,Temps de rodage,court,1,1
4415,CDM-487A08,D'Addario Zyex – Re – aluminio – Medium – 4/4,Marque,D'Addario,1,1,Modèle,Zyex,1,1,Instrument,Violon,1,1,Corde,Ré,1,1,Taille,4/4,1,1,Tension,Medium,1,1,Attache,,0,1,Âme,,0,1,Filage,aluminium,1,1,Type produit,,0,1,Type pack,,0,1,Profil sonore,chaud,1,1,Complexité,équilibré,1,1,Puissance,modéré,1,1,Réponse,rapide,1,1,Usage,orchestre,1,1,Positionnement,intermédiaire,1,1,Durabilité,élevée,1,1,Stabilité,excellente,1,1,Temps de rodage,court,1,1
4417,CDM-5A4857,D'Addario Zyex – Re – plata – Medium – 4/4,Marque,D'Addario,1,1,Modèle,Zyex,1,1,Instrument,Violon,1,1,Corde,Ré,1,1,Taille,4/4,1,1,Tension,Medium,1,1,Attache,,0,1,Âme,,0,1,Filage,argent,1,1,Type produit,,0,1,Type pack,,0,1,Profil sonore,chaud,1,1,Complexité,équilibré,1,1,Puissance,modéré,1,1,Réponse,rapide,1,1,Usage,orchestre,1,1,Positionnement,intermédiaire,1,1,Durabilité,élevée,1,1,Stabilité,excellente,1,1,Temps de rodage,court,1,1
4419,CDM-2E9D90,D'Addario Zyex – Sol – Medium – 4/4,Marque,D'Addario,1,1,Modèle,Zyex,1,1,Instrument,Violon,1,1,Corde,Sol,1,1,Taille,4/4,1,1,Tension,Medium,1,1,Attache,,0,1,Âme,,0,1,Filage,,0,1,Type produit,,0,1,Type pack,,0,1,Profil sonore,chaud,1,1,Complexité,équilibré,1,1,Puissance,modéré,1,1,Réponse,rapide,1,1,Usage,orchestre,1,1,Positionnement,intermédiaire,1,1,Durabilité,élevée,1,1,Stabilité,excellente,1,1,Temps de rodage,court,1,1
4421,CDM-80AD2B,D'Addario Zyex – Sol – Light – 4/4,Marque,D'Addario,1,1,Modèle,Zyex,1,1,Instrument,Violon,1,1,Corde,Sol,1,1,Taille,4/4,1,1,Tension,,0,1,Attache,,0,1,Âme,,0,1,Filage,,0,1,Type produit,,0,1,Type pack,,0,1,Profil sonore,chaud,1,1,Complexité,équilibré,1,1,Puissance,modéré,1,1,Réponse,rapide,1,1,Usage,orchestre,1,1,Positionnement,intermédiaire,1,1,Durabilité,élevée,1,1,Stabilité,excellente,1,1,Temps de rodage,court,1,1
4423,CDM-25EE58,Jargar Classic – La – Forte – 4/4,Marque,Jargar,1,1,Modèle,Classic,1,1,Instrument,Violon,1,1,Corde,La,1,1,Taille,4/4,1,1,Tension,Heavy,1,1,Attache,,0,1,Âme,,0,1,Filage,,0,1,Type produit,,0,1,Type pack,,0,1,Profil sonore,brillant,1,1,Complexité,pur,1,1,Puissance,puissant,1,1,Réponse,rapide,1,1,Usage,orchestre,1,1,Positionnement,intermédiaire,1,1,Durabilité,moyenne,1,1,Stabilité,excellente,1,1,Temps de rodage,court,1,1
4425,CDM-7F3B8E,Jargar Classic – La – Medium – 4/4,Marque,Jargar,1,1,Modèle,Classic,1,1,Instrument,Violon,1,1,Corde,La,1,1,Taille,4/4,1,1,Tension,Medium,1,1,Attache,,0,1,Âme,,0,1,Filage,,0,1,Type produit,,0,1,Type pack,,0,1,Profil sonore,brillant,1,1,Complexité,pur,1,1,Puissance,puissant,1,1,Réponse,rapide,1,1,Usage,orchestre,1,1,Positionnement,intermédiaire,1,1,Durabilité,moyenne,1,1,Stabilité,excellente,1,1,Temps de rodage,court,1,1
4427,CDM-4DF8FE,Jargar Classic – La – Dolce – 4/4,Marque,Jargar,1,1,Modèle,Classic,1,1,Instrument,Violon,1,1,Corde,La,1,1,Taille,4/4,1,1,Tension,,0,1,Attache,,0,1,Âme,,0,1,Filage,,0,1,Type produit,,0,1,Type pack,,0,1,Profil sonore,brillant,1,1,Complexité,pur,1,1,Puissance,puissant,1,1,Réponse,rapide,1,1,Usage,orchestre,1,1,Positionnement,intermédiaire,1,1,Durabilité,moyenne,1,1,Stabilité,excellente,1,1,Temps de rodage,court,1,1
4428,CDM-6E0C0B,Jargar Young Talent – La – Medium,Marque,Jargar,1,1,Modèle,Young Talent,1,1,Instrument,Violon,1,1,Corde,La,1,1,Taille,"1/2, 1/4, 3/4, 4/4",1,1,Tension,Medium,1,1,Attache,,0,1,Âme,,0,1,Filage,,0,1,Type produit,,0,1,Type pack,,0,1,Profil sonore,équilibré,1,1,Complexité,pur,1,1,Puissance,modéré,1,1,Réponse,rapide,1,1,Usage,étudiant,1,1,Positionnement,entrée,1,1,Durabilité,moyenne,1,1,Stabilité,bonne,1,1,Temps de rodage,court,1,1
4429,CDM-3BECFB,Jargar Young Talent – Mi – Boule – Medium,Marque,Jargar,1,1,Modèle,Young Talent,1,1,Instrument,Violon,1,1,Corde,Mi,1,1,Taille,"1/2, 1/4, 3/4, 4/4",1,1,Tension,Medium,1,1,Attache,Boule,1,1,Âme,,0,1,Filage,,0,1,Type produit,,0,1,Type pack,,0,1,Profil sonore,équilibré,1,1,Complexité,pur,1,1,Puissance,modéré,1,1,Réponse,rapide,1,1,Usage,étudiant,1,1,Positionnement,entrée,1,1,Durabilité,moyenne,1,1,Stabilité,bonne,1,1,Temps de rodage,court,1,1
4431,CDM-D83F63,Jargar Classic – Mi – lazo – Forte – 4/4,Marque,Jargar,1,1,Modèle,Classic,1,1,Instrument,Violon,1,1,Corde,Mi,1,1,Taille,4/4,1,1,Tension,Heavy,1,1,Attache,,0,1,Âme,,0,1,Filage,,0,1,Type produit,,0,1,Type pack,,0,1,Profil sonore,brillant,1,1,Complexité,pur,1,1,Puissance,puissant,1,1,Réponse,rapide,1,1,Usage,orchestre,1,1,Positionnement,intermédiaire,1,1,Durabilité,moyenne,1,1,Stabilité,excellente,1,1,Temps de rodage,court,1,1
4433,CDM-CB2AE4,Jargar Classic – Mi – Boule – Forte – 4/4,Marque,Jargar,1,1,Modèle,Classic,1,1,Instrument,Violon,1,1,Corde,Mi,1,1,Taille,4/4,1,1,Tension,Heavy,1,1,Attache,Boule,1,1,Âme,,0,1,Filage,,0,1,Type produit,,0,1,Type pack,,0,1,Profil sonore,brillant,1,1,Complexité,pur,1,1,Puissance,puissant,1,1,Réponse,rapide,1,1,Usage,orchestre,1,1,Positionnement,intermédiaire,1,1,Durabilité,moyenne,1,1,Stabilité,excellente,1,1,Temps de rodage,court,1,1
4435,CDM-0C824B,Jargar Classic – Mi – Boule – Medium – 4/4,Marque,Jargar,1,1,Modèle,Classic,1,1,Instrument,Violon,1,1,Corde,Mi,1,1,Taille,4/4,1,1,Tension,Medium,1,1,Attache,Boule,1,1,Âme,,0,1,Filage,,0,1,Type produit,,0,1,Type pack,,0,1,Profil sonore,brillant,1,1,Complexité,pur,1,1,Puissance,puissant,1,1,Réponse,rapide,1,1,Usage,orchestre,1,1,Positionnement,intermédiaire,1,1,Durabilité,moyenne,1,1,Stabilité,excellente,1,1,Temps de rodage,court,1,1
4437,CDM-6C4105,Jargar Classic – Mi – Boule – Dolce – 4/4,Marque,Jargar,1,1,Modèle,Classic,1,1,Instrument,Violon,1,1,Corde,Mi,1,1,Taille,4/4,1,1,Tension,,0,1,Attache,Boule,1,1,Âme,,0,1,Filage,,0,1,Type produit,,0,1,Type pack,,0,1,Profil sonore,brillant,1,1,Complexité,pur,1,1,Puissance,puissant,1,1,Réponse,rapide,1,1,Usage,orchestre,1,1,Positionnement,intermédiaire,1,1,Durabilité,moyenne,1,1,Stabilité,excellente,1,1,Temps de rodage,court,1,1
4439,CDM-0572FC,Jargar Classic – Re – Forte – 4/4,Marque,Jargar,1,1,Modèle,Classic,1,1,Instrument,Violon,1,1,Corde,Ré,1,1,Taille,4/4,1,1,Tension,Heavy,1,1,Attache,,0,1,Âme,,0,1,Filage,,0,1,Type produit,,0,1,Type pack,,0,1,Profil sonore,brillant,1,1,Complexité,pur,1,1,Puissance,puissant,1,1,Réponse,rapide,1,1,Usage,orchestre,1,1,Positionnement,intermédiaire,1,1,Durabilité,moyenne,1,1,Stabilité,excellente,1,1,Temps de rodage,court,1,1
4441,CDM-ED1BF6,Jargar Classic – Re – Medium – 4/4,Marque,Jargar,1,1,Modèle,Classic,1,1,Instrument,Violon,1,1,Corde,Ré,1,1,Taille,4/4,1,1,Tension,Medium,1,1,Attache,,0,1,Âme,,0,1,Filage,,0,1,Type produit,,0,1,Type pack,,0,1,Profil sonore,brillant,1,1,Complexité,pur,1,1,Puissance,puissant,1,1,Réponse,rapide,1,1,Usage,orchestre,1,1,Positionnement,intermédiaire,1,1,Durabilité,moyenne,1,1,Stabilité,excellente,1,1,Temps de rodage,court,1,1
4443,CDM-00CE5B,Jargar Classic – Re – Dolce – 4/4,Marque,Jargar,1,1,Modèle,Classic,1,1,Instrument,Violon,1,1,Corde,Ré,1,1,Taille,4/4,1,1,Tension,,0,1,Attache,,0,1,Âme,,0,1,Filage,,0,1,Type produit,,0,1,Type pack,,0,1,Profil sonore,brillant,1,1,Complexité,pur,1,1,Puissance,puissant,1,1,Réponse,rapide,1,1,Usage,orchestre,1,1,Positionnement,intermédiaire,1,1,Durabilité,moyenne,1,1,Stabilité,excellente,1,1,Temps de rodage,court,1,1
4445,CDM-320D27,Jargar Classic – Sol – Forte – 4/4,Marque,Jargar,1,1,Modèle,Classic,1,1,Instrument,Violon,1,1,Corde,Sol,1,1,Taille,4/4,1,1,Tension,Heavy,1,1,Attache,,0,1,Âme,,0,1,Filage,,0,1,Type produit,,0,1,Type pack,,0,1,Profil sonore,brillant,1,1,Complexité,pur,1,1,Puissance,puissant,1,1,Réponse,rapide,1,1,Usage,orchestre,1,1,Positionnement,intermédiaire,1,1,Durabilité,moyenne,1,1,Stabilité,excellente,1,1,Temps de rodage,court,1,1
4447,CDM-D5B8DC,Jargar Classic – Sol – Medium – 4/4,Marque,Jargar,1,1,Modèle,Classic,1,1,Instrument,Violon,1,1,Corde,Sol,1,1,Taille,4/4,1,1,Tension,Medium,1,1,Attache,,0,1,Âme,,0,1,Filage,,0,1,Type produit,,0,1,Type pack,,0,1,Profil sonore,brillant,1,1,Complexité,pur,1,1,Puissance,puissant,1,1,Réponse,rapide,1,1,Usage,orchestre,1,1,Positionnement,intermédiaire,1,1,Durabilité,moyenne,1,1,Stabilité,excellente,1,1,Temps de rodage,court,1,1
4449,CDM-CE7FC0,Jargar Classic – Sol – Dolce – 4/4,Marque,Jargar,1,1,Modèle,Classic,1,1,Instrument,Violon,1,1,Corde,Sol,1,1,Taille,4/4,1,1,Tension,,0,1,Attache,,0,1,Âme,,0,1,Filage,,0,1,Type produit,,0,1,Type pack,,0,1,Profil sonore,brillant,1,1,Complexité,pur,1,1,Puissance,puissant,1,1,Réponse,rapide,1,1,Usage,orchestre,1,1,Positionnement,intermédiaire,1,1,Durabilité,moyenne,1,1,Stabilité,excellente,1,1,Temps de rodage,court,1,1
4451,CDM-1B52C4,Jargar Eccentric – La – Medium – 4/4,Marque,Jargar,1,1,Modèle,Eccentric,1,1,Instrument,Violon,1,1,Corde,La,1,1,Taille,4/4,1,1,Tension,Medium,1,1,Attache,,0,1,Âme,,0,1,Filage,,0,1,Type produit,,0,1,Type pack,,0,1,Profil sonore,chaud,1,1,Complexité,complexe,1,1,Puissance,puissant,1,1,Réponse,rapide,1,1,Usage,soliste,1,1,Positionnement,premium,1,1,Durabilité,moyenne,1,1,Stabilité,bonne,1,1,Temps de rodage,court,1,1
4454,CDM-498E2C,Jargar Eccentric – Mi – Medium – 4/4,Marque,Jargar,1,1,Modèle,Eccentric,1,1,Instrument,Violon,1,1,Corde,Mi,1,1,Taille,4/4,1,1,Tension,Medium,1,1,Attache,,0,1,Âme,,0,1,Filage,,0,1,Type produit,,0,1,Type pack,,0,1,Profil sonore,chaud,1,1,Complexité,complexe,1,1,Puissance,puissant,1,1,Réponse,rapide,1,1,Usage,soliste,1,1,Positionnement,premium,1,1,Durabilité,moyenne,1,1,Stabilité,bonne,1,1,Temps de rodage,court,1,1
4457,CDM-623AC1,Jargar Eccentric – Mi – Dolce – 4/4,Marque,Jargar,1,1,Modèle,Eccentric,1,1,Instrument,Violon,1,1,Corde,Mi,1,1,Taille,4/4,1,1,Tension,,0,1,Attache,,0,1,Âme,,0,1,Filage,,0,1,Type produit,,0,1,Type pack,,0,1,Profil sonore,chaud,1,1,Complexité,complexe,1,1,Puissance,puissant,1,1,Réponse,rapide,1,1,Usage,soliste,1,1,Positionnement,premium,1,1,Durabilité,moyenne,1,1,Stabilité,bonne,1,1,Temps de rodage,court,1,1
4460,CDM-A023BB,Jargar Eccentric – Re – plata – Medium – 4/4,Marque,Jargar,1,1,Modèle,Eccentric,1,1,Instrument,Violon,1,1,Corde,Ré,1,1,Taille,4/4,1,1,Tension,Medium,1,1,Attache,,0,1,Âme,,0,1,Filage,argent,1,1,Type produit,,0,1,Type pack,,0,1,Profil sonore,chaud,1,1,Complexité,complexe,1,1,Puissance,puissant,1,1,Réponse,rapide,1,1,Usage,soliste,1,1,Positionnement,premium,1,1,Durabilité,moyenne,1,1,Stabilité,bonne,1,1,Temps de rodage,court,1,1
4463,CDM-448008,Jargar Eccentric – Sol – Medium – 4/4,Marque,Jargar,1,1,Modèle,Eccentric,1,1,Instrument,Violon,1,1,Corde,Sol,1,1,Taille,4/4,1,1,Tension,Medium,1,1,Attache,,0,1,Âme,,0,1,Filage,,0,1,Type produit,,0,1,Type pack,,0,1,Profil sonore,chaud,1,1,Complexité,complexe,1,1,Puissance,puissant,1,1,Réponse,rapide,1,1,Usage,soliste,1,1,Positionnement,premium,1,1,Durabilité,moyenne,1,1,Stabilité,bonne,1,1,Temps de rodage,court,1,1
4466,CDM-909118,Jargar Silver Sound – Sol – plata – Forte – 4/4,Marque,Jargar,1,1,Modèle,Silver sound,1,1,Instrument,Violon,1,1,Corde,Sol,1,1,Taille,4/4,1,1,Tension,Heavy,1,1,Attache,,0,1,Âme,,0,1,Filage,argent,1,1,Type produit,,0,1,Type pack,,0,1,Profil sonore,brillant,1,1,Complexité,équilibré,1,1,Puissance,puissant,1,1,Réponse,rapide,1,1,Usage,orchestre,1,1,Positionnement,intermédiaire,1,1,Durabilité,moyenne,1,1,Stabilité,bonne,1,1,Temps de rodage,court,1,1
4468,CDM-700E41,Jargar Superior – La – Medium – 4/4,Marque,Jargar,1,1,Modèle,Superior,1,1,Instrument,Violon,1,1,Corde,La,1,1,Taille,4/4,1,1,Tension,Medium,1,1,Attache,,0,1,Âme,,0,1,Filage,,0,1,Type produit,,0,1,Type pack,,0,1,Profil sonore,équilibré,1,1,Complexité,pur,1,1,Puissance,modéré,1,1,Réponse,rapide,1,1,Usage,soliste,1,1,Positionnement,intermédiaire,1,1,Durabilité,moyenne,1,1,Stabilité,bonne,1,1,Temps de rodage,court,1,1
4470,CDM-935B58,Jargar Superior – Mi – Boule – Medium – 4/4,Marque,Jargar,1,1,Modèle,Superior,1,1,Instrument,Violon,1,1,Corde,Mi,1,1,Taille,4/4,1,1,Tension,Medium,1,1,Attache,Boule,1,1,Âme,,0,1,Filage,,0,1,Type produit,,0,1,Type pack,,0,1,Profil sonore,équilibré,1,1,Complexité,pur,1,1,Puissance,modéré,1,1,Réponse,rapide,1,1,Usage,soliste,1,1,Positionnement,intermédiaire,1,1,Durabilité,moyenne,1,1,Stabilité,bonne,1,1,Temps de rodage,court,1,1
4472,CDM-D5EE89,Jargar Superior – Re – Medium – 4/4,Marque,Jargar,1,1,Modèle,Superior,1,1,Instrument,Violon,1,1,Corde,Ré,1,1,Taille,4/4,1,1,Tension,Medium,1,1,Attache,,0,1,Âme,,0,1,Filage,,0,1,Type produit,,0,1,Type pack,,0,1,Profil sonore,équilibré,1,1,Complexité,pur,1,1,Puissance,modéré,1,1,Réponse,rapide,1,1,Usage,soliste,1,1,Positionnement,intermédiaire,1,1,Durabilité,moyenne,1,1,Stabilité,bonne,1,1,Temps de rodage,court,1,1
4474,CDM-2582AA,Jargar Superior – Sol – Medium – 4/4,Marque,Jargar,1,1,Modèle,Superior,1,1,Instrument,Violon,1,1,Corde,Sol,1,1,Taille,4/4,1,1,Tension,Medium,1,1,Attache,,0,1,Âme,,0,1,Filage,,0,1,Type produit,,0,1,Type pack,,0,1,Profil sonore,équilibré,1,1,Complexité,pur,1,1,Puissance,modéré,1,1,Réponse,rapide,1,1,Usage,soliste,1,1,Positionnement,intermédiaire,1,1,Durabilité,moyenne,1,1,Stabilité,bonne,1,1,Temps de rodage,court,1,1
4481,CDM-AA1790,Jargar Young Talent – Re – Medium,Marque,Jargar,1,1,Modèle,Young Talent,1,1,Instrument,Violon,1,1,Corde,Ré,1,1,Taille,"1/2, 1/4, 3/4, 4/4",1,1,Tension,Medium,1,1,Attache,,0,1,Âme,,0,1,Filage,,0,1,Type produit,,0,1,Type pack,,0,1,Profil sonore,équilibré,1,1,Complexité,pur,1,1,Puissance,modéré,1,1,Réponse,rapide,1,1,Usage,étudiant,1,1,Positionnement,entrée,1,1,Durabilité,moyenne,1,1,Stabilité,bonne,1,1,Temps de rodage,court,1,1
4482,CDM-C0FA2A,Jargar Young Talent – Sol – Medium,Marque,Jargar,1,1,Modèle,Young Talent,1,1,Instrument,Violon,1,1,Corde,Sol,1,1,Taille,"1/2, 1/4, 3/4, 4/4",1,1,Tension,Medium,1,1,Attache,,0,1,Âme,,0,1,Filage,,0,1,Type produit,,0,1,Type pack,,0,1,Profil sonore,équilibré,1,1,Complexité,pur,1,1,Puissance,modéré,1,1,Réponse,rapide,1,1,Usage,étudiant,1,1,Positionnement,entrée,1,1,Durabilité,moyenne,1,1,Stabilité,bonne,1,1,Temps de rodage,court,1,1
4535,CDM-66B7B2,Larsen Il Cannone – La – Medium – 4/4,Marque,Larsen,1,1,Modèle,Il Cannone,1,1,Instrument,Violon,1,1,Corde,La,1,1,Taille,4/4,1,1,Tension,Medium,1,1,Attache,,0,1,Âme,,0,1,Filage,,0,1,Type produit,,0,1,Type pack,,0,1,Profil sonore,brillant,1,1,Complexité,complexe,1,1,Puissance,puissant,1,1,Réponse,rapide,1,1,Usage,soliste,1,1,Positionnement,premium,1,1,Durabilité,élevée,1,1,Stabilité,bonne,1,1,Temps de rodage,court,1,1
4537,CDM-26301A,Larsen Il Cannone – La – Warm & Broad – 4/4,Marque,Larsen,1,1,Modèle,Il Cannone,1,1,Instrument,Violon,1,1,Corde,La,1,1,Taille,4/4,1,1,Tension,,0,1,Attache,,0,1,Âme,,0,1,Filage,,0,1,Type produit,,0,1,Type pack,,0,1,Profil sonore,brillant,1,1,Complexité,complexe,1,1,Puissance,puissant,1,1,Réponse,rapide,1,1,Usage,soliste,1,1,Positionnement,premium,1,1,Durabilité,élevée,1,1,Stabilité,bonne,1,1,Temps de rodage,court,1,1
4539,CDM-175FB6,Larsen Il Cannone – Mi – Boule – Medium – 4/4,Marque,Larsen,1,1,Modèle,Il Cannone,1,1,Instrument,Violon,1,1,Corde,Mi,1,1,Taille,4/4,1,1,Tension,Medium,1,1,Attache,Boule,1,1,Âme,,0,1,Filage,,0,1,Type produit,,0,1,Type pack,,0,1,Profil sonore,brillant,1,1,Complexité,complexe,1,1,Puissance,puissant,1,1,Réponse,rapide,1,1,Usage,soliste,1,1,Positionnement,premium,1,1,Durabilité,élevée,1,1,Stabilité,bonne,1,1,Temps de rodage,court,1,1
4541,CDM-123A8F,Larsen Il Cannone – Re – Medium – 4/4,Marque,Larsen,1,1,Modèle,Il Cannone,1,1,Instrument,Violon,1,1,Corde,Ré,1,1,Taille,4/4,1,1,Tension,Medium,1,1,Attache,,0,1,Âme,,0,1,Filage,,0,1,Type produit,,0,1,Type pack,,0,1,Profil sonore,brillant,1,1,Complexité,complexe,1,1,Puissance,puissant,1,1,Réponse,rapide,1,1,Usage,soliste,1,1,Positionnement,premium,1,1,Durabilité,élevée,1,1,Stabilité,bonne,1,1,Temps de rodage,court,1,1
4543,CDM-FEB6BC,Larsen Il Cannone – Sol – Medium – 4/4,Marque,Larsen,1,1,Modèle,Il Cannone,1,1,Instrument,Violon,1,1,Corde,Sol,1,1,Taille,4/4,1,1,Tension,Medium,1,1,Attache,,0,1,Âme,,0,1,Filage,,0,1,Type produit,,0,1,Type pack,,0,1,Profil sonore,brillant,1,1,Complexité,complexe,1,1,Puissance,puissant,1,1,Réponse,rapide,1,1,Usage,soliste,1,1,Positionnement,premium,1,1,Durabilité,élevée,1,1,Stabilité,bonne,1,1,Temps de rodage,court,1,1
4545,CDM-1F6C6C,Larsen Il Cannone Soloist – La – 4/4,Marque,Larsen,1,1,Modèle,Il Cannone Soloist,1,1,Instrument,Violon,1,1,Corde,La,1,1,Taille,4/4,1,1,Tension,,0,1,Attache,,0,1,Âme,,0,1,Filage,,0,1,Type produit,,0,1,Type pack,,0,1,Profil sonore,brillant,1,1,Complexité,complexe,1,1,Puissance,puissant,1,1,Réponse,rapide,1,1,Usage,soliste,1,1,Positionnement,premium,1,1,Durabilité,élevée,1,1,Stabilité,bonne,1,1,Temps de rodage,court,1,1
4547,CDM-B79D52,Larsen Il Cannone Soloist – Mi – Boule – 4/4,Marque,Larsen,1,1,Modèle,Il Cannone Soloist,1,1,Instrument,Violon,1,1,Corde,Mi,1,1,Taille,4/4,1,1,Tension,,0,1,Attache,Boule,1,1,Âme,,0,1,Filage,,0,1,Type produit,,0,1,Type pack,,0,1,Profil sonore,brillant,1,1,Complexité,complexe,1,1,Puissance,puissant,1,1,Réponse,rapide,1,1,Usage,soliste,1,1,Positionnement,premium,1,1,Durabilité,élevée,1,1,Stabilité,bonne,1,1,Temps de rodage,court,1,1
4549,CDM-504EA9,Larsen Il Cannone Soloist – Re – 4/4,Marque,Larsen,1,1,Modèle,Il Cannone Soloist,1,1,Instrument,Violon,1,1,Corde,Ré,1,1,Taille,4/4,1,1,Tension,,0,1,Attache,,0,1,Âme,,0,1,Filage,,0,1,Type produit,,0,1,Type pack,,0,1,Profil sonore,brillant,1,1,Complexité,complexe,1,1,Puissance,puissant,1,1,Réponse,rapide,1,1,Usage,soliste,1,1,Positionnement,premium,1,1,Durabilité,élevée,1,1,Stabilité,bonne,1,1,Temps de rodage,court,1,1
4551,CDM-7E0AA5,Larsen Il Cannone Soloist – Sol – 4/4,Marque,Larsen,1,1,Modèle,Il Cannone Soloist,1,1,Instrument,Violon,1,1,Corde,Sol,1,1,Taille,4/4,1,1,Tension,,0,1,Attache,,0,1,Âme,,0,1,Filage,,0,1,Type produit,,0,1,Type pack,,0,1,Profil sonore,brillant,1,1,Complexité,complexe,1,1,Puissance,puissant,1,1,Réponse,rapide,1,1,Usage,soliste,1,1,Positionnement,premium,1,1,Durabilité,élevée,1,1,Stabilité,bonne,1,1,Temps de rodage,court,1,1
4553,CDM-11C190,Larsen Tzigane – La – Medium – 4/4,Marque,Larsen,1,1,Modèle,Tzigane,1,1,Instrument,Violon,1,1,Corde,La,1,1,Taille,4/4,1,1,Tension,Medium,1,1,Attache,,0,1,Âme,,0,1,Filage,,0,1,Type produit,,0,1,Type pack,,0,1,Profil sonore,chaud,1,1,Complexité,équilibré,1,1,Puissance,puissant,1,1,Réponse,rapide,1,1,Usage,soliste,1,1,Positionnement,premium,1,1,Durabilité,moyenne,1,1,Stabilité,bonne,1,1,Temps de rodage,court,1,1
4555,CDM-55F7F1,Larsen Tzigane – La – Strong – 4/4,Marque,Larsen,1,1,Modèle,Tzigane,1,1,Instrument,Violon,1,1,Corde,La,1,1,Taille,4/4,1,1,Tension,Heavy,1,1,Attache,,0,1,Âme,,0,1,Filage,,0,1,Type produit,,0,1,Type pack,,0,1,Profil sonore,chaud,1,1,Complexité,équilibré,1,1,Puissance,puissant,1,1,Réponse,rapide,1,1,Usage,soliste,1,1,Positionnement,premium,1,1,Durabilité,moyenne,1,1,Stabilité,bonne,1,1,Temps de rodage,court,1,1
4557,CDM-546DE1,Larsen Tzigane – Mi – lazo – Strong – 4/4,Marque,Larsen,1,1,Modèle,Tzigane,1,1,Instrument,Violon,1,1,Corde,Mi,1,1,Taille,4/4,1,1,Tension,Heavy,1,1,Attache,,0,1,Âme,,0,1,Filage,,0,1,Type produit,,0,1,Type pack,,0,1,Profil sonore,chaud,1,1,Complexité,équilibré,1,1,Puissance,puissant,1,1,Réponse,rapide,1,1,Usage,soliste,1,1,Positionnement,premium,1,1,Durabilité,moyenne,1,1,Stabilité,bonne,1,1,Temps de rodage,court,1,1
4559,CDM-0CD067,Larsen Tzigane – Mi – Boule – Medium – 4/4,Marque,Larsen,1,1,Modèle,Tzigane,1,1,Instrument,Violon,1,1,Corde,Mi,1,1,Taille,4/4,1,1,Tension,Medium,1,1,Attache,Boule,1,1,Âme,,0,1,Filage,,0,1,Type produit,,0,1,Type pack,,0,1,Profil sonore,chaud,1,1,Complexité,équilibré,1,1,Puissance,puissant,1,1,Réponse,rapide,1,1,Usage,soliste,1,1,Positionnement,premium,1,1,Durabilité,moyenne,1,1,Stabilité,bonne,1,1,Temps de rodage,court,1,1
4563,CDM-8BCA73,Larsen Tzigane – Mi – Boule – Strong – 4/4,Marque,Larsen,1,1,Modèle,Tzigane,1,1,Instrument,Violon,1,1,Corde,Mi,1,1,Taille,4/4,1,1,Tension,Heavy,1,1,Attache,Boule,1,1,Âme,,0,1,Filage,,0,1,Type produit,,0,1,Type pack,,0,1,Profil sonore,chaud,1,1,Complexité,équilibré,1,1,Puissance,puissant,1,1,Réponse,rapide,1,1,Usage,soliste,1,1,Positionnement,premium,1,1,Durabilité,moyenne,1,1,Stabilité,bonne,1,1,Temps de rodage,court,1,1
4565,CDM-D49325,Larsen Tzigane – Re – Medium – 4/4,Marque,Larsen,1,1,Modèle,Tzigane,1,1,Instrument,Violon,1,1,Corde,Ré,1,1,Taille,4/4,1,1,Tension,Medium,1,1,Attache,,0,1,Âme,,0,1,Filage,,0,1,Type produit,,0,1,Type pack,,0,1,Profil sonore,chaud,1,1,Complexité,équilibré,1,1,Puissance,puissant,1,1,Réponse,rapide,1,1,Usage,soliste,1,1,Positionnement,premium,1,1,Durabilité,moyenne,1,1,Stabilité,bonne,1,1,Temps de rodage,court,1,1
4567,CDM-9A1441,Larsen Tzigane – Re – Strong – 4/4,Marque,Larsen,1,1,Modèle,Tzigane,1,1,Instrument,Violon,1,1,Corde,Ré,1,1,Taille,4/4,1,1,Tension,Heavy,1,1,Attache,,0,1,Âme,,0,1,Filage,,0,1,Type produit,,0,1,Type pack,,0,1,Profil sonore,chaud,1,1,Complexité,équilibré,1,1,Puissance,puissant,1,1,Réponse,rapide,1,1,Usage,soliste,1,1,Positionnement,premium,1,1,Durabilité,moyenne,1,1,Stabilité,bonne,1,1,Temps de rodage,court,1,1
4569,CDM-5566F1,Larsen Tzigane – Sol – Medium – 4/4,Marque,Larsen,1,1,Modèle,Tzigane,1,1,Instrument,Violon,1,1,Corde,Sol,1,1,Taille,4/4,1,1,Tension,Medium,1,1,Attache,,0,1,Âme,,0,1,Filage,,0,1,Type produit,,0,1,Type pack,,0,1,Profil sonore,chaud,1,1,Complexité,équilibré,1,1,Puissance,puissant,1,1,Réponse,rapide,1,1,Usage,soliste,1,1,Positionnement,premium,1,1,Durabilité,moyenne,1,1,Stabilité,bonne,1,1,Temps de rodage,court,1,1
4571,CDM-96CBD5,Larsen Tzigane – Sol – Strong – 4/4,Marque,Larsen,1,1,Modèle,Tzigane,1,1,Instrument,Violon,1,1,Corde,Sol,1,1,Taille,4/4,1,1,Tension,Heavy,1,1,Attache,,0,1,Âme,,0,1,Filage,,0,1,Type produit,,0,1,Type pack,,0,1,Profil sonore,chaud,1,1,Complexité,équilibré,1,1,Puissance,puissant,1,1,Réponse,rapide,1,1,Usage,soliste,1,1,Positionnement,premium,1,1,Durabilité,moyenne,1,1,Stabilité,bonne,1,1,Temps de rodage,court,1,1
4573,CDM-2B1775,Larsen Virtuoso – La – Medium – 4/4,Marque,Larsen,1,1,Modèle,Virtuoso,1,1,Instrument,Violon,1,1,Corde,La,1,1,Taille,4/4,1,1,Tension,Medium,1,1,Attache,,0,1,Âme,,0,1,Filage,,0,1,Type produit,,0,1,Type pack,,0,1,Profil sonore,chaud,1,1,Complexité,complexe,1,1,Puissance,puissant,1,1,Réponse,rapide,1,1,Usage,soliste,1,1,Positionnement,premium,1,1,Durabilité,moyenne,1,1,Stabilité,bonne,1,1,Temps de rodage,court,1,1
4575,CDM-C96836,Larsen Virtuoso – La – Strong – 4/4,Marque,Larsen,1,1,Modèle,Virtuoso,1,1,Instrument,Violon,1,1,Corde,La,1,1,Taille,4/4,1,1,Tension,Heavy,1,1,Attache,,0,1,Âme,,0,1,Filage,,0,1,Type produit,,0,1,Type pack,,0,1,Profil sonore,chaud,1,1,Complexité,complexe,1,1,Puissance,puissant,1,1,Réponse,rapide,1,1,Usage,soliste,1,1,Positionnement,premium,1,1,Durabilité,moyenne,1,1,Stabilité,bonne,1,1,Temps de rodage,court,1,1
4577,CDM-F3B940,Larsen Virtuoso – Mi – lazo – Strong – 4/4,Marque,Larsen,1,1,Modèle,Virtuoso,1,1,Instrument,Violon,1,1,Corde,Mi,1,1,Taille,4/4,1,1,Tension,Heavy,1,1,Attache,,0,1,Âme,,0,1,Filage,,0,1,Type produit,,0,1,Type pack,,0,1,Profil sonore,chaud,1,1,Complexité,complexe,1,1,Puissance,puissant,1,1,Réponse,rapide,1,1,Usage,soliste,1,1,Positionnement,premium,1,1,Durabilité,moyenne,1,1,Stabilité,bonne,1,1,Temps de rodage,court,1,1
4579,CDM-7E1048,Larsen Virtuoso – Mi – Boule – Medium – 4/4,Marque,Larsen,1,1,Modèle,Virtuoso,1,1,Instrument,Violon,1,1,Corde,Mi,1,1,Taille,4/4,1,1,Tension,Medium,1,1,Attache,Boule,1,1,Âme,,0,1,Filage,,0,1,Type produit,,0,1,Type pack,,0,1,Profil sonore,chaud,1,1,Complexité,complexe,1,1,Puissance,puissant,1,1,Réponse,rapide,1,1,Usage,soliste,1,1,Positionnement,premium,1,1,Durabilité,moyenne,1,1,Stabilité,bonne,1,1,Temps de rodage,court,1,1
4581,CDM-CE1D47,Larsen Virtuoso – Mi – Boule – Strong – 4/4,Marque,Larsen,1,1,Modèle,Virtuoso,1,1,Instrument,Violon,1,1,Corde,Mi,1,1,Taille,4/4,1,1,Tension,Heavy,1,1,Attache,Boule,1,1,Âme,,0,1,Filage,,0,1,Type produit,,0,1,Type pack,,0,1,Profil sonore,chaud,1,1,Complexité,complexe,1,1,Puissance,puissant,1,1,Réponse,rapide,1,1,Usage,soliste,1,1,Positionnement,premium,1,1,Durabilité,moyenne,1,1,Stabilité,bonne,1,1,Temps de rodage,court,1,1
4583,CDM-999D91,Larsen Virtuoso – Re – Medium – 4/4,Marque,Larsen,1,1,Modèle,Virtuoso,1,1,Instrument,Violon,1,1,Corde,Ré,1,1,Taille,4/4,1,1,Tension,Medium,1,1,Attache,,0,1,Âme,,0,1,Filage,,0,1,Type produit,,0,1,Type pack,,0,1,Profil sonore,chaud,1,1,Complexité,complexe,1,1,Puissance,puissant,1,1,Réponse,rapide,1,1,Usage,soliste,1,1,Positionnement,premium,1,1,Durabilité,moyenne,1,1,Stabilité,bonne,1,1,Temps de rodage,court,1,1
4585,CDM-17B511,Larsen Virtuoso – Re – Strong – 4/4,Marque,Larsen,1,1,Modèle,Virtuoso,1,1,Instrument,Violon,1,1,Corde,Ré,1,1,Taille,4/4,1,1,Tension,Heavy,1,1,Attache,,0,1,Âme,,0,1,Filage,,0,1,Type produit,,0,1,Type pack,,0,1,Profil sonore,chaud,1,1,Complexité,complexe,1,1,Puissance,puissant,1,1,Réponse,rapide,1,1,Usage,soliste,1,1,Positionnement,premium,1,1,Durabilité,moyenne,1,1,Stabilité,bonne,1,1,Temps de rodage,court,1,1
4587,CDM-2EBF88,Larsen Virtuoso – Sol – Medium – 4/4,Marque,Larsen,1,1,Modèle,Virtuoso,1,1,Instrument,Violon,1,1,Corde,Sol,1,1,Taille,4/4,1,1,Tension,Medium,1,1,Attache,,0,1,Âme,,0,1,Filage,,0,1,Type produit,,0,1,Type pack,,0,1,Profil sonore,chaud,1,1,Complexité,complexe,1,1,Puissance,puissant,1,1,Réponse,rapide,1,1,Usage,soliste,1,1,Positionnement,premium,1,1,Durabilité,moyenne,1,1,Stabilité,bonne,1,1,Temps de rodage,court,1,1
4589,CDM-3A608D,Larsen Virtuoso – Sol – Strong – 4/4,Marque,Larsen,1,1,Modèle,Virtuoso,1,1,Instrument,Violon,1,1,Corde,Sol,1,1,Taille,4/4,1,1,Tension,Heavy,1,1,Attache,,0,1,Âme,,0,1,Filage,,0,1,Type produit,,0,1,Type pack,,0,1,Profil sonore,chaud,1,1,Complexité,complexe,1,1,Puissance,puissant,1,1,Réponse,rapide,1,1,Usage,soliste,1,1,Positionnement,premium,1,1,Durabilité,moyenne,1,1,Stabilité,bonne,1,1,Temps de rodage,court,1,1
4591,CDM-009784,Optima Goldbrokat – Mi – lazo 0.24 Extra-light – 4/4,Marque,Optima,1,1,Modèle,Goldbrokat,1,1,Instrument,Violon,1,1,Corde,Mi,1,1,Taille,4/4,1,1,Tension,,0,1,Attache,,0,1,Âme,,0,1,Filage,,0,1,Type produit,,0,1,Type pack,,0,1,Profil sonore,brillant,1,1,Complexité,pur,1,1,Puissance,modéré,1,1,Réponse,rapide,1,1,Usage,soliste,1,1,Positionnement,entrée,1,1,Durabilité,élevée,1,1,Stabilité,excellente,1,1,Temps de rodage,court,1,1
4593,CDM-E59A6E,Optima Goldbrokat – Mi – lazo 0.25 Light – 4/4,Marque,Optima,1,1,Modèle,Goldbrokat,1,1,Instrument,Violon,1,1,Corde,Mi,1,1,Taille,4/4,1,1,Tension,,0,1,Attache,,0,1,Âme,,0,1,Filage,,0,1,Type produit,,0,1,Type pack,,0,1,Profil sonore,brillant,1,1,Complexité,pur,1,1,Puissance,modéré,1,1,Réponse,rapide,1,1,Usage,soliste,1,1,Positionnement,entrée,1,1,Durabilité,élevée,1,1,Stabilité,excellente,1,1,Temps de rodage,court,1,1
4594,CDM-A3AFEB,Optima Protos – La – Medium,Marque,Optima,1,1,Modèle,Protos,1,1,Instrument,Violon,1,1,Corde,La,1,1,Taille,"1/2, 1/4, 1/8, 3/4, 4/4",1,1,Tension,Medium,1,1,Attache,,0,1,Âme,,0,1,Filage,,0,1,Type produit,,0,1,Type pack,,0,1,Profil sonore,équilibré,1,1,Complexité,équilibré,1,1,Puissance,modéré,1,1,Réponse,rapide,1,1,Usage,orchestre,1,1,Positionnement,intermédiaire,1,1,Durabilité,moyenne,1,1,Stabilité,bonne,1,1,Temps de rodage,court,1,1
4595,CDM-69FE36,Optima Protos – Mi – Boule – Medium,Marque,Optima,1,1,Modèle,Protos,1,1,Instrument,Violon,1,1,Corde,Mi,1,1,Taille,"1/2, 1/4, 1/8, 3/4, 4/4",1,1,Tension,Medium,1,1,Attache,Boule,1,1,Âme,,0,1,Filage,,0,1,Type produit,,0,1,Type pack,,0,1,Profil sonore,équilibré,1,1,Complexité,équilibré,1,1,Puissance,modéré,1,1,Réponse,rapide,1,1,Usage,orchestre,1,1,Positionnement,intermédiaire,1,1,Durabilité,moyenne,1,1,Stabilité,bonne,1,1,Temps de rodage,court,1,1
4597,CDM-17BB26,Optima Goldbrokat – Mi – lazo 0.26 – Medium – 4/4,Marque,Optima,1,1,Modèle,Goldbrokat,1,1,Instrument,Violon,1,1,Corde,Mi,1,1,Taille,4/4,1,1,Tension,Medium,1,1,Attache,,0,1,Âme,,0,1,Filage,,0,1,Type produit,,0,1,Type pack,,0,1,Profil sonore,brillant,1,1,Complexité,pur,1,1,Puissance,modéré,1,1,Réponse,rapide,1,1,Usage,soliste,1,1,Positionnement,entrée,1,1,Durabilité,élevée,1,1,Stabilité,excellente,1,1,Temps de rodage,court,1,1
4599,CDM-2763BA,Optima Goldbrokat – Mi – lazo 0.27 Hard – 4/4,Marque,Optima,1,1,Modèle,Goldbrokat,1,1,Instrument,Violon,1,1,Corde,Mi,1,1,Taille,4/4,1,1,Tension,,0,1,Attache,,0,1,Âme,,0,1,Filage,,0,1,Type produit,,0,1,Type pack,,0,1,Profil sonore,brillant,1,1,Complexité,pur,1,1,Puissance,modéré,1,1,Réponse,rapide,1,1,Usage,soliste,1,1,Positionnement,entrée,1,1,Durabilité,élevée,1,1,Stabilité,excellente,1,1,Temps de rodage,court,1,1
4601,CDM-989CAE,Optima Goldbrokat – Mi – lazo 0.28 Extra-hard – 4/4,Marque,Optima,1,1,Modèle,Goldbrokat,1,1,Instrument,Violon,1,1,Corde,Mi,1,1,Taille,4/4,1,1,Tension,,0,1,Attache,,0,1,Âme,,0,1,Filage,,0,1,Type produit,,0,1,Type pack,,0,1,Profil sonore,brillant,1,1,Complexité,pur,1,1,Puissance,modéré,1,1,Réponse,rapide,1,1,Usage,soliste,1,1,Positionnement,entrée,1,1,Durabilité,élevée,1,1,Stabilité,excellente,1,1,Temps de rodage,court,1,1
4603,CDM-43537B,Optima Goldbrokat – Mi – Boule – 0.24 Extra-light – 4/4,Marque,Optima,1,1,Modèle,Goldbrokat,1,1,Instrument,Violon,1,1,Corde,Mi,1,1,Taille,4/4,1,1,Tension,,0,1,Attache,Boule,1,1,Âme,,0,1,Filage,,0,1,Type produit,,0,1,Type pack,,0,1,Profil sonore,brillant,1,1,Complexité,pur,1,1,Puissance,modéré,1,1,Réponse,rapide,1,1,Usage,soliste,1,1,Positionnement,entrée,1,1,Durabilité,élevée,1,1,Stabilité,excellente,1,1,Temps de rodage,court,1,1
4605,CDM-9C1769,Optima Goldbrokat – Mi – Boule – 0.25 Light – 4/4,Marque,Optima,1,1,Modèle,Goldbrokat,1,1,Instrument,Violon,1,1,Corde,Mi,1,1,Taille,4/4,1,1,Tension,,0,1,Attache,Boule,1,1,Âme,,0,1,Filage,,0,1,Type produit,,0,1,Type pack,,0,1,Profil sonore,brillant,1,1,Complexité,pur,1,1,Puissance,modéré,1,1,Réponse,rapide,1,1,Usage,soliste,1,1,Positionnement,entrée,1,1,Durabilité,élevée,1,1,Stabilité,excellente,1,1,Temps de rodage,court,1,1
4607,CDM-57BFCA,Optima Goldbrokat – Mi – Boule – 0.26 – Medium – 4/4,Marque,Optima,1,1,Modèle,Goldbrokat,1,1,Instrument,Violon,1,1,Corde,Mi,1,1,Taille,4/4,1,1,Tension,Medium,1,1,Attache,Boule,1,1,Âme,,0,1,Filage,,0,1,Type produit,,0,1,Type pack,,0,1,Profil sonore,brillant,1,1,Complexité,pur,1,1,Puissance,modéré,1,1,Réponse,rapide,1,1,Usage,soliste,1,1,Positionnement,entrée,1,1,Durabilité,élevée,1,1,Stabilité,excellente,1,1,Temps de rodage,court,1,1
4609,CDM-E7C541,Optima Goldbrokat – Mi – Boule – 0.27 Hard – 4/4,Marque,Optima,1,1,Modèle,Goldbrokat,1,1,Instrument,Violon,1,1,Corde,Mi,1,1,Taille,4/4,1,1,Tension,,0,1,Attache,Boule,1,1,Âme,,0,1,Filage,,0,1,Type produit,,0,1,Type pack,,0,1,Profil sonore,brillant,1,1,Complexité,pur,1,1,Puissance,modéré,1,1,Réponse,rapide,1,1,Usage,soliste,1,1,Positionnement,entrée,1,1,Durabilité,élevée,1,1,Stabilité,excellente,1,1,Temps de rodage,court,1,1
4611,CDM-B437D6,Optima Goldbrokat – Mi – Boule – 0.28 Extra-hard – 4/4,Marque,Optima,1,1,Modèle,Goldbrokat,1,1,Instrument,Violon,1,1,Corde,Mi,1,1,Taille,4/4,1,1,Tension,,0,1,Attache,Boule,1,1,Âme,,0,1,Filage,,0,1,Type produit,,0,1,Type pack,,0,1,Profil sonore,brillant,1,1,Complexité,pur,1,1,Puissance,modéré,1,1,Réponse,rapide,1,1,Usage,soliste,1,1,Positionnement,entrée,1,1,Durabilité,élevée,1,1,Stabilité,excellente,1,1,Temps de rodage,court,1,1
4613,CDM-B36A62,Optima Goldbrokat Premium – Mi – boucle 0.26 – Medium – 4/4,Marque,Optima,1,1,Modèle,Goldbrokat Premium,1,1,Instrument,Violon,1,1,Corde,Mi,1,1,Taille,4/4,1,1,Tension,Medium,1,1,Attache,,0,1,Âme,,0,1,Filage,,0,1,Type produit,,0,1,Type pack,,0,1,Profil sonore,brillant,1,1,Complexité,équilibré,1,1,Puissance,modéré,1,1,Réponse,rapide,1,1,Usage,soliste,1,1,Positionnement,intermédiaire,1,1,Durabilité,élevée,1,1,Stabilité,excellente,1,1,Temps de rodage,court,1,1
4615,CDM-2AC7F9,Optima Goldbrokat Premium – Mi – Boule – 0.26 – Medium – 4/4,Marque,Optima,1,1,Modèle,Goldbrokat Premium,1,1,Instrument,Violon,1,1,Corde,Mi,1,1,Taille,4/4,1,1,Tension,Medium,1,1,Attache,Boule,1,1,Âme,,0,1,Filage,,0,1,Type produit,,0,1,Type pack,,0,1,Profil sonore,brillant,1,1,Complexité,équilibré,1,1,Puissance,modéré,1,1,Réponse,rapide,1,1,Usage,soliste,1,1,Positionnement,intermédiaire,1,1,Durabilité,élevée,1,1,Stabilité,excellente,1,1,Temps de rodage,court,1,1
4617,CDM-6E7D85,Optima Goldbrokat Premium 24K Gold – Mi – boucle 0.26 – Medium – 4/4,Marque,Optima,1,1,Modèle,Goldbrokat Premium,1,1,Instrument,Violon,1,1,Corde,Mi,1,1,Taille,4/4,1,1,Tension,Medium,1,1,Attache,,0,1,Âme,,0,1,Filage,,0,1,Type produit,,0,1,Type pack,,0,1,Profil sonore,brillant,1,1,Complexité,équilibré,1,1,Puissance,modéré,1,1,Réponse,rapide,1,1,Usage,soliste,1,1,Positionnement,intermédiaire,1,1,Durabilité,élevée,1,1,Stabilité,excellente,1,1,Temps de rodage,court,1,1
4619,CDM-CB40E4,Optima Goldbrokat Premium 24K Gold – Mi – boucle 0.27 Hard – 4/4,Marque,Optima,1,1,Modèle,Goldbrokat Premium,1,1,Instrument,Violon,1,1,Corde,Mi,1,1,Taille,4/4,1,1,Tension,,0,1,Attache,,0,1,Âme,,0,1,Filage,,0,1,Type produit,,0,1,Type pack,,0,1,Profil sonore,brillant,1,1,Complexité,équilibré,1,1,Puissance,modéré,1,1,Réponse,rapide,1,1,Usage,soliste,1,1,Positionnement,intermédiaire,1,1,Durabilité,élevée,1,1,Stabilité,excellente,1,1,Temps de rodage,court,1,1
4621,CDM-BFF623,Optima Goldbrokat Premium 24K Gold – Mi – Boule – 0.26 – Medium – 4/4,Marque,Optima,1,1,Modèle,Goldbrokat Premium,1,1,Instrument,Violon,1,1,Corde,Mi,1,1,Taille,4/4,1,1,Tension,Medium,1,1,Attache,Boule,1,1,Âme,,0,1,Filage,,0,1,Type produit,,0,1,Type pack,,0,1,Profil sonore,brillant,1,1,Complexité,équilibré,1,1,Puissance,modéré,1,1,Réponse,rapide,1,1,Usage,soliste,1,1,Positionnement,intermédiaire,1,1,Durabilité,élevée,1,1,Stabilité,excellente,1,1,Temps de rodage,court,1,1
4623,CDM-982B7D,Optima Goldbrokat Premium 24K Gold – Mi – Boule – 0.27 Hard – 4/4,Marque,Optima,1,1,Modèle,Goldbrokat Premium,1,1,Instrument,Violon,1,1,Corde,Mi,1,1,Taille,4/4,1,1,Tension,,0,1,Attache,Boule,1,1,Âme,,0,1,Filage,,0,1,Type produit,,0,1,Type pack,,0,1,Profil sonore,brillant,1,1,Complexité,équilibré,1,1,Puissance,modéré,1,1,Réponse,rapide,1,1,Usage,soliste,1,1,Positionnement,intermédiaire,1,1,Durabilité,élevée,1,1,Stabilité,excellente,1,1,Temps de rodage,court,1,1
4625,CDM-85BCDD,Optima Goldbrokat Premium Brassed – Mi – boucle 0.26 – Medium – 4/4,Marque,Optima,1,1,Modèle,Goldbrokat Premium,1,1,Instrument,Violon,1,1,Corde,Mi,1,1,Taille,4/4,1,1,Tension,Medium,1,1,Attache,,0,1,Âme,,0,1,Filage,,0,1,Type produit,,0,1,Type pack,,0,1,Profil sonore,brillant,1,1,Complexité,équilibré,1,1,Puissance,modéré,1,1,Réponse,rapide,1,1,Usage,soliste,1,1,Positionnement,intermédiaire,1,1,Durabilité,élevée,1,1,Stabilité,excellente,1,1,Temps de rodage,court,1,1
4627,CDM-91B8D2,Optima Goldbrokat Premium Brassed – Mi – boucle 0.27 Hard – 4/4,Marque,Optima,1,1,Modèle,Goldbrokat Premium,1,1,Instrument,Violon,1,1,Corde,Mi,1,1,Taille,4/4,1,1,Tension,,0,1,Attache,,0,1,Âme,,0,1,Filage,,0,1,Type produit,,0,1,Type pack,,0,1,Profil sonore,brillant,1,1,Complexité,équilibré,1,1,Puissance,modéré,1,1,Réponse,rapide,1,1,Usage,soliste,1,1,Positionnement,intermédiaire,1,1,Durabilité,élevée,1,1,Stabilité,excellente,1,1,Temps de rodage,court,1,1
4629,CDM-DD0D41,Optima Goldbrokat Premium Brassed – Mi – Boule – 0.26 – Medium – 4/4,Marque,Optima,1,1,Modèle,Goldbrokat Premium,1,1,Instrument,Violon,1,1,Corde,Mi,1,1,Taille,4/4,1,1,Tension,Medium,1,1,Attache,Boule,1,1,Âme,,0,1,Filage,,0,1,Type produit,,0,1,Type pack,,0,1,Profil sonore,brillant,1,1,Complexité,équilibré,1,1,Puissance,modéré,1,1,Réponse,rapide,1,1,Usage,soliste,1,1,Positionnement,intermédiaire,1,1,Durabilité,élevée,1,1,Stabilité,excellente,1,1,Temps de rodage,court,1,1
4631,CDM-5F68E4,Optima Goldbrokat Premium Brassed – Mi – Boule – 0.27 Hard – 4/4,Marque,Optima,1,1,Modèle,Goldbrokat Premium,1,1,Instrument,Violon,1,1,Corde,Mi,1,1,Taille,4/4,1,1,Tension,,0,1,Attache,Boule,1,1,Âme,,0,1,Filage,,0,1,Type produit,,0,1,Type pack,,0,1,Profil sonore,brillant,1,1,Complexité,équilibré,1,1,Puissance,modéré,1,1,Réponse,rapide,1,1,Usage,soliste,1,1,Positionnement,intermédiaire,1,1,Durabilité,élevée,1,1,Stabilité,excellente,1,1,Temps de rodage,court,1,1
4633,CDM-C20DDD,Optima Lenzner Goldbrokat Premium – Mi – lazo 0.27 Hard – 4/4,Marque,Optima,1,1,Modèle,Lenzner Goldbrokat Premium,1,1,Instrument,Violon,1,1,Corde,Mi,1,1,Taille,4/4,1,1,Tension,,0,1,Attache,,0,1,Âme,,0,1,Filage,,0,1,Type produit,,0,1,Type pack,,0,1,Profil sonore,brillant,1,1,Complexité,équilibré,1,1,Puissance,modéré,1,1,Réponse,rapide,1,1,Usage,soliste,1,1,Positionnement,intermédiaire,1,1,Durabilité,élevée,1,1,Stabilité,excellente,1,1,Temps de rodage,court,1,1
4636,CDM-21C219,Optima Lenzner Goldbrokat Premium – Mi – Boule – 0.27 Hard – 4/4,Marque,Optima,1,1,Modèle,Lenzner Goldbrokat Premium,1,1,Instrument,Violon,1,1,Corde,Mi,1,1,Taille,4/4,1,1,Tension,,0,1,Attache,Boule,1,1,Âme,,0,1,Filage,,0,1,Type produit,,0,1,Type pack,,0,1,Profil sonore,brillant,1,1,Complexité,équilibré,1,1,Puissance,modéré,1,1,Réponse,rapide,1,1,Usage,soliste,1,1,Positionnement,intermédiaire,1,1,Durabilité,élevée,1,1,Stabilité,excellente,1,1,Temps de rodage,court,1,1
4647,CDM-E750E7,Optima Protos – Re – Medium,Marque,Optima,1,1,Modèle,Protos,1,1,Instrument,Violon,1,1,Corde,Ré,1,1,Taille,"1/2, 1/4, 4/4",1,1,Tension,Medium,1,1,Attache,,0,1,Âme,,0,1,Filage,,0,1,Type produit,,0,1,Type pack,,0,1,Profil sonore,équilibré,1,1,Complexité,équilibré,1,1,Puissance,modéré,1,1,Réponse,rapide,1,1,Usage,orchestre,1,1,Positionnement,intermédiaire,1,1,Durabilité,moyenne,1,1,Stabilité,bonne,1,1,Temps de rodage,court,1,1
4648,CDM-66D683,Thomastik Alphayue – Do,Marque,Thomastik,1,1,Modèle,Alphayue,1,1,Instrument,Alto,1,1,Corde,Do,1,1,Taille,"11"", 12"", 13"", 14"", 15""-16""",1,1,Tension,,0,1,Attache,,0,1,Âme,,0,1,Filage,,0,1,Type produit,,0,1,Type pack,,0,1,Profil sonore,équilibré,1,1,Complexité,équilibré,1,1,Puissance,modéré,1,1,Réponse,rapide,1,1,Usage,étudiant,1,1,Positionnement,entrée,1,1,Durabilité,moyenne,1,1,Stabilité,bonne,1,1,Temps de rodage,court,1,1
4649,CDM-73E4BD,Thomastik Dominant – Do – Medium,Marque,Thomastik,1,1,Modèle,Dominant,1,1,Instrument,Alto,1,1,Corde,Do,1,1,Taille,"12""-13"", 14"", 15""-15.5"", 16""-16.5"", 17""",1,1,Tension,Medium,1,1,Attache,,0,1,Âme,,0,1,Filage,,0,1,Type produit,,0,1,Type pack,,0,1,Profil sonore,équilibré,1,1,Complexité,équilibré,1,1,Puissance,puissant,1,1,Réponse,rapide,1,1,Usage,orchestre,1,1,Positionnement,intermédiaire,1,1,Durabilité,moyenne,1,1,Stabilité,bonne,1,1,Temps de rodage,moyen,1,1
4650,CDM-E7F531,Thomastik Dominant – La – Medium,Marque,Thomastik,1,1,Modèle,Dominant,1,1,Instrument,Alto,1,1,Corde,La,1,1,Taille,"12""-13"", 14"", 15""-15.5"", 16""-16.5"", 17""",1,1,Tension,Medium,1,1,Attache,,0,1,Âme,,0,1,Filage,,0,1,Type produit,,0,1,Type pack,,0,1,Profil sonore,équilibré,1,1,Complexité,équilibré,1,1,Puissance,puissant,1,1,Réponse,rapide,1,1,Usage,orchestre,1,1,Positionnement,intermédiaire,1,1,Durabilité,moyenne,1,1,Stabilité,bonne,1,1,Temps de rodage,moyen,1,1
4651,CDM-EB4729,Thomastik Dominant – Re – aluminium – Medium,Marque,Thomastik,1,1,Modèle,Dominant,1,1,Instrument,Alto,1,1,Corde,Ré,1,1,Taille,"12""-13"", 14"", 15""-15.5"", 16""-16.5"", 17""",1,1,Tension,Medium,1,1,Attache,,0,1,Âme,,0,1,Filage,aluminium,1,1,Type produit,,0,1,Type pack,,0,1,Profil sonore,équilibré,1,1,Complexité,équilibré,1,1,Puissance,puissant,1,1,Réponse,rapide,1,1,Usage,orchestre,1,1,Positionnement,intermédiaire,1,1,Durabilité,moyenne,1,1,Stabilité,bonne,1,1,Temps de rodage,moyen,1,1
4662,CDM-77BA88,Thomastik Belcanto – Sol,Marque,Thomastik,1,1,Modèle,Belcanto,1,1,Instrument,Alto,1,1,Corde,Sol,1,1,Taille,,0,1,Tension,,0,1,Attache,,0,1,Âme,,0,1,Filage,,0,1,Type produit,,0,1,Type pack,,0,1,Profil sonore,chaud,1,1,Complexité,équilibré,1,1,Puissance,modéré,1,1,Réponse,rapide,1,1,Usage,orchestre,1,1,Positionnement,intermédiaire,1,1,Durabilité,moyenne,1,1,Stabilité,bonne,1,1,Temps de rodage,court,1,1
4664,CDM-5D2227,Thomastik Dominant – Do – Heavy,Marque,Thomastik,1,1,Modèle,Dominant,1,1,Instrument,Alto,1,1,Corde,Do,1,1,Taille,,0,1,Tension,Heavy,1,1,Attache,,0,1,Âme,,0,1,Filage,,0,1,Type produit,,0,1,Type pack,,0,1,Profil sonore,équilibré,1,1,Complexité,équilibré,1,1,Puissance,puissant,1,1,Réponse,rapide,1,1,Usage,orchestre,1,1,Positionnement,intermédiaire,1,1,Durabilité,moyenne,1,1,Stabilité,bonne,1,1,Temps de rodage,moyen,1,1
4673,CDM-4DE182,Thomastik Dominant – La – Heavy,Marque,Thomastik,1,1,Modèle,Dominant,1,1,Instrument,Alto,1,1,Corde,La,1,1,Taille,,0,1,Tension,Heavy,1,1,Attache,,0,1,Âme,,0,1,Filage,,0,1,Type produit,,0,1,Type pack,,0,1,Profil sonore,équilibré,1,1,Complexité,équilibré,1,1,Puissance,puissant,1,1,Réponse,rapide,1,1,Usage,orchestre,1,1,Positionnement,intermédiaire,1,1,Durabilité,moyenne,1,1,Stabilité,bonne,1,1,Temps de rodage,moyen,1,1
4682,CDM-ED6B12,Thomastik Dominant – Re – aluminio – Heavy,Marque,Thomastik,1,1,Modèle,Dominant,1,1,Instrument,Alto,1,1,Corde,Ré,1,1,Taille,,0,1,Tension,Heavy,1,1,Attache,,0,1,Âme,,0,1,Filage,aluminium,1,1,Type produit,,0,1,Type pack,,0,1,Profil sonore,équilibré,1,1,Complexité,équilibré,1,1,Puissance,puissant,1,1,Réponse,rapide,1,1,Usage,orchestre,1,1,Positionnement,intermédiaire,1,1,Durabilité,moyenne,1,1,Stabilité,bonne,1,1,Temps de rodage,moyen,1,1
4685,CDM-96AE35,Thomastik Dominant – Sol – Medium,Marque,Thomastik,1,1,Modèle,Dominant,1,1,Instrument,Alto,1,1,Corde,Sol,1,1,Taille,"12""-13"", 14"", 15""-15.5"", 16""-16.5"", 17""",1,1,Tension,Medium,1,1,Attache,,0,1,Âme,,0,1,Filage,,0,1,Type produit,,0,1,Type pack,,0,1,Profil sonore,équilibré,1,1,Complexité,équilibré,1,1,Puissance,puissant,1,1,Réponse,rapide,1,1,Usage,orchestre,1,1,Positionnement,intermédiaire,1,1,Durabilité,moyenne,1,1,Stabilité,bonne,1,1,Temps de rodage,moyen,1,1
4692,CDM-82FD57,Thomastik Dominant – Re – plata – Medium,Marque,Thomastik,1,1,Modèle,Dominant,1,1,Instrument,Alto,1,1,Corde,Ré,1,1,Taille,,0,1,Tension,Medium,1,1,Attache,,0,1,Âme,,0,1,Filage,argent,1,1,Type produit,,0,1,Type pack,,0,1,Profil sonore,équilibré,1,1,Complexité,équilibré,1,1,Puissance,puissant,1,1,Réponse,rapide,1,1,Usage,orchestre,1,1,Positionnement,intermédiaire,1,1,Durabilité,moyenne,1,1,Stabilité,bonne,1,1,Temps de rodage,moyen,1,1
4694,CDM-5B4BF5,Thomastik Dominant – Sol – Heavy,Marque,Thomastik,1,1,Modèle,Dominant,1,1,Instrument,Alto,1,1,Corde,Sol,1,1,Taille,,0,1,Tension,Heavy,1,1,Attache,,0,1,Âme,,0,1,Filage,,0,1,Type produit,,0,1,Type pack,,0,1,Profil sonore,équilibré,1,1,Complexité,équilibré,1,1,Puissance,puissant,1,1,Réponse,rapide,1,1,Usage,orchestre,1,1,Positionnement,intermédiaire,1,1,Durabilité,moyenne,1,1,Stabilité,bonne,1,1,Temps de rodage,moyen,1,1
4703,CDM-5D8EE2,Thomastik Peter Infeld – Do,Marque,Thomastik,1,1,Modèle,Peter Infeld,1,1,Instrument,Alto,1,1,Corde,Do,1,1,Taille,,0,1,Tension,,0,1,Attache,,0,1,Âme,,0,1,Filage,,0,1,Type produit,,0,1,Type pack,,0,1,Profil sonore,équilibré,1,1,Complexité,complexe,1,1,Puissance,puissant,1,1,Réponse,rapide,1,1,Usage,soliste,1,1,Positionnement,premium,1,1,Durabilité,moyenne,1,1,Stabilité,bonne,1,1,Temps de rodage,moyen,1,1
4705,CDM-91C70D,Thomastik Peter Infeld – La,Marque,Thomastik,1,1,Modèle,Peter Infeld,1,1,Instrument,Alto,1,1,Corde,La,1,1,Taille,,0,1,Tension,,0,1,Attache,,0,1,Âme,,0,1,Filage,,0,1,Type produit,,0,1,Type pack,,0,1,Profil sonore,équilibré,1,1,Complexité,complexe,1,1,Puissance,puissant,1,1,Réponse,rapide,1,1,Usage,soliste,1,1,Positionnement,premium,1,1,Durabilité,moyenne,1,1,Stabilité,bonne,1,1,Temps de rodage,moyen,1,1
4707,CDM-52F37F,Thomastik Peter Infeld – Re,Marque,Thomastik,1,1,Modèle,Peter Infeld,1,1,Instrument,Alto,1,1,Corde,Ré,1,1,Taille,,0,1,Tension,,0,1,Attache,,0,1,Âme,,0,1,Filage,,0,1,Type produit,,0,1,Type pack,,0,1,Profil sonore,équilibré,1,1,Complexité,complexe,1,1,Puissance,puissant,1,1,Réponse,rapide,1,1,Usage,soliste,1,1,Positionnement,premium,1,1,Durabilité,moyenne,1,1,Stabilité,bonne,1,1,Temps de rodage,moyen,1,1
4709,CDM-DA5BAE,Thomastik Peter Infeld – Sol,Marque,Thomastik,1,1,Modèle,Peter Infeld,1,1,Instrument,Alto,1,1,Corde,Sol,1,1,Taille,,0,1,Tension,,0,1,Attache,,0,1,Âme,,0,1,Filage,,0,1,Type produit,,0,1,Type pack,,0,1,Profil sonore,équilibré,1,1,Complexité,complexe,1,1,Puissance,puissant,1,1,Réponse,rapide,1,1,Usage,soliste,1,1,Positionnement,premium,1,1,Durabilité,moyenne,1,1,Stabilité,bonne,1,1,Temps de rodage,moyen,1,1
4711,CDM-07EF83,Thomastik Rondo – Do – 4/4,Marque,Thomastik,1,1,Modèle,Rondo,1,1,Instrument,Alto,1,1,Corde,Do,1,1,Taille,"15""",1,1,Tension,,0,1,Attache,,0,1,Âme,,0,1,Filage,,0,1,Type produit,,0,1,Type pack,,0,1,Profil sonore,chaud,1,1,Complexité,complexe,1,1,Puissance,puissant,1,1,Réponse,rapide,1,1,Usage,soliste,1,1,Positionnement,premium,1,1,Durabilité,moyenne,1,1,Stabilité,bonne,1,1,Temps de rodage,court,1,1
4713,CDM-D66E1F,Thomastik Rondo – La – 4/4,Marque,Thomastik,1,1,Modèle,Rondo,1,1,Instrument,Alto,1,1,Corde,La,1,1,Taille,"15""",1,1,Tension,,0,1,Attache,,0,1,Âme,,0,1,Filage,,0,1,Type produit,,0,1,Type pack,,0,1,Profil sonore,chaud,1,1,Complexité,complexe,1,1,Puissance,puissant,1,1,Réponse,rapide,1,1,Usage,soliste,1,1,Positionnement,premium,1,1,Durabilité,moyenne,1,1,Stabilité,bonne,1,1,Temps de rodage,court,1,1
4715,CDM-C13328,Thomastik Rondo – Re – 4/4,Marque,Thomastik,1,1,Modèle,Rondo,1,1,Instrument,Alto,1,1,Corde,Ré,1,1,Taille,"15""",1,1,Tension,,0,1,Attache,,0,1,Âme,,0,1,Filage,,0,1,Type produit,,0,1,Type pack,,0,1,Profil sonore,chaud,1,1,Complexité,complexe,1,1,Puissance,puissant,1,1,Réponse,rapide,1,1,Usage,soliste,1,1,Positionnement,premium,1,1,Durabilité,moyenne,1,1,Stabilité,bonne,1,1,Temps de rodage,court,1,1
4717,CDM-9961D4,Thomastik Rondo – Sol – 4/4,Marque,Thomastik,1,1,Modèle,Rondo,1,1,Instrument,Alto,1,1,Corde,Sol,1,1,Taille,"15""",1,1,Tension,,0,1,Attache,,0,1,Âme,,0,1,Filage,,0,1,Type produit,,0,1,Type pack,,0,1,Profil sonore,chaud,1,1,Complexité,complexe,1,1,Puissance,puissant,1,1,Réponse,rapide,1,1,Usage,soliste,1,1,Positionnement,premium,1,1,Durabilité,moyenne,1,1,Stabilité,bonne,1,1,Temps de rodage,court,1,1
4719,CDM-F2515D,Thomastik Spirocore – Do – cromo – Heavy,Marque,Thomastik,1,1,Modèle,Spirocore,1,1,Instrument,Alto,1,1,Corde,Do,1,1,Taille,,0,1,Tension,Heavy,1,1,Attache,,0,1,Âme,,0,1,Filage,,0,1,Type produit,,0,1,Type pack,,0,1,Profil sonore,brillant,1,1,Complexité,complexe,1,1,Puissance,puissant,1,1,Réponse,rapide,1,1,Usage,soliste,1,1,Positionnement,intermédiaire,1,1,Durabilité,élevée,1,1,Stabilité,bonne,1,1,Temps de rodage,long,1,1
4721,CDM-2401D1,Thomastik Spirocore – Do – cromo – Medium,Marque,Thomastik,1,1,Modèle,Spirocore,1,1,Instrument,Alto,1,1,Corde,Do,1,1,Taille,,0,1,Tension,Medium,1,1,Attache,,0,1,Âme,,0,1,Filage,,0,1,Type produit,,0,1,Type pack,,0,1,Profil sonore,brillant,1,1,Complexité,complexe,1,1,Puissance,puissant,1,1,Réponse,rapide,1,1,Usage,soliste,1,1,Positionnement,intermédiaire,1,1,Durabilité,élevée,1,1,Stabilité,bonne,1,1,Temps de rodage,long,1,1
4723,CDM-5380D1,Thomastik Spirocore – Do – plata – Medium,Marque,Thomastik,1,1,Modèle,Spirocore,1,1,Instrument,Alto,1,1,Corde,Do,1,1,Taille,,0,1,Tension,Medium,1,1,Attache,,0,1,Âme,,0,1,Filage,argent,1,1,Type produit,,0,1,Type pack,,0,1,Profil sonore,brillant,1,1,Complexité,complexe,1,1,Puissance,puissant,1,1,Réponse,rapide,1,1,Usage,soliste,1,1,Positionnement,intermédiaire,1,1,Durabilité,élevée,1,1,Stabilité,bonne,1,1,Temps de rodage,long,1,1
4725,CDM-240795,Thomastik Spirocore – Do – tungsteno – Heavy,Marque,Thomastik,1,1,Modèle,Spirocore,1,1,Instrument,Alto,1,1,Corde,Do,1,1,Taille,,0,1,Tension,Heavy,1,1,Attache,,0,1,Âme,,0,1,Filage,tungstène,1,1,Type produit,,0,1,Type pack,,0,1,Profil sonore,brillant,1,1,Complexité,complexe,1,1,Puissance,puissant,1,1,Réponse,rapide,1,1,Usage,soliste,1,1,Positionnement,intermédiaire,1,1,Durabilité,élevée,1,1,Stabilité,bonne,1,1,Temps de rodage,long,1,1
4727,CDM-2EA8C6,Thomastik Spirocore – Do – tungsteno – Medium,Marque,Thomastik,1,1,Modèle,Spirocore,1,1,Instrument,Alto,1,1,Corde,Do,1,1,Taille,,0,1,Tension,Medium,1,1,Attache,,0,1,Âme,,0,1,Filage,tungstène,1,1,Type produit,,0,1,Type pack,,0,1,Profil sonore,brillant,1,1,Complexité,complexe,1,1,Puissance,puissant,1,1,Réponse,rapide,1,1,Usage,soliste,1,1,Positionnement,intermédiaire,1,1,Durabilité,élevée,1,1,Stabilité,bonne,1,1,Temps de rodage,long,1,1
4729,CDM-B839CE,Thomastik Spirocore – Do – tungsteno Soft,Marque,Thomastik,1,1,Modèle,Spirocore,1,1,Instrument,Alto,1,1,Corde,Do,1,1,Taille,,0,1,Tension,,0,1,Attache,,0,1,Âme,,0,1,Filage,tungstène,1,1,Type produit,,0,1,Type pack,,0,1,Profil sonore,brillant,1,1,Complexité,complexe,1,1,Puissance,puissant,1,1,Réponse,rapide,1,1,Usage,soliste,1,1,Positionnement,intermédiaire,1,1,Durabilité,élevée,1,1,Stabilité,bonne,1,1,Temps de rodage,long,1,1
4731,CDM-46690A,Thomastik Spirocore – La – aluminio – Medium,Marque,Thomastik,1,1,Modèle,Spirocore,1,1,Instrument,Alto,1,1,Corde,La,1,1,Taille,,0,1,Tension,Medium,1,1,Attache,,0,1,Âme,,0,1,Filage,aluminium,1,1,Type produit,,0,1,Type pack,,0,1,Profil sonore,brillant,1,1,Complexité,complexe,1,1,Puissance,puissant,1,1,Réponse,rapide,1,1,Usage,soliste,1,1,Positionnement,intermédiaire,1,1,Durabilité,élevée,1,1,Stabilité,bonne,1,1,Temps de rodage,long,1,1
4733,CDM-D7240D,Thomastik Spirocore – La – cromo – Medium,Marque,Thomastik,1,1,Modèle,Spirocore,1,1,Instrument,Alto,1,1,Corde,La,1,1,Taille,,0,1,Tension,Medium,1,1,Attache,,0,1,Âme,,0,1,Filage,,0,1,Type produit,,0,1,Type pack,,0,1,Profil sonore,brillant,1,1,Complexité,complexe,1,1,Puissance,puissant,1,1,Réponse,rapide,1,1,Usage,soliste,1,1,Positionnement,intermédiaire,1,1,Durabilité,élevée,1,1,Stabilité,bonne,1,1,Temps de rodage,long,1,1
4734,CDM-081EAD,Optima Protos – Sol – Medium,Marque,Optima,1,1,Modèle,Protos,1,1,Instrument,Violon,1,1,Corde,Sol,1,1,Taille,"1/2, 1/4, 1/8, 3/4, 4/4",1,1,Tension,Medium,1,1,Attache,,0,1,Âme,,0,1,Filage,,0,1,Type produit,,0,1,Type pack,,0,1,Profil sonore,équilibré,1,1,Complexité,équilibré,1,1,Puissance,modéré,1,1,Réponse,rapide,1,1,Usage,orchestre,1,1,Positionnement,intermédiaire,1,1,Durabilité,moyenne,1,1,Stabilité,bonne,1,1,Temps de rodage,court,1,1
4736,CDM-F19BEA,Thomastik Spirocore – Re – aluminio – Medium,Marque,Thomastik,1,1,Modèle,Spirocore,1,1,Instrument,Alto,1,1,Corde,Ré,1,1,Taille,,0,1,Tension,Medium,1,1,Attache,,0,1,Âme,,0,1,Filage,aluminium,1,1,Type produit,,0,1,Type pack,,0,1,Profil sonore,brillant,1,1,Complexité,complexe,1,1,Puissance,puissant,1,1,Réponse,rapide,1,1,Usage,soliste,1,1,Positionnement,intermédiaire,1,1,Durabilité,élevée,1,1,Stabilité,bonne,1,1,Temps de rodage,long,1,1
4738,CDM-7B22E9,Thomastik Spirocore – Re – cromo – Medium,Marque,Thomastik,1,1,Modèle,Spirocore,1,1,Instrument,Alto,1,1,Corde,Ré,1,1,Taille,,0,1,Tension,Medium,1,1,Attache,,0,1,Âme,,0,1,Filage,,0,1,Type produit,,0,1,Type pack,,0,1,Profil sonore,brillant,1,1,Complexité,complexe,1,1,Puissance,puissant,1,1,Réponse,rapide,1,1,Usage,soliste,1,1,Positionnement,intermédiaire,1,1,Durabilité,élevée,1,1,Stabilité,bonne,1,1,Temps de rodage,long,1,1
4740,CDM-7F32A7,Thomastik Spirocore – Re – cromo Soft,Marque,Thomastik,1,1,Modèle,Spirocore,1,1,Instrument,Alto,1,1,Corde,Ré,1,1,Taille,,0,1,Tension,,0,1,Attache,,0,1,Âme,,0,1,Filage,,0,1,Type produit,,0,1,Type pack,,0,1,Profil sonore,brillant,1,1,Complexité,complexe,1,1,Puissance,puissant,1,1,Réponse,rapide,1,1,Usage,soliste,1,1,Positionnement,intermédiaire,1,1,Durabilité,élevée,1,1,Stabilité,bonne,1,1,Temps de rodage,long,1,1
4742,CDM-AA5987,Thomastik Spirocore – Sol – cromo – Medium,Marque,Thomastik,1,1,Modèle,Spirocore,1,1,Instrument,Alto,1,1,Corde,Sol,1,1,Taille,,0,1,Tension,Medium,1,1,Attache,,0,1,Âme,,0,1,Filage,,0,1,Type produit,,0,1,Type pack,,0,1,Profil sonore,brillant,1,1,Complexité,complexe,1,1,Puissance,puissant,1,1,Réponse,rapide,1,1,Usage,soliste,1,1,Positionnement,intermédiaire,1,1,Durabilité,élevée,1,1,Stabilité,bonne,1,1,Temps de rodage,long,1,1
4744,CDM-DE9A61,Thomastik Spirocore – Sol – plata – Medium,Marque,Thomastik,1,1,Modèle,Spirocore,1,1,Instrument,Alto,1,1,Corde,Sol,1,1,Taille,,0,1,Tension,Medium,1,1,Attache,,0,1,Âme,,0,1,Filage,argent,1,1,Type produit,,0,1,Type pack,,0,1,Profil sonore,brillant,1,1,Complexité,complexe,1,1,Puissance,puissant,1,1,Réponse,rapide,1,1,Usage,soliste,1,1,Positionnement,intermédiaire,1,1,Durabilité,élevée,1,1,Stabilité,bonne,1,1,Temps de rodage,long,1,1
4746,CDM-195285,Thomastik Superflexible – Do – Medium,Marque,Thomastik,1,1,Modèle,Superflexible,1,1,Instrument,Alto,1,1,Corde,Do,1,1,Taille,,0,1,Tension,Medium,1,1,Attache,,0,1,Âme,,0,1,Filage,,0,1,Type produit,,0,1,Type pack,,0,1,Profil sonore,brillant,1,1,Complexité,pur,1,1,Puissance,modéré,1,1,Réponse,rapide,1,1,Usage,orchestre,1,1,Positionnement,entrée,1,1,Durabilité,élevée,1,1,Stabilité,excellente,1,1,Temps de rodage,court,1,1
4748,CDM-1949C0,Thomastik Superflexible – La – Medium,Marque,Thomastik,1,1,Modèle,Superflexible,1,1,Instrument,Alto,1,1,Corde,La,1,1,Taille,,0,1,Tension,Medium,1,1,Attache,,0,1,Âme,,0,1,Filage,,0,1,Type produit,,0,1,Type pack,,0,1,Profil sonore,brillant,1,1,Complexité,pur,1,1,Puissance,modéré,1,1,Réponse,rapide,1,1,Usage,orchestre,1,1,Positionnement,entrée,1,1,Durabilité,élevée,1,1,Stabilité,excellente,1,1,Temps de rodage,court,1,1
4750,CDM-299884,Thomastik Superflexible – Re – Medium,Marque,Thomastik,1,1,Modèle,Superflexible,1,1,Instrument,Alto,1,1,Corde,Ré,1,1,Taille,,0,1,Tension,Medium,1,1,Attache,,0,1,Âme,,0,1,Filage,,0,1,Type produit,,0,1,Type pack,,0,1,Profil sonore,brillant,1,1,Complexité,pur,1,1,Puissance,modéré,1,1,Réponse,rapide,1,1,Usage,orchestre,1,1,Positionnement,entrée,1,1,Durabilité,élevée,1,1,Stabilité,excellente,1,1,Temps de rodage,court,1,1
4752,CDM-B43D3E,Thomastik Superflexible – Sol – Medium,Marque,Thomastik,1,1,Modèle,Superflexible,1,1,Instrument,Alto,1,1,Corde,Sol,1,1,Taille,,0,1,Tension,Medium,1,1,Attache,,0,1,Âme,,0,1,Filage,,0,1,Type produit,,0,1,Type pack,,0,1,Profil sonore,brillant,1,1,Complexité,pur,1,1,Puissance,modéré,1,1,Réponse,rapide,1,1,Usage,orchestre,1,1,Positionnement,entrée,1,1,Durabilité,élevée,1,1,Stabilité,excellente,1,1,Temps de rodage,court,1,1
4754,CDM-8A7794,Thomastik Vision – Do,Marque,Thomastik,1,1,Modèle,Vision,1,1,Instrument,Alto,1,1,Corde,Do,1,1,Taille,,0,1,Tension,,0,1,Attache,,0,1,Âme,,0,1,Filage,,0,1,Type produit,,0,1,Type pack,,0,1,Profil sonore,brillant,1,1,Complexité,équilibré,1,1,Puissance,modéré,1,1,Réponse,rapide,1,1,Usage,soliste,1,1,Positionnement,intermédiaire,1,1,Durabilité,moyenne,1,1,Stabilité,bonne,1,1,Temps de rodage,court,1,1
4756,CDM-D4B2F8,Thomastik Vision – La – aluminio,Marque,Thomastik,1,1,Modèle,Vision,1,1,Instrument,Alto,1,1,Corde,La,1,1,Taille,,0,1,Tension,,0,1,Attache,,0,1,Âme,,0,1,Filage,aluminium,1,1,Type produit,,0,1,Type pack,,0,1,Profil sonore,brillant,1,1,Complexité,équilibré,1,1,Puissance,modéré,1,1,Réponse,rapide,1,1,Usage,soliste,1,1,Positionnement,intermédiaire,1,1,Durabilité,moyenne,1,1,Stabilité,bonne,1,1,Temps de rodage,court,1,1
4758,CDM-06A8CC,Thomastik Vision – La – cromo,Marque,Thomastik,1,1,Modèle,Vision,1,1,Instrument,Alto,1,1,Corde,La,1,1,Taille,,0,1,Tension,,0,1,Attache,,0,1,Âme,,0,1,Filage,,0,1,Type produit,,0,1,Type pack,,0,1,Profil sonore,brillant,1,1,Complexité,équilibré,1,1,Puissance,modéré,1,1,Réponse,rapide,1,1,Usage,soliste,1,1,Positionnement,intermédiaire,1,1,Durabilité,moyenne,1,1,Stabilité,bonne,1,1,Temps de rodage,court,1,1
4760,CDM-B74155,Thomastik Vision – Re,Marque,Thomastik,1,1,Modèle,Vision,1,1,Instrument,Alto,1,1,Corde,Ré,1,1,Taille,,0,1,Tension,,0,1,Attache,,0,1,Âme,,0,1,Filage,,0,1,Type produit,,0,1,Type pack,,0,1,Profil sonore,brillant,1,1,Complexité,équilibré,1,1,Puissance,modéré,1,1,Réponse,rapide,1,1,Usage,soliste,1,1,Positionnement,intermédiaire,1,1,Durabilité,moyenne,1,1,Stabilité,bonne,1,1,Temps de rodage,court,1,1
4762,CDM-4FE810,Thomastik Vision – Sol,Marque,Thomastik,1,1,Modèle,Vision,1,1,Instrument,Alto,1,1,Corde,Sol,1,1,Taille,,0,1,Tension,,0,1,Attache,,0,1,Âme,,0,1,Filage,,0,1,Type produit,,0,1,Type pack,,0,1,Profil sonore,brillant,1,1,Complexité,équilibré,1,1,Puissance,modéré,1,1,Réponse,rapide,1,1,Usage,soliste,1,1,Positionnement,intermédiaire,1,1,Durabilité,moyenne,1,1,Stabilité,bonne,1,1,Temps de rodage,court,1,1
4764,CDM-BF7A9B,Thomastik Vision Solo – Do,Marque,Thomastik,1,1,Modèle,Vision Solo,1,1,Instrument,Alto,1,1,Corde,Do,1,1,Taille,,0,1,Tension,,0,1,Attache,,0,1,Âme,,0,1,Filage,,0,1,Type produit,,0,1,Type pack,,0,1,Profil sonore,brillant,1,1,Complexité,équilibré,1,1,Puissance,puissant,1,1,Réponse,rapide,1,1,Usage,soliste,1,1,Positionnement,intermédiaire,1,1,Durabilité,moyenne,1,1,Stabilité,bonne,1,1,Temps de rodage,court,1,1
4766,CDM-D786B2,Thomastik Vision Solo – La,Marque,Thomastik,1,1,Modèle,Vision Solo,1,1,Instrument,Alto,1,1,Corde,La,1,1,Taille,,0,1,Tension,,0,1,Attache,,0,1,Âme,,0,1,Filage,,0,1,Type produit,,0,1,Type pack,,0,1,Profil sonore,brillant,1,1,Complexité,équilibré,1,1,Puissance,puissant,1,1,Réponse,rapide,1,1,Usage,soliste,1,1,Positionnement,intermédiaire,1,1,Durabilité,moyenne,1,1,Stabilité,bonne,1,1,Temps de rodage,court,1,1
4768,CDM-26FF21,Thomastik Vision Solo – Ré – chrome,Marque,Thomastik,1,1,Modèle,Vision Solo,1,1,Instrument,Alto,1,1,Corde,Ré,1,1,Taille,,0,1,Tension,,0,1,Attache,,0,1,Âme,,0,1,Filage,,0,1,Type produit,,0,1,Type pack,,0,1,Profil sonore,brillant,1,1,Complexité,équilibré,1,1,Puissance,puissant,1,1,Réponse,rapide,1,1,Usage,soliste,1,1,Positionnement,intermédiaire,1,1,Durabilité,moyenne,1,1,Stabilité,bonne,1,1,Temps de rodage,court,1,1
4770,CDM-69A374,Thomastik Vision Solo – Ré – argent,Marque,Thomastik,1,1,Modèle,Vision Solo,1,1,Instrument,Alto,1,1,Corde,Ré,1,1,Taille,,0,1,Tension,,0,1,Attache,,0,1,Âme,,0,1,Filage,argent,1,1,Type produit,,0,1,Type pack,,0,1,Profil sonore,brillant,1,1,Complexité,équilibré,1,1,Puissance,puissant,1,1,Réponse,rapide,1,1,Usage,soliste,1,1,Positionnement,intermédiaire,1,1,Durabilité,moyenne,1,1,Stabilité,bonne,1,1,Temps de rodage,court,1,1
4772,CDM-91B665,Thomastik Vision Solo – Sol,Marque,Thomastik,1,1,Modèle,Vision Solo,1,1,Instrument,Alto,1,1,Corde,Sol,1,1,Taille,,0,1,Tension,,0,1,Attache,,0,1,Âme,,0,1,Filage,,0,1,Type produit,,0,1,Type pack,,0,1,Profil sonore,brillant,1,1,Complexité,équilibré,1,1,Puissance,puissant,1,1,Réponse,rapide,1,1,Usage,soliste,1,1,Positionnement,intermédiaire,1,1,Durabilité,moyenne,1,1,Stabilité,bonne,1,1,Temps de rodage,court,1,1
4782,CDM-D06CA1,Pirastro Aricore – La,Marque,Pirastro,1,1,Modèle,Aricore,1,1,Instrument,Violon,1,1,Corde,La,1,1,Taille,,0,1,Tension,,0,1,Attache,,0,1,Âme,,0,1,Filage,,0,1,Type produit,,0,1,Type pack,,0,1,Profil sonore,chaud,1,1,Complexité,équilibré,1,1,Puissance,modéré,1,1,Réponse,rapide,1,1,Usage,orchestre,1,1,Positionnement,intermédiaire,1,1,Durabilité,moyenne,1,1,Stabilité,bonne,1,1,Temps de rodage,court,1,1
4784,CDM-129E73,Pirastro Aricore – Mi – boucle,Marque,Pirastro,1,1,Modèle,Aricore,1,1,Instrument,Violon,1,1,Corde,Mi,1,1,Taille,,0,1,Tension,,0,1,Attache,Boucle,1,1,Âme,,0,1,Filage,,0,1,Type produit,,0,1,Type pack,,0,1,Profil sonore,chaud,1,1,Complexité,équilibré,1,1,Puissance,modéré,1,1,Réponse,rapide,1,1,Usage,orchestre,1,1,Positionnement,intermédiaire,1,1,Durabilité,moyenne,1,1,Stabilité,bonne,1,1,Temps de rodage,court,1,1
4786,CDM-99C661,Pirastro Aricore – Mi – boule,Marque,Pirastro,1,1,Modèle,Aricore,1,1,Instrument,Violon,1,1,Corde,Mi,1,1,Taille,,0,1,Tension,,0,1,Attache,Boule,1,1,Âme,,0,1,Filage,,0,1,Type produit,,0,1,Type pack,,0,1,Profil sonore,chaud,1,1,Complexité,équilibré,1,1,Puissance,modéré,1,1,Réponse,rapide,1,1,Usage,orchestre,1,1,Positionnement,intermédiaire,1,1,Durabilité,moyenne,1,1,Stabilité,bonne,1,1,Temps de rodage,court,1,1
4787,CDM-F85304,Pirastro Chromcor – La – Medium,Marque,Pirastro,1,1,Modèle,Chromcor,1,1,Instrument,Violon,1,1,Corde,La,1,1,Taille,"1/4, 3/4, 4/4",1,1,Tension,Medium,1,1,Attache,,0,1,Âme,,0,1,Filage,,0,1,Type produit,,0,1,Type pack,,0,1,Profil sonore,brillant,1,1,Complexité,pur,1,1,Puissance,modéré,1,1,Réponse,rapide,1,1,Usage,"étudiant, orchestre",1,1,Positionnement,entrée,1,1,Durabilité,élevée,1,1,Stabilité,excellente,1,1,Temps de rodage,court,1,1
4788,CDM-AA698B,Pirastro Chromcor – Mi – boule – Medium,Marque,Pirastro,1,1,Modèle,Chromcor,1,1,Instrument,Violon,1,1,Corde,Mi,1,1,Taille,"1/4, 3/4, 4/4",1,1,Tension,Medium,1,1,Attache,Boule,1,1,Âme,,0,1,Filage,,0,1,Type produit,,0,1,Type pack,,0,1,Profil sonore,brillant,1,1,Complexité,pur,1,1,Puissance,modéré,1,1,Réponse,rapide,1,1,Usage,"étudiant, orchestre",1,1,Positionnement,entrée,1,1,Durabilité,élevée,1,1,Stabilité,excellente,1,1,Temps de rodage,court,1,1
4789,CDM-8DCE58,Pirastro Chromcor – Re – Medium,Marque,Pirastro,1,1,Modèle,Chromcor,1,1,Instrument,Violon,1,1,Corde,Ré,1,1,Taille,"1/4, 3/4, 4/4",1,1,Tension,Medium,1,1,Attache,,0,1,Âme,,0,1,Filage,,0,1,Type produit,,0,1,Type pack,,0,1,Profil sonore,brillant,1,1,Complexité,pur,1,1,Puissance,modéré,1,1,Réponse,rapide,1,1,Usage,"étudiant, orchestre",1,1,Positionnement,entrée,1,1,Durabilité,élevée,1,1,Stabilité,excellente,1,1,Temps de rodage,court,1,1
4790,CDM-8C02CF,Pirastro Chromcor – Sol – Medium,Marque,Pirastro,1,1,Modèle,Chromcor,1,1,Instrument,Violon,1,1,Corde,Sol,1,1,Taille,"1/4, 3/4, 4/4",1,1,Tension,Medium,1,1,Attache,,0,1,Âme,,0,1,Filage,,0,1,Type produit,,0,1,Type pack,,0,1,Profil sonore,brillant,1,1,Complexité,pur,1,1,Puissance,modéré,1,1,Réponse,rapide,1,1,Usage,"étudiant, orchestre",1,1,Positionnement,entrée,1,1,Durabilité,élevée,1,1,Stabilité,excellente,1,1,Temps de rodage,court,1,1
4792,CDM-F21E5B,Pirastro Aricore – Re,Marque,Pirastro,1,1,Modèle,Aricore,1,1,Instrument,Violon,1,1,Corde,Ré,1,1,Taille,,0,1,Tension,,0,1,Attache,,0,1,Âme,,0,1,Filage,,0,1,Type produit,,0,1,Type pack,,0,1,Profil sonore,chaud,1,1,Complexité,équilibré,1,1,Puissance,modéré,1,1,Réponse,rapide,1,1,Usage,orchestre,1,1,Positionnement,intermédiaire,1,1,Durabilité,moyenne,1,1,Stabilité,bonne,1,1,Temps de rodage,court,1,1
4794,CDM-68A5B3,Pirastro Aricore – Sol,Marque,Pirastro,1,1,Modèle,Aricore,1,1,Instrument,Violon,1,1,Corde,Sol,1,1,Taille,,0,1,Tension,,0,1,Attache,,0,1,Âme,,0,1,Filage,,0,1,Type produit,,0,1,Type pack,,0,1,Profil sonore,chaud,1,1,Complexité,équilibré,1,1,Puissance,modéré,1,1,Réponse,rapide,1,1,Usage,orchestre,1,1,Positionnement,intermédiaire,1,1,Durabilité,moyenne,1,1,Stabilité,bonne,1,1,Temps de rodage,court,1,1
4796,CDM-19155B,Pirastro Chorda 11 1/2 tripa – Mi – Medium – 4/4,Marque,Pirastro,1,1,Modèle,Chorda,1,1,Instrument,Violon,1,1,Corde,Mi,1,1,Taille,4/4,1,1,Tension,Medium,1,1,Attache,,0,1,Âme,boyau,1,1,Filage,,0,1,Type produit,,0,1,Type pack,,0,1,Profil sonore,chaud,1,1,Complexité,complexe,1,1,Puissance,modéré,1,1,Réponse,douce,1,1,Usage,baroque,1,1,Positionnement,premium,1,1,Durabilité,faible,1,1,Stabilité,faible,1,1,Temps de rodage,long,1,1
4798,CDM-7430F5,Pirastro Chorda 11 3/4 tripa – Mi – Heavy – 4/4,Marque,Pirastro,1,1,Modèle,Chorda,1,1,Instrument,Violon,1,1,Corde,Mi,1,1,Taille,4/4,1,1,Tension,Heavy,1,1,Attache,,0,1,Âme,boyau,1,1,Filage,,0,1,Type produit,,0,1,Type pack,,0,1,Profil sonore,chaud,1,1,Complexité,complexe,1,1,Puissance,modéré,1,1,Réponse,douce,1,1,Usage,baroque,1,1,Positionnement,premium,1,1,Durabilité,faible,1,1,Stabilité,faible,1,1,Temps de rodage,long,1,1
4800,CDM-05C891,Pirastro Chorda 14 1/2 tripa – La – Medium – 4/4,Marque,Pirastro,1,1,Modèle,Chorda,1,1,Instrument,Violon,1,1,Corde,La,1,1,Taille,4/4,1,1,Tension,Medium,1,1,Attache,,0,1,Âme,boyau,1,1,Filage,,0,1,Type produit,,0,1,Type pack,,0,1,Profil sonore,chaud,1,1,Complexité,complexe,1,1,Puissance,modéré,1,1,Réponse,douce,1,1,Usage,baroque,1,1,Positionnement,premium,1,1,Durabilité,faible,1,1,Stabilité,faible,1,1,Temps de rodage,long,1,1
4802,CDM-5E9EB0,Pirastro Chorda 14 3/4 tripa – La – Heavy – 4/4,Marque,Pirastro,1,1,Modèle,Chorda,1,1,Instrument,Violon,1,1,Corde,La,1,1,Taille,4/4,1,1,Tension,Heavy,1,1,Attache,,0,1,Âme,boyau,1,1,Filage,,0,1,Type produit,,0,1,Type pack,,0,1,Profil sonore,chaud,1,1,Complexité,complexe,1,1,Puissance,modéré,1,1,Réponse,douce,1,1,Usage,baroque,1,1,Positionnement,premium,1,1,Durabilité,faible,1,1,Stabilité,faible,1,1,Temps de rodage,long,1,1
4804,CDM-878DA8,Pirastro Chorda 16 1/2 tripa-cobre – Sol – Heavy – 4/4,Marque,Pirastro,1,1,Modèle,Chorda,1,1,Instrument,Violon,1,1,Corde,Sol,1,1,Taille,4/4,1,1,Tension,Heavy,1,1,Attache,,0,1,Âme,boyau,1,1,Filage,,0,1,Type produit,,0,1,Type pack,,0,1,Profil sonore,chaud,1,1,Complexité,complexe,1,1,Puissance,modéré,1,1,Réponse,douce,1,1,Usage,baroque,1,1,Positionnement,premium,1,1,Durabilité,faible,1,1,Stabilité,faible,1,1,Temps de rodage,long,1,1
4806,CDM-F83EA8,Pirastro Chorda 16 1/2 tripa-plata – Sol – Heavy – 1/2,Marque,Pirastro,1,1,Modèle,Chorda,1,1,Instrument,Violon,1,1,Corde,Sol,1,1,Taille,1/2,1,1,Tension,Heavy,1,1,Attache,,0,1,Âme,boyau,1,1,Filage,argent,1,1,Type produit,,0,1,Type pack,,0,1,Profil sonore,chaud,1,1,Complexité,complexe,1,1,Puissance,modéré,1,1,Réponse,douce,1,1,Usage,baroque,1,1,Positionnement,premium,1,1,Durabilité,faible,1,1,Stabilité,faible,1,1,Temps de rodage,long,1,1
4808,CDM-E1C988,Pirastro Chorda 16 tripa-cobre – Sol – Medium – 4/4,Marque,Pirastro,1,1,Modèle,Chorda,1,1,Instrument,Violon,1,1,Corde,Sol,1,1,Taille,4/4,1,1,Tension,Medium,1,1,Attache,,0,1,Âme,boyau,1,1,Filage,,0,1,Type produit,,0,1,Type pack,,0,1,Profil sonore,chaud,1,1,Complexité,complexe,1,1,Puissance,modéré,1,1,Réponse,douce,1,1,Usage,baroque,1,1,Positionnement,premium,1,1,Durabilité,faible,1,1,Stabilité,faible,1,1,Temps de rodage,long,1,1
4810,CDM-B0392C,Pirastro Chorda 16 tripa-plata – Sol – Medium – 4/4,Marque,Pirastro,1,1,Modèle,Chorda,1,1,Instrument,Violon,1,1,Corde,Sol,1,1,Taille,4/4,1,1,Tension,Medium,1,1,Attache,,0,1,Âme,boyau,1,1,Filage,argent,1,1,Type produit,,0,1,Type pack,,0,1,Profil sonore,chaud,1,1,Complexité,complexe,1,1,Puissance,modéré,1,1,Réponse,douce,1,1,Usage,baroque,1,1,Positionnement,premium,1,1,Durabilité,faible,1,1,Stabilité,faible,1,1,Temps de rodage,long,1,1
4812,CDM-8D7BB3,Pirastro Chorda 19 1/2 tripa – Re – Medium – 4/4,Marque,Pirastro,1,1,Modèle,Chorda,1,1,Instrument,Violon,1,1,Corde,Ré,1,1,Taille,4/4,1,1,Tension,Medium,1,1,Attache,,0,1,Âme,boyau,1,1,Filage,,0,1,Type produit,,0,1,Type pack,,0,1,Profil sonore,chaud,1,1,Complexité,complexe,1,1,Puissance,modéré,1,1,Réponse,douce,1,1,Usage,baroque,1,1,Positionnement,premium,1,1,Durabilité,faible,1,1,Stabilité,faible,1,1,Temps de rodage,long,1,1
4814,CDM-3B45D4,Pirastro Chorda 19 3/4 tripa – Re – Heavy – 4/4,Marque,Pirastro,1,1,Modèle,Chorda,1,1,Instrument,Violon,1,1,Corde,Ré,1,1,Taille,4/4,1,1,Tension,Heavy,1,1,Attache,,0,1,Âme,boyau,1,1,Filage,,0,1,Type produit,,0,1,Type pack,,0,1,Profil sonore,chaud,1,1,Complexité,complexe,1,1,Puissance,modéré,1,1,Réponse,douce,1,1,Usage,baroque,1,1,Positionnement,premium,1,1,Durabilité,faible,1,1,Stabilité,faible,1,1,Temps de rodage,long,1,1
4820,CDM-EF36A6,Pirastro Chromcor – Mi – boucle – Medium – 4/4,Marque,Pirastro,1,1,Modèle,Chromcor,1,1,Instrument,Violon,1,1,Corde,Mi,1,1,Taille,4/4,1,1,Tension,Medium,1,1,Attache,Boucle,1,1,Âme,,0,1,Filage,,0,1,Type produit,,0,1,Type pack,,0,1,Profil sonore,brillant,1,1,Complexité,pur,1,1,Puissance,modéré,1,1,Réponse,rapide,1,1,Usage,"étudiant, orchestre",1,1,Positionnement,entrée,1,1,Durabilité,élevée,1,1,Stabilité,excellente,1,1,Temps de rodage,court,1,1
4834,CDM-0E7CBC,Pirastro Eudoxa 13 1/2 – La – Medium – 4/4,Marque,Pirastro,1,1,Modèle,Eudoxa,1,1,Instrument,Violon,1,1,Corde,La,1,1,Taille,4/4,1,1,Tension,Medium,1,1,Attache,,0,1,Âme,,0,1,Filage,,0,1,Type produit,,0,1,Type pack,,0,1,Profil sonore,chaud,1,1,Complexité,complexe,1,1,Puissance,modéré,1,1,Réponse,douce,1,1,Usage,soliste,1,1,Positionnement,premium,1,1,Durabilité,faible,1,1,Stabilité,moyenne,1,1,Temps de rodage,long,1,1
4835,CDM-76338D,Pirastro Evah Pirazzi – La – Medium,Marque,Pirastro,1,1,Modèle,Evah Pirazzi,1,1,Instrument,Violon,1,1,Corde,La,1,1,Taille,"3/4, 4/4",1,1,Tension,Medium,1,1,Attache,,0,1,Âme,,0,1,Filage,,0,1,Type produit,,0,1,Type pack,,0,1,Profil sonore,brillant,1,1,Complexité,complexe,1,1,Puissance,puissant,1,1,Réponse,rapide,1,1,Usage,soliste,1,1,Positionnement,premium,1,1,Durabilité,élevée,1,1,Stabilité,excellente,1,1,Temps de rodage,court,1,1
4836,CDM-AFE170,Pirastro Evah Pirazzi – Re – Medium,Marque,Pirastro,1,1,Modèle,Evah Pirazzi,1,1,Instrument,Violon,1,1,Corde,Ré,1,1,Taille,"3/4, 4/4",1,1,Tension,Medium,1,1,Attache,,0,1,Âme,,0,1,Filage,,0,1,Type produit,,0,1,Type pack,,0,1,Profil sonore,brillant,1,1,Complexité,complexe,1,1,Puissance,puissant,1,1,Réponse,rapide,1,1,Usage,soliste,1,1,Positionnement,premium,1,1,Durabilité,élevée,1,1,Stabilité,excellente,1,1,Temps de rodage,court,1,1
4838,CDM-4DB41E,Pirastro Eudoxa 13 1/4 – La – Light – 4/4,Marque,Pirastro,1,1,Modèle,Eudoxa,1,1,Instrument,Violon,1,1,Corde,La,1,1,Taille,4/4,1,1,Tension,Light,1,1,Attache,,0,1,Âme,,0,1,Filage,,0,1,Type produit,,0,1,Type pack,,0,1,Profil sonore,chaud,1,1,Complexité,complexe,1,1,Puissance,modéré,1,1,Réponse,douce,1,1,Usage,soliste,1,1,Positionnement,premium,1,1,Durabilité,faible,1,1,Stabilité,moyenne,1,1,Temps de rodage,long,1,1
4840,CDM-B14CD0,Pirastro Eudoxa 13 3/4 – La – Medium – 4/4,Marque,Pirastro,1,1,Modèle,Eudoxa,1,1,Instrument,Violon,1,1,Corde,La,1,1,Taille,4/4,1,1,Tension,Medium,1,1,Attache,,0,1,Âme,,0,1,Filage,,0,1,Type produit,,0,1,Type pack,,0,1,Profil sonore,chaud,1,1,Complexité,complexe,1,1,Puissance,modéré,1,1,Réponse,douce,1,1,Usage,soliste,1,1,Positionnement,premium,1,1,Durabilité,faible,1,1,Stabilité,moyenne,1,1,Temps de rodage,long,1,1
4842,CDM-280232,Pirastro Eudoxa 14 – La – Heavy – 4/4,Marque,Pirastro,1,1,Modèle,Eudoxa,1,1,Instrument,Violon,1,1,Corde,La,1,1,Taille,4/4,1,1,Tension,Heavy,1,1,Attache,,0,1,Âme,,0,1,Filage,,0,1,Type produit,,0,1,Type pack,,0,1,Profil sonore,chaud,1,1,Complexité,complexe,1,1,Puissance,modéré,1,1,Réponse,douce,1,1,Usage,soliste,1,1,Positionnement,premium,1,1,Durabilité,faible,1,1,Stabilité,moyenne,1,1,Temps de rodage,long,1,1
4844,CDM-FD2B7C,Pirastro Eudoxa 15 1/4 – Sol – Light – 4/4,Marque,Pirastro,1,1,Modèle,Eudoxa,1,1,Instrument,Violon,1,1,Corde,Sol,1,1,Taille,4/4,1,1,Tension,Light,1,1,Attache,,0,1,Âme,,0,1,Filage,,0,1,Type produit,,0,1,Type pack,,0,1,Profil sonore,chaud,1,1,Complexité,complexe,1,1,Puissance,modéré,1,1,Réponse,douce,1,1,Usage,soliste,1,1,Positionnement,premium,1,1,Durabilité,faible,1,1,Stabilité,moyenne,1,1,Temps de rodage,long,1,1
4846,CDM-27C980,Pirastro Eudoxa 15 3/4 – Sol – Medium – 4/4,Marque,Pirastro,1,1,Modèle,Eudoxa,1,1,Instrument,Violon,1,1,Corde,Sol,1,1,Taille,4/4,1,1,Tension,Medium,1,1,Attache,,0,1,Âme,,0,1,Filage,,0,1,Type produit,,0,1,Type pack,,0,1,Profil sonore,chaud,1,1,Complexité,complexe,1,1,Puissance,modéré,1,1,Réponse,douce,1,1,Usage,soliste,1,1,Positionnement,premium,1,1,Durabilité,faible,1,1,Stabilité,moyenne,1,1,Temps de rodage,long,1,1
4848,CDM-346FCF,Pirastro Eudoxa 16 – Sol – Medium-Heavy – 4/4,Marque,Pirastro,1,1,Modèle,Eudoxa,1,1,Instrument,Violon,1,1,Corde,Sol,1,1,Taille,4/4,1,1,Tension,Medium-Heavy,1,1,Attache,,0,1,Âme,,0,1,Filage,,0,1,Type produit,,0,1,Type pack,,0,1,Profil sonore,chaud,1,1,Complexité,complexe,1,1,Puissance,modéré,1,1,Réponse,douce,1,1,Usage,soliste,1,1,Positionnement,premium,1,1,Durabilité,faible,1,1,Stabilité,moyenne,1,1,Temps de rodage,long,1,1
4850,CDM-12AC92,Pirastro Eudoxa 16 1/4 – Re – Light – 4/4,Marque,Pirastro,1,1,Modèle,Eudoxa,1,1,Instrument,Violon,1,1,Corde,Ré,1,1,Taille,4/4,1,1,Tension,Light,1,1,Attache,,0,1,Âme,,0,1,Filage,,0,1,Type produit,,0,1,Type pack,,0,1,Profil sonore,chaud,1,1,Complexité,complexe,1,1,Puissance,modéré,1,1,Réponse,douce,1,1,Usage,soliste,1,1,Positionnement,premium,1,1,Durabilité,faible,1,1,Stabilité,moyenne,1,1,Temps de rodage,long,1,1
4852,CDM-EFBA50,Pirastro Eudoxa 16 1/4 – Sol – Heavy – 4/4,Marque,Pirastro,1,1,Modèle,Eudoxa,1,1,Instrument,Violon,1,1,Corde,Sol,1,1,Taille,4/4,1,1,Tension,Heavy,1,1,Attache,,0,1,Âme,,0,1,Filage,,0,1,Type produit,,0,1,Type pack,,0,1,Profil sonore,chaud,1,1,Complexité,complexe,1,1,Puissance,modéré,1,1,Réponse,douce,1,1,Usage,soliste,1,1,Positionnement,premium,1,1,Durabilité,faible,1,1,Stabilité,moyenne,1,1,Temps de rodage,long,1,1
4854,CDM-7FF174,Pirastro Eudoxa 16 3/4 – Re – Medium – 4/4,Marque,Pirastro,1,1,Modèle,Eudoxa,1,1,Instrument,Violon,1,1,Corde,Ré,1,1,Taille,4/4,1,1,Tension,Medium,1,1,Attache,,0,1,Âme,,0,1,Filage,,0,1,Type produit,,0,1,Type pack,,0,1,Profil sonore,chaud,1,1,Complexité,complexe,1,1,Puissance,modéré,1,1,Réponse,douce,1,1,Usage,soliste,1,1,Positionnement,premium,1,1,Durabilité,faible,1,1,Stabilité,moyenne,1,1,Temps de rodage,long,1,1
4856,CDM-3757FB,Pirastro Eudoxa 17 – Re – Heavy – 4/4,Marque,Pirastro,1,1,Modèle,Eudoxa,1,1,Instrument,Violon,1,1,Corde,Ré,1,1,Taille,4/4,1,1,Tension,Heavy,1,1,Attache,,0,1,Âme,,0,1,Filage,,0,1,Type produit,,0,1,Type pack,,0,1,Profil sonore,chaud,1,1,Complexité,complexe,1,1,Puissance,modéré,1,1,Réponse,douce,1,1,Usage,soliste,1,1,Positionnement,premium,1,1,Durabilité,faible,1,1,Stabilité,moyenne,1,1,Temps de rodage,long,1,1
4858,CDM-2DB3CF,Pirastro Eudoxa acier-aluminium – Mi – boucle – Medium – 4/4,Marque,Pirastro,1,1,Modèle,Eudoxa,1,1,Instrument,Violon,1,1,Corde,Mi,1,1,Taille,4/4,1,1,Tension,Medium,1,1,Attache,Boucle,1,1,Âme,acier,1,1,Filage,aluminium,1,1,Type produit,,0,1,Type pack,,0,1,Profil sonore,chaud,1,1,Complexité,complexe,1,1,Puissance,modéré,1,1,Réponse,douce,1,1,Usage,soliste,1,1,Positionnement,premium,1,1,Durabilité,faible,1,1,Stabilité,moyenne,1,1,Temps de rodage,long,1,1
4860,CDM-819071,Pirastro Eudoxa acier-aluminium – Mi – boule – Medium – 4/4,Marque,Pirastro,1,1,Modèle,Eudoxa,1,1,Instrument,Violon,1,1,Corde,Mi,1,1,Taille,4/4,1,1,Tension,Medium,1,1,Attache,Boule,1,1,Âme,acier,1,1,Filage,aluminium,1,1,Type produit,,0,1,Type pack,,0,1,Profil sonore,chaud,1,1,Complexité,complexe,1,1,Puissance,modéré,1,1,Réponse,douce,1,1,Usage,soliste,1,1,Positionnement,premium,1,1,Durabilité,faible,1,1,Stabilité,moyenne,1,1,Temps de rodage,long,1,1
4862,CDM-C798E7,Pirastro Eudoxa- 16 1/4 – Sol – tube – Heavy – 1/4,Marque,Pirastro,1,1,Modèle,Eudoxa,1,1,Instrument,Violon,1,1,Corde,Sol,1,1,Taille,1/4,1,1,Tension,Heavy,1,1,Attache,tube,1,1,Âme,,0,1,Filage,,0,1,Type produit,,0,1,Type pack,,0,1,Profil sonore,chaud,1,1,Complexité,complexe,1,1,Puissance,modéré,1,1,Réponse,douce,1,1,Usage,soliste,1,1,Positionnement,premium,1,1,Durabilité,faible,1,1,Stabilité,moyenne,1,1,Temps de rodage,long,1,1
4864,CDM-03036E,Pirastro Eudoxa- 17 1/4 – Re – tube – Heavy – 1/4,Marque,Pirastro,1,1,Modèle,Eudoxa,1,1,Instrument,Violon,1,1,Corde,Ré,1,1,Taille,1/4,1,1,Tension,Heavy,1,1,Attache,tube,1,1,Âme,,0,1,Filage,,0,1,Type produit,,0,1,Type pack,,0,1,Profil sonore,chaud,1,1,Complexité,complexe,1,1,Puissance,modéré,1,1,Réponse,douce,1,1,Usage,soliste,1,1,Positionnement,premium,1,1,Durabilité,faible,1,1,Stabilité,moyenne,1,1,Temps de rodage,long,1,1
4866,CDM-1E1B72,Pirastro Eudoxa-Aricore 13 1/2 – La – Medium – 4/4,Marque,Pirastro,1,1,Modèle,Eudoxa-Aricore,1,1,Instrument,Violon,1,1,Corde,La,1,1,Taille,4/4,1,1,Tension,Medium,1,1,Attache,,0,1,Âme,,0,1,Filage,,0,1,Type produit,,0,1,Type pack,,0,1,Profil sonore,chaud,1,1,Complexité,équilibré,1,1,Puissance,modéré,1,1,Réponse,rapide,1,1,Usage,orchestre,1,1,Positionnement,intermédiaire,1,1,Durabilité,moyenne,1,1,Stabilité,bonne,1,1,Temps de rodage,court,1,1
4868,CDM-E97C23,Pirastro Eudoxa-Chromcor – La – Medium – 4/4,Marque,Pirastro,1,1,Modèle,Eudoxa-Chromcor,1,1,Instrument,Violon,1,1,Corde,La,1,1,Taille,4/4,1,1,Tension,Medium,1,1,Attache,,0,1,Âme,,0,1,Filage,,0,1,Type produit,,0,1,Type pack,,0,1,Profil sonore,brillant,1,1,Complexité,équilibré,1,1,Puissance,modéré,1,1,Réponse,rapide,1,1,Usage,orchestre,1,1,Positionnement,intermédiaire,1,1,Durabilité,élevée,1,1,Stabilité,excellente,1,1,Temps de rodage,court,1,1
4870,CDM-EC979F,Pirastro Evah Pirazzi – La – Heavy – 4/4,Marque,Pirastro,1,1,Modèle,Evah Pirazzi,1,1,Instrument,Violon,1,1,Corde,La,1,1,Taille,4/4,1,1,Tension,Heavy,1,1,Attache,,0,1,Âme,,0,1,Filage,,0,1,Type produit,,0,1,Type pack,,0,1,Profil sonore,brillant,1,1,Complexité,complexe,1,1,Puissance,puissant,1,1,Réponse,rapide,1,1,Usage,soliste,1,1,Positionnement,premium,1,1,Durabilité,élevée,1,1,Stabilité,excellente,1,1,Temps de rodage,court,1,1
4872,CDM-1080DB,Pirastro Evah Pirazzi – La – Light – 4/4,Marque,Pirastro,1,1,Modèle,Evah Pirazzi,1,1,Instrument,Violon,1,1,Corde,La,1,1,Taille,4/4,1,1,Tension,Light,1,1,Attache,,0,1,Âme,,0,1,Filage,,0,1,Type produit,,0,1,Type pack,,0,1,Profil sonore,brillant,1,1,Complexité,complexe,1,1,Puissance,puissant,1,1,Réponse,rapide,1,1,Usage,soliste,1,1,Positionnement,premium,1,1,Durabilité,élevée,1,1,Stabilité,excellente,1,1,Temps de rodage,court,1,1
4874,CDM-250082,Pirastro Evah Pirazzi – La – tube – Medium – 4/4,Marque,Pirastro,1,1,Modèle,Evah Pirazzi,1,1,Instrument,Violon,1,1,Corde,La,1,1,Taille,4/4,1,1,Tension,Medium,1,1,Attache,tube,1,1,Âme,,0,1,Filage,,0,1,Type produit,,0,1,Type pack,,0,1,Profil sonore,brillant,1,1,Complexité,complexe,1,1,Puissance,puissant,1,1,Réponse,rapide,1,1,Usage,soliste,1,1,Positionnement,premium,1,1,Durabilité,élevée,1,1,Stabilité,excellente,1,1,Temps de rodage,court,1,1
4879,CDM-A4B4A4,Pirastro Evah Pirazzi – Re – Heavy – 4/4,Marque,Pirastro,1,1,Modèle,Evah Pirazzi,1,1,Instrument,Violon,1,1,Corde,Ré,1,1,Taille,4/4,1,1,Tension,Heavy,1,1,Attache,,0,1,Âme,,0,1,Filage,,0,1,Type produit,,0,1,Type pack,,0,1,Profil sonore,brillant,1,1,Complexité,complexe,1,1,Puissance,puissant,1,1,Réponse,rapide,1,1,Usage,soliste,1,1,Positionnement,premium,1,1,Durabilité,élevée,1,1,Stabilité,excellente,1,1,Temps de rodage,court,1,1
4881,CDM-1F0456,Pirastro Evah Pirazzi – Re – Light – 4/4,Marque,Pirastro,1,1,Modèle,Evah Pirazzi,1,1,Instrument,Violon,1,1,Corde,Ré,1,1,Taille,4/4,1,1,Tension,Light,1,1,Attache,,0,1,Âme,,0,1,Filage,,0,1,Type produit,,0,1,Type pack,,0,1,Profil sonore,brillant,1,1,Complexité,complexe,1,1,Puissance,puissant,1,1,Réponse,rapide,1,1,Usage,soliste,1,1,Positionnement,premium,1,1,Durabilité,élevée,1,1,Stabilité,excellente,1,1,Temps de rodage,court,1,1
4886,CDM-C4D763,Pirastro Evah Pirazzi – Sol – Heavy – 4/4,Marque,Pirastro,1,1,Modèle,Evah Pirazzi,1,1,Instrument,Violon,1,1,Corde,Sol,1,1,Taille,4/4,1,1,Tension,Heavy,1,1,Attache,,0,1,Âme,,0,1,Filage,,0,1,Type produit,,0,1,Type pack,,0,1,Profil sonore,brillant,1,1,Complexité,complexe,1,1,Puissance,puissant,1,1,Réponse,rapide,1,1,Usage,soliste,1,1,Positionnement,premium,1,1,Durabilité,élevée,1,1,Stabilité,excellente,1,1,Temps de rodage,court,1,1
4888,CDM-8A49FC,Pirastro Evah Pirazzi – Sol – Light – 4/4,Marque,Pirastro,1,1,Modèle,Evah Pirazzi,1,1,Instrument,Violon,1,1,Corde,Sol,1,1,Taille,4/4,1,1,Tension,Light,1,1,Attache,,0,1,Âme,,0,1,Filage,,0,1,Type produit,,0,1,Type pack,,0,1,Profil sonore,brillant,1,1,Complexité,complexe,1,1,Puissance,puissant,1,1,Réponse,rapide,1,1,Usage,soliste,1,1,Positionnement,premium,1,1,Durabilité,élevée,1,1,Stabilité,excellente,1,1,Temps de rodage,court,1,1
4890,CDM-834264,Pirastro Evah Pirazzi – Sol – Medium,Marque,Pirastro,1,1,Modèle,Evah Pirazzi,1,1,Instrument,Violon,1,1,Corde,Sol,1,1,Taille,"3/4, 4/4",1,1,Tension,Medium,1,1,Attache,,0,1,Âme,,0,1,Filage,,0,1,Type produit,,0,1,Type pack,,0,1,Profil sonore,brillant,1,1,Complexité,complexe,1,1,Puissance,puissant,1,1,Réponse,rapide,1,1,Usage,soliste,1,1,Positionnement,premium,1,1,Durabilité,élevée,1,1,Stabilité,excellente,1,1,Temps de rodage,court,1,1
4891,CDM-DF5C40,Pirastro Evah Pirazzi acier argenté – Mi – boule – Medium,Marque,Pirastro,1,1,Modèle,Evah Pirazzi,1,1,Instrument,Violon,1,1,Corde,Mi,1,1,Taille,"3/4, 4/4",1,1,Tension,Medium,1,1,Attache,Boule,1,1,Âme,acier,1,1,Filage,,0,1,Type produit,,0,1,Type pack,,0,1,Profil sonore,brillant,1,1,Complexité,complexe,1,1,Puissance,puissant,1,1,Réponse,rapide,1,1,Usage,soliste,1,1,Positionnement,premium,1,1,Durabilité,élevée,1,1,Stabilité,excellente,1,1,Temps de rodage,court,1,1
4895,CDM-46AACB,Pirastro Evah Pirazzi 4/4 – Mi – boucle – Light – 4/4,Marque,Pirastro,1,1,Modèle,Evah Pirazzi,1,1,Instrument,Violon,1,1,Corde,Mi,1,1,Taille,4/4,1,1,Tension,Light,1,1,Attache,Boucle,1,1,Âme,,0,1,Filage,,0,1,Type produit,,0,1,Type pack,,0,1,Profil sonore,brillant,1,1,Complexité,complexe,1,1,Puissance,puissant,1,1,Réponse,rapide,1,1,Usage,soliste,1,1,Positionnement,premium,1,1,Durabilité,élevée,1,1,Stabilité,excellente,1,1,Temps de rodage,court,1,1
4897,CDM-6EAD66,Pirastro Evah Pirazzi Gold – La – Medium – 4/4,Marque,Pirastro,1,1,Modèle,Evah Pirazzi Gold,1,1,Instrument,Violon,1,1,Corde,La,1,1,Taille,4/4,1,1,Tension,Medium,1,1,Attache,,0,1,Âme,,0,1,Filage,,0,1,Type produit,,0,1,Type pack,,0,1,Profil sonore,chaud,1,1,Complexité,complexe,1,1,Puissance,puissant,1,1,Réponse,rapide,1,1,Usage,soliste,1,1,Positionnement,premium,1,1,Durabilité,élevée,1,1,Stabilité,excellente,1,1,Temps de rodage,court,1,1
4899,CDM-9A03A8,Pirastro Evah Pirazzi Gold – Mi – boucle – Medium – 4/4,Marque,Pirastro,1,1,Modèle,Evah Pirazzi Gold,1,1,Instrument,Violon,1,1,Corde,Mi,1,1,Taille,4/4,1,1,Tension,Medium,1,1,Attache,Boucle,1,1,Âme,,0,1,Filage,,0,1,Type produit,,0,1,Type pack,,0,1,Profil sonore,chaud,1,1,Complexité,complexe,1,1,Puissance,puissant,1,1,Réponse,rapide,1,1,Usage,soliste,1,1,Positionnement,premium,1,1,Durabilité,élevée,1,1,Stabilité,excellente,1,1,Temps de rodage,court,1,1
4901,CDM-4D1A22,Pirastro Evah Pirazzi Gold – Mi – boule – Medium – 4/4,Marque,Pirastro,1,1,Modèle,Evah Pirazzi Gold,1,1,Instrument,Violon,1,1,Corde,Mi,1,1,Taille,4/4,1,1,Tension,Medium,1,1,Attache,Boule,1,1,Âme,,0,1,Filage,,0,1,Type produit,,0,1,Type pack,,0,1,Profil sonore,chaud,1,1,Complexité,complexe,1,1,Puissance,puissant,1,1,Réponse,rapide,1,1,Usage,soliste,1,1,Positionnement,premium,1,1,Durabilité,élevée,1,1,Stabilité,excellente,1,1,Temps de rodage,court,1,1
4903,CDM-40DF08,Pirastro Evah Pirazzi Gold – Re – Medium – 4/4,Marque,Pirastro,1,1,Modèle,Evah Pirazzi Gold,1,1,Instrument,Violon,1,1,Corde,Ré,1,1,Taille,4/4,1,1,Tension,Medium,1,1,Attache,,0,1,Âme,,0,1,Filage,,0,1,Type produit,,0,1,Type pack,,0,1,Profil sonore,chaud,1,1,Complexité,complexe,1,1,Puissance,puissant,1,1,Réponse,rapide,1,1,Usage,soliste,1,1,Positionnement,premium,1,1,Durabilité,élevée,1,1,Stabilité,excellente,1,1,Temps de rodage,court,1,1
4905,CDM-5F5447,Pirastro Evah Pirazzi Gold or – Sol – Medium – 4/4,Marque,Pirastro,1,1,Modèle,Evah Pirazzi,1,1,Instrument,Violon,1,1,Corde,Sol,1,1,Taille,4/4,1,1,Tension,Medium,1,1,Attache,,0,1,Âme,,0,1,Filage,,0,1,Type produit,,0,1,Type pack,,0,1,Profil sonore,brillant,1,1,Complexité,complexe,1,1,Puissance,puissant,1,1,Réponse,rapide,1,1,Usage,soliste,1,1,Positionnement,premium,1,1,Durabilité,élevée,1,1,Stabilité,excellente,1,1,Temps de rodage,court,1,1
4907,CDM-38EB80,Pirastro Evah Pirazzi Gold argent – Sol – Medium – 4/4,Marque,Pirastro,1,1,Modèle,Evah Pirazzi Gold,1,1,Instrument,Violon,1,1,Corde,Sol,1,1,Taille,4/4,1,1,Tension,Medium,1,1,Attache,,0,1,Âme,,0,1,Filage,argent,1,1,Type produit,,0,1,Type pack,,0,1,Profil sonore,chaud,1,1,Complexité,complexe,1,1,Puissance,puissant,1,1,Réponse,rapide,1,1,Usage,soliste,1,1,Positionnement,premium,1,1,Durabilité,élevée,1,1,Stabilité,excellente,1,1,Temps de rodage,court,1,1
4909,CDM-A290A0,Pirastro Evah Pirazzi acier argenté – Mi – boucle – Heavy – 4/4,Marque,Pirastro,1,1,Modèle,Evah Pirazzi,1,1,Instrument,Violon,1,1,Corde,Mi,1,1,Taille,4/4,1,1,Tension,Heavy,1,1,Attache,Boucle,1,1,Âme,acier,1,1,Filage,,0,1,Type produit,,0,1,Type pack,,0,1,Profil sonore,brillant,1,1,Complexité,complexe,1,1,Puissance,puissant,1,1,Réponse,rapide,1,1,Usage,soliste,1,1,Positionnement,premium,1,1,Durabilité,élevée,1,1,Stabilité,excellente,1,1,Temps de rodage,court,1,1
4911,CDM-7A4139,Pirastro Evah Pirazzi acier argenté – Mi – boule – Heavy – 4/4,Marque,Pirastro,1,1,Modèle,Evah Pirazzi,1,1,Instrument,Violon,1,1,Corde,Mi,1,1,Taille,4/4,1,1,Tension,Heavy,1,1,Attache,Boule,1,1,Âme,acier,1,1,Filage,,0,1,Type produit,,0,1,Type pack,,0,1,Profil sonore,brillant,1,1,Complexité,complexe,1,1,Puissance,puissant,1,1,Réponse,rapide,1,1,Usage,soliste,1,1,Positionnement,premium,1,1,Durabilité,élevée,1,1,Stabilité,excellente,1,1,Temps de rodage,court,1,1
4913,CDM-42CF23,Pirastro Evah Pirazzi acier argenté – Mi – boule – Light – 4/4,Marque,Pirastro,1,1,Modèle,Evah Pirazzi,1,1,Instrument,Violon,1,1,Corde,Mi,1,1,Taille,4/4,1,1,Tension,Light,1,1,Attache,Boule,1,1,Âme,acier,1,1,Filage,,0,1,Type produit,,0,1,Type pack,,0,1,Profil sonore,brillant,1,1,Complexité,complexe,1,1,Puissance,puissant,1,1,Réponse,rapide,1,1,Usage,soliste,1,1,Positionnement,premium,1,1,Durabilité,élevée,1,1,Stabilité,excellente,1,1,Temps de rodage,court,1,1
4915,CDM-2A1E3B,Pirastro Evah Pirazzi acier argenté – Mi – boucle – Medium – 4/4,Marque,Pirastro,1,1,Modèle,Evah Pirazzi,1,1,Instrument,Violon,1,1,Corde,Mi,1,1,Taille,4/4,1,1,Tension,Medium,1,1,Attache,Boucle,1,1,Âme,acier,1,1,Filage,,0,1,Type produit,,0,1,Type pack,,0,1,Profil sonore,brillant,1,1,Complexité,complexe,1,1,Puissance,puissant,1,1,Réponse,rapide,1,1,Usage,soliste,1,1,Positionnement,premium,1,1,Durabilité,élevée,1,1,Stabilité,excellente,1,1,Temps de rodage,court,1,1
4920,CDM-05CADE,Pirastro Evah Pirazzi extra longue – Sol – Medium,Marque,Pirastro,1,1,Modèle,Evah Pirazzi,1,1,Instrument,Violon,1,1,Corde,Sol,1,1,Taille,,0,1,Tension,Medium,1,1,Attache,,0,1,Âme,,0,1,Filage,,0,1,Type produit,,0,1,Type pack,,0,1,Profil sonore,brillant,1,1,Complexité,complexe,1,1,Puissance,puissant,1,1,Réponse,rapide,1,1,Usage,soliste,1,1,Positionnement,premium,1,1,Durabilité,élevée,1,1,Stabilité,excellente,1,1,Temps de rodage,court,1,1
4922,CDM-60D3C1,Pirastro Evah Pirazzi or 26 – Mi – boucle – Medium – 4/4,Marque,Pirastro,1,1,Modèle,Evah Pirazzi,1,1,Instrument,Violon,1,1,Corde,Mi,1,1,Taille,4/4,1,1,Tension,Medium,1,1,Attache,Boucle,1,1,Âme,,0,1,Filage,,0,1,Type produit,,0,1,Type pack,,0,1,Profil sonore,brillant,1,1,Complexité,complexe,1,1,Puissance,puissant,1,1,Réponse,rapide,1,1,Usage,soliste,1,1,Positionnement,premium,1,1,Durabilité,élevée,1,1,Stabilité,excellente,1,1,Temps de rodage,court,1,1
4924,CDM-89CA85,Pirastro Evah Pirazzi or 26 – Mi – boule – Medium – 4/4,Marque,Pirastro,1,1,Modèle,Evah Pirazzi,1,1,Instrument,Violon,1,1,Corde,Mi,1,1,Taille,4/4,1,1,Tension,Medium,1,1,Attache,Boule,1,1,Âme,,0,1,Filage,,0,1,Type produit,,0,1,Type pack,,0,1,Profil sonore,brillant,1,1,Complexité,complexe,1,1,Puissance,puissant,1,1,Réponse,rapide,1,1,Usage,soliste,1,1,Positionnement,premium,1,1,Durabilité,élevée,1,1,Stabilité,excellente,1,1,Temps de rodage,court,1,1
4926,CDM-333370,Pirastro Evah Pirazzi or 27 – Mi – boucle – Heavy – 4/4,Marque,Pirastro,1,1,Modèle,Evah Pirazzi,1,1,Instrument,Violon,1,1,Corde,Mi,1,1,Taille,4/4,1,1,Tension,Heavy,1,1,Attache,Boucle,1,1,Âme,,0,1,Filage,,0,1,Type produit,,0,1,Type pack,,0,1,Profil sonore,brillant,1,1,Complexité,complexe,1,1,Puissance,puissant,1,1,Réponse,rapide,1,1,Usage,soliste,1,1,Positionnement,premium,1,1,Durabilité,élevée,1,1,Stabilité,excellente,1,1,Temps de rodage,court,1,1
4928,CDM-ACFB44,Pirastro Evah Pirazzi or 27 – Mi – boule – Heavy – 4/4,Marque,Pirastro,1,1,Modèle,Evah Pirazzi,1,1,Instrument,Violon,1,1,Corde,Mi,1,1,Taille,4/4,1,1,Tension,Heavy,1,1,Attache,Boule,1,1,Âme,,0,1,Filage,,0,1,Type produit,,0,1,Type pack,,0,1,Profil sonore,brillant,1,1,Complexité,complexe,1,1,Puissance,puissant,1,1,Réponse,rapide,1,1,Usage,soliste,1,1,Positionnement,premium,1,1,Durabilité,élevée,1,1,Stabilité,excellente,1,1,Temps de rodage,court,1,1
4930,CDM-742C38,Pirastro Evah Pirazzi platine 26 – Mi – 4/4,Marque,Pirastro,1,1,Modèle,Evah Pirazzi,1,1,Instrument,Violon,1,1,Corde,Mi,1,1,Taille,4/4,1,1,Tension,,0,1,Attache,,0,1,Âme,,0,1,Filage,,0,1,Type produit,,0,1,Type pack,,0,1,Profil sonore,brillant,1,1,Complexité,complexe,1,1,Puissance,puissant,1,1,Réponse,rapide,1,1,Usage,soliste,1,1,Positionnement,premium,1,1,Durabilité,élevée,1,1,Stabilité,excellente,1,1,Temps de rodage,court,1,1
4932,CDM-CBD1EC,"Pirastro Evah Pirazzi platine 26,7 – Mi – Medium – 4/4",Marque,Pirastro,1,1,Modèle,Evah Pirazzi,1,1,Instrument,Violon,1,1,Corde,Mi,1,1,Taille,4/4,1,1,Tension,Medium,1,1,Attache,,0,1,Âme,,0,1,Filage,,0,1,Type produit,,0,1,Type pack,,0,1,Profil sonore,brillant,1,1,Complexité,complexe,1,1,Puissance,puissant,1,1,Réponse,rapide,1,1,Usage,soliste,1,1,Positionnement,premium,1,1,Durabilité,élevée,1,1,Stabilité,excellente,1,1,Temps de rodage,court,1,1
4934,CDM-2F647B,Pirastro Flexocor-Permanent – La – Medium – 4/4,Marque,Pirastro,1,1,Modèle,Flexocor-Permanent,1,1,Instrument,Violon,1,1,Corde,La,1,1,Taille,4/4,1,1,Tension,Medium,1,1,Attache,,0,1,Âme,,0,1,Filage,,0,1,Type produit,,0,1,Type pack,,0,1,Profil sonore,brillant,1,1,Complexité,équilibré,1,1,Puissance,modéré,1,1,Réponse,rapide,1,1,Usage,orchestre,1,1,Positionnement,intermédiaire,1,1,Durabilité,élevée,1,1,Stabilité,excellente,1,1,Temps de rodage,court,1,1
4936,CDM-B40F81,Pirastro Flexocor-Permanent – Mi – boucle – Medium – 4/4,Marque,Pirastro,1,1,Modèle,Flexocor-Permanent,1,1,Instrument,Violon,1,1,Corde,Mi,1,1,Taille,4/4,1,1,Tension,Medium,1,1,Attache,Boucle,1,1,Âme,,0,1,Filage,,0,1,Type produit,,0,1,Type pack,,0,1,Profil sonore,brillant,1,1,Complexité,équilibré,1,1,Puissance,modéré,1,1,Réponse,rapide,1,1,Usage,orchestre,1,1,Positionnement,intermédiaire,1,1,Durabilité,élevée,1,1,Stabilité,excellente,1,1,Temps de rodage,court,1,1
4938,CDM-5FEE61,Pirastro Flexocor-Permanent – Re – Medium – 4/4,Marque,Pirastro,1,1,Modèle,Flexocor-Permanent,1,1,Instrument,Violon,1,1,Corde,Ré,1,1,Taille,4/4,1,1,Tension,Medium,1,1,Attache,,0,1,Âme,,0,1,Filage,,0,1,Type produit,,0,1,Type pack,,0,1,Profil sonore,brillant,1,1,Complexité,équilibré,1,1,Puissance,modéré,1,1,Réponse,rapide,1,1,Usage,orchestre,1,1,Positionnement,intermédiaire,1,1,Durabilité,élevée,1,1,Stabilité,excellente,1,1,Temps de rodage,court,1,1
4940,CDM-BB4030,Pirastro Flexocor-Permanent – Sol – Medium – 4/4,Marque,Pirastro,1,1,Modèle,Flexocor-Permanent,1,1,Instrument,Violon,1,1,Corde,Sol,1,1,Taille,4/4,1,1,Tension,Medium,1,1,Attache,,0,1,Âme,,0,1,Filage,,0,1,Type produit,,0,1,Type pack,,0,1,Profil sonore,brillant,1,1,Complexité,équilibré,1,1,Puissance,modéré,1,1,Réponse,rapide,1,1,Usage,orchestre,1,1,Positionnement,intermédiaire,1,1,Durabilité,élevée,1,1,Stabilité,excellente,1,1,Temps de rodage,court,1,1
4942,CDM-DE117D,Pirastro Flexocor-Permanent Mi – boule – Medium – 4/4,Marque,Pirastro,1,1,Modèle,Flexocor-Permanent,1,1,Instrument,Violon,1,1,Corde,,0,1,Taille,4/4,1,1,Tension,Medium,1,1,Attache,Boule,1,1,Âme,,0,1,Filage,,0,1,Type produit,,0,1,Type pack,,0,1,Profil sonore,brillant,1,1,Complexité,équilibré,1,1,Puissance,modéré,1,1,Réponse,rapide,1,1,Usage,orchestre,1,1,Positionnement,intermédiaire,1,1,Durabilité,élevée,1,1,Stabilité,excellente,1,1,Temps de rodage,court,1,1
4944,CDM-79EE4D,Pirastro Gold – La – Medium,Marque,Pirastro,1,1,Modèle,Gold,1,1,Instrument,Violon,1,1,Corde,La,1,1,Taille,,0,1,Tension,Medium,1,1,Attache,,0,1,Âme,,0,1,Filage,,0,1,Type produit,,0,1,Type pack,,0,1,Profil sonore,brillant,1,1,Complexité,pur,1,1,Puissance,modéré,1,1,Réponse,rapide,1,1,Usage,soliste,1,1,Positionnement,premium,1,1,Durabilité,moyenne,1,1,Stabilité,bonne,1,1,Temps de rodage,court,1,1
4946,CDM-0C4887,Pirastro Gold – Mi – boucle – Heavy – 4/4,Marque,Pirastro,1,1,Modèle,Gold,1,1,Instrument,Violon,1,1,Corde,Mi,1,1,Taille,4/4,1,1,Tension,Heavy,1,1,Attache,Boucle,1,1,Âme,,0,1,Filage,,0,1,Type produit,,0,1,Type pack,,0,1,Profil sonore,brillant,1,1,Complexité,pur,1,1,Puissance,modéré,1,1,Réponse,rapide,1,1,Usage,soliste,1,1,Positionnement,premium,1,1,Durabilité,moyenne,1,1,Stabilité,bonne,1,1,Temps de rodage,court,1,1
4947,CDM-F2B42C,Pirastro Obligato – Sol – Medium,Marque,Pirastro,1,1,Modèle,Obligato,1,1,Instrument,Violon,1,1,Corde,Sol,1,1,Taille,"3/4, 4/4",1,1,Tension,Medium,1,1,Attache,,0,1,Âme,,0,1,Filage,,0,1,Type produit,,0,1,Type pack,,0,1,Profil sonore,chaud,1,1,Complexité,complexe,1,1,Puissance,puissant,1,1,Réponse,rapide,1,1,Usage,soliste,1,1,Positionnement,premium,1,1,Durabilité,élevée,1,1,Stabilité,excellente,1,1,Temps de rodage,court,1,1
4948,CDM-B47869,Pirastro Obligato acier doré – Mi – boule – Medium,Marque,Pirastro,1,1,Modèle,Obligato,1,1,Instrument,Violon,1,1,Corde,Mi,1,1,Taille,"3/4, 4/4",1,1,Tension,Medium,1,1,Attache,Boule,1,1,Âme,acier,1,1,Filage,,0,1,Type produit,,0,1,Type pack,,0,1,Profil sonore,chaud,1,1,Complexité,complexe,1,1,Puissance,puissant,1,1,Réponse,rapide,1,1,Usage,soliste,1,1,Positionnement,premium,1,1,Durabilité,élevée,1,1,Stabilité,excellente,1,1,Temps de rodage,court,1,1
4949,CDM-3C0BF9,Pirastro Obligato aluminium – La – Medium,Marque,Pirastro,1,1,Modèle,Obligato,1,1,Instrument,Violon,1,1,Corde,La,1,1,Taille,"3/4, 4/4",1,1,Tension,Medium,1,1,Attache,,0,1,Âme,,0,1,Filage,aluminium,1,1,Type produit,,0,1,Type pack,,0,1,Profil sonore,chaud,1,1,Complexité,complexe,1,1,Puissance,puissant,1,1,Réponse,rapide,1,1,Usage,soliste,1,1,Positionnement,premium,1,1,Durabilité,élevée,1,1,Stabilité,excellente,1,1,Temps de rodage,court,1,1
4950,CDM-C51F3D,Pirastro Obligato argent – Ré – Medium,Marque,Pirastro,1,1,Modèle,Obligato,1,1,Instrument,Violon,1,1,Corde,Ré,1,1,Taille,"3/4, 4/4",1,1,Tension,Medium,1,1,Attache,,0,1,Âme,,0,1,Filage,argent,1,1,Type produit,,0,1,Type pack,,0,1,Profil sonore,chaud,1,1,Complexité,complexe,1,1,Puissance,puissant,1,1,Réponse,rapide,1,1,Usage,soliste,1,1,Positionnement,premium,1,1,Durabilité,élevée,1,1,Stabilité,excellente,1,1,Temps de rodage,court,1,1
4952,CDM-AEF17F,Pirastro Gold – Mi – boule – Heavy – 4/4,Marque,Pirastro,1,1,Modèle,Gold,1,1,Instrument,Violon,1,1,Corde,Mi,1,1,Taille,4/4,1,1,Tension,Heavy,1,1,Attache,Boule,1,1,Âme,,0,1,Filage,,0,1,Type produit,,0,1,Type pack,,0,1,Profil sonore,brillant,1,1,Complexité,pur,1,1,Puissance,modéré,1,1,Réponse,rapide,1,1,Usage,soliste,1,1,Positionnement,premium,1,1,Durabilité,moyenne,1,1,Stabilité,bonne,1,1,Temps de rodage,court,1,1
4954,CDM-479C65,Pirastro Gold – Mi – boule – Light – 4/4,Marque,Pirastro,1,1,Modèle,Gold,1,1,Instrument,Violon,1,1,Corde,Mi,1,1,Taille,4/4,1,1,Tension,Light,1,1,Attache,Boule,1,1,Âme,,0,1,Filage,,0,1,Type produit,,0,1,Type pack,,0,1,Profil sonore,brillant,1,1,Complexité,pur,1,1,Puissance,modéré,1,1,Réponse,rapide,1,1,Usage,soliste,1,1,Positionnement,premium,1,1,Durabilité,moyenne,1,1,Stabilité,bonne,1,1,Temps de rodage,court,1,1
4956,CDM-D115B7,Pirastro Gold – Mi – boucle – Medium – 4/4,Marque,Pirastro,1,1,Modèle,Gold,1,1,Instrument,Violon,1,1,Corde,Mi,1,1,Taille,4/4,1,1,Tension,Medium,1,1,Attache,Boucle,1,1,Âme,,0,1,Filage,,0,1,Type produit,,0,1,Type pack,,0,1,Profil sonore,brillant,1,1,Complexité,pur,1,1,Puissance,modéré,1,1,Réponse,rapide,1,1,Usage,soliste,1,1,Positionnement,premium,1,1,Durabilité,moyenne,1,1,Stabilité,bonne,1,1,Temps de rodage,court,1,1
4958,CDM-3268ED,Pirastro Gold – Mi – boule – Medium – 4/4,Marque,Pirastro,1,1,Modèle,Gold,1,1,Instrument,Violon,1,1,Corde,Mi,1,1,Taille,4/4,1,1,Tension,Medium,1,1,Attache,Boule,1,1,Âme,,0,1,Filage,,0,1,Type produit,,0,1,Type pack,,0,1,Profil sonore,brillant,1,1,Complexité,pur,1,1,Puissance,modéré,1,1,Réponse,rapide,1,1,Usage,soliste,1,1,Positionnement,premium,1,1,Durabilité,moyenne,1,1,Stabilité,bonne,1,1,Temps de rodage,court,1,1
4960,CDM-01DF79,Pirastro Gold – Re – Medium,Marque,Pirastro,1,1,Modèle,Gold,1,1,Instrument,Violon,1,1,Corde,Ré,1,1,Taille,,0,1,Tension,Medium,1,1,Attache,,0,1,Âme,,0,1,Filage,,0,1,Type produit,,0,1,Type pack,,0,1,Profil sonore,brillant,1,1,Complexité,pur,1,1,Puissance,modéré,1,1,Réponse,rapide,1,1,Usage,soliste,1,1,Positionnement,premium,1,1,Durabilité,moyenne,1,1,Stabilité,bonne,1,1,Temps de rodage,court,1,1
4962,CDM-175D0C,Pirastro Gold – Sol – Medium,Marque,Pirastro,1,1,Modèle,Gold,1,1,Instrument,Violon,1,1,Corde,Sol,1,1,Taille,,0,1,Tension,Medium,1,1,Attache,,0,1,Âme,,0,1,Filage,,0,1,Type produit,,0,1,Type pack,,0,1,Profil sonore,brillant,1,1,Complexité,pur,1,1,Puissance,modéré,1,1,Réponse,rapide,1,1,Usage,soliste,1,1,Positionnement,premium,1,1,Durabilité,moyenne,1,1,Stabilité,bonne,1,1,Temps de rodage,court,1,1
4964,CDM-FB7490,Pirastro Obligato – Re – Heavy – 4/4,Marque,Pirastro,1,1,Modèle,Obligato,1,1,Instrument,Violon,1,1,Corde,Ré,1,1,Taille,4/4,1,1,Tension,Heavy,1,1,Attache,,0,1,Âme,,0,1,Filage,,0,1,Type produit,,0,1,Type pack,,0,1,Profil sonore,chaud,1,1,Complexité,complexe,1,1,Puissance,puissant,1,1,Réponse,rapide,1,1,Usage,soliste,1,1,Positionnement,premium,1,1,Durabilité,élevée,1,1,Stabilité,excellente,1,1,Temps de rodage,court,1,1
4969,CDM-2E1276,Pirastro Obligato acier – Mi – boule – Medium – 4/4,Marque,Pirastro,1,1,Modèle,Obligato,1,1,Instrument,Violon,1,1,Corde,Mi,1,1,Taille,4/4,1,1,Tension,Medium,1,1,Attache,Boule,1,1,Âme,acier,1,1,Filage,,0,1,Type produit,,0,1,Type pack,,0,1,Profil sonore,chaud,1,1,Complexité,complexe,1,1,Puissance,puissant,1,1,Réponse,rapide,1,1,Usage,soliste,1,1,Positionnement,premium,1,1,Durabilité,élevée,1,1,Stabilité,excellente,1,1,Temps de rodage,court,1,1
4971,CDM-CB927E,Pirastro Obligato acier doré – Mi – boucle – Medium – 4/4,Marque,Pirastro,1,1,Modèle,Obligato,1,1,Instrument,Violon,1,1,Corde,Mi,1,1,Taille,4/4,1,1,Tension,Medium,1,1,Attache,Boucle,1,1,Âme,acier,1,1,Filage,,0,1,Type produit,,0,1,Type pack,,0,1,Profil sonore,chaud,1,1,Complexité,complexe,1,1,Puissance,puissant,1,1,Réponse,rapide,1,1,Usage,soliste,1,1,Positionnement,premium,1,1,Durabilité,élevée,1,1,Stabilité,excellente,1,1,Temps de rodage,court,1,1
4976,CDM-3323CA,Pirastro Obligato aluminium – La – Heavy – 4/4,Marque,Pirastro,1,1,Modèle,Obligato,1,1,Instrument,Violon,1,1,Corde,La,1,1,Taille,4/4,1,1,Tension,Heavy,1,1,Attache,,0,1,Âme,,0,1,Filage,aluminium,1,1,Type produit,,0,1,Type pack,,0,1,Profil sonore,chaud,1,1,Complexité,complexe,1,1,Puissance,puissant,1,1,Réponse,rapide,1,1,Usage,soliste,1,1,Positionnement,premium,1,1,Durabilité,élevée,1,1,Stabilité,excellente,1,1,Temps de rodage,court,1,1
4978,CDM-B4071B,Pirastro Obligato aluminium – La – Light – 4/4,Marque,Pirastro,1,1,Modèle,Obligato,1,1,Instrument,Violon,1,1,Corde,La,1,1,Taille,4/4,1,1,Tension,Light,1,1,Attache,,0,1,Âme,,0,1,Filage,aluminium,1,1,Type produit,,0,1,Type pack,,0,1,Profil sonore,chaud,1,1,Complexité,complexe,1,1,Puissance,puissant,1,1,Réponse,rapide,1,1,Usage,soliste,1,1,Positionnement,premium,1,1,Durabilité,élevée,1,1,Stabilité,excellente,1,1,Temps de rodage,court,1,1
4983,CDM-BE887D,Pirastro Obligato aluminium – Ré – Medium – 4/4,Marque,Pirastro,1,1,Modèle,Obligato,1,1,Instrument,Violon,1,1,Corde,Ré,1,1,Taille,4/4,1,1,Tension,Medium,1,1,Attache,,0,1,Âme,,0,1,Filage,aluminium,1,1,Type produit,,0,1,Type pack,,0,1,Profil sonore,chaud,1,1,Complexité,complexe,1,1,Puissance,puissant,1,1,Réponse,rapide,1,1,Usage,soliste,1,1,Positionnement,premium,1,1,Durabilité,élevée,1,1,Stabilité,excellente,1,1,Temps de rodage,court,1,1
4985,CDM-73ACC0,Pirastro Obligato chrome – La – Medium – 4/4,Marque,Pirastro,1,1,Modèle,Obligato,1,1,Instrument,Violon,1,1,Corde,La,1,1,Taille,4/4,1,1,Tension,Medium,1,1,Attache,,0,1,Âme,,0,1,Filage,,0,1,Type produit,,0,1,Type pack,,0,1,Profil sonore,chaud,1,1,Complexité,complexe,1,1,Puissance,puissant,1,1,Réponse,rapide,1,1,Usage,soliste,1,1,Positionnement,premium,1,1,Durabilité,élevée,1,1,Stabilité,excellente,1,1,Temps de rodage,court,1,1
4990,CDM-438A5E,Pirastro Oliv 13 1/2 boyau-aluminium – La – Medium – 4/4,Marque,Pirastro,1,1,Modèle,Oliv,1,1,Instrument,Violon,1,1,Corde,La,1,1,Taille,4/4,1,1,Tension,Medium,1,1,Attache,,0,1,Âme,boyau,1,1,Filage,aluminium,1,1,Type produit,,0,1,Type pack,,0,1,Profil sonore,chaud,1,1,Complexité,complexe,1,1,Puissance,modéré,1,1,Réponse,douce,1,1,Usage,soliste,1,1,Positionnement,premium,1,1,Durabilité,faible,1,1,Stabilité,moyenne,1,1,Temps de rodage,long,1,1
4992,CDM-EE7236,Pirastro Oliv 13 1/2 boyau-aluminium La – tube – Medium – 4/4,Marque,Pirastro,1,1,Modèle,Oliv,1,1,Instrument,Violon,1,1,Corde,La,1,1,Taille,4/4,1,1,Tension,Medium,1,1,Attache,tube,1,1,Âme,boyau,1,1,Filage,aluminium,1,1,Type produit,,0,1,Type pack,,0,1,Profil sonore,chaud,1,1,Complexité,complexe,1,1,Puissance,modéré,1,1,Réponse,douce,1,1,Usage,soliste,1,1,Positionnement,premium,1,1,Durabilité,faible,1,1,Stabilité,moyenne,1,1,Temps de rodage,long,1,1
4994,CDM-42713C,Pirastro Oliv 13 1/2 boyau-argent – Ré – Light – 4/4,Marque,Pirastro,1,1,Modèle,Oliv,1,1,Instrument,Violon,1,1,Corde,Ré,1,1,Taille,4/4,1,1,Tension,Light,1,1,Attache,,0,1,Âme,boyau,1,1,Filage,argent,1,1,Type produit,,0,1,Type pack,,0,1,Profil sonore,chaud,1,1,Complexité,complexe,1,1,Puissance,modéré,1,1,Réponse,douce,1,1,Usage,soliste,1,1,Positionnement,premium,1,1,Durabilité,faible,1,1,Stabilité,moyenne,1,1,Temps de rodage,long,1,1
4996,CDM-ADC92E,Pirastro Oliv 13 1/4 boyau-aluminium – La – Light – 4/4,Marque,Pirastro,1,1,Modèle,Oliv,1,1,Instrument,Violon,1,1,Corde,La,1,1,Taille,4/4,1,1,Tension,Light,1,1,Attache,,0,1,Âme,boyau,1,1,Filage,aluminium,1,1,Type produit,,0,1,Type pack,,0,1,Profil sonore,chaud,1,1,Complexité,complexe,1,1,Puissance,modéré,1,1,Réponse,douce,1,1,Usage,soliste,1,1,Positionnement,premium,1,1,Durabilité,faible,1,1,Stabilité,moyenne,1,1,Temps de rodage,long,1,1
4998,CDM-C8A3E5,Pirastro Oliv 13 3/4 boyau-aluminium – La – Medium – 4/4,Marque,Pirastro,1,1,Modèle,Oliv,1,1,Instrument,Violon,1,1,Corde,La,1,1,Taille,4/4,1,1,Tension,Medium,1,1,Attache,,0,1,Âme,boyau,1,1,Filage,aluminium,1,1,Type produit,,0,1,Type pack,,0,1,Profil sonore,chaud,1,1,Complexité,complexe,1,1,Puissance,modéré,1,1,Réponse,douce,1,1,Usage,soliste,1,1,Positionnement,premium,1,1,Durabilité,faible,1,1,Stabilité,moyenne,1,1,Temps de rodage,long,1,1
5000,CDM-AE6840,Pirastro Oliv 13 3/4 boyau-argent – Ré – Medium-Light – 4/4,Marque,Pirastro,1,1,Modèle,Oliv,1,1,Instrument,Violon,1,1,Corde,Ré,1,1,Taille,4/4,1,1,Tension,Medium-Light,1,1,Attache,,0,1,Âme,boyau,1,1,Filage,argent,1,1,Type produit,,0,1,Type pack,,0,1,Profil sonore,chaud,1,1,Complexité,complexe,1,1,Puissance,modéré,1,1,Réponse,douce,1,1,Usage,soliste,1,1,Positionnement,premium,1,1,Durabilité,faible,1,1,Stabilité,moyenne,1,1,Temps de rodage,long,1,1
5002,CDM-7EB57B,Pirastro Oliv 14 1/4 boyau-argent doré – Ré – Heavy – 4/4,Marque,Pirastro,1,1,Modèle,Oliv,1,1,Instrument,Violon,1,1,Corde,Ré,1,1,Taille,4/4,1,1,Tension,Heavy,1,1,Attache,,0,1,Âme,boyau,1,1,Filage,argent,1,1,Type produit,,0,1,Type pack,,0,1,Profil sonore,chaud,1,1,Complexité,complexe,1,1,Puissance,modéré,1,1,Réponse,douce,1,1,Usage,soliste,1,1,Positionnement,premium,1,1,Durabilité,faible,1,1,Stabilité,moyenne,1,1,Temps de rodage,long,1,1
5004,CDM-84922B,Pirastro Oliv 14 boyau-aluminium – La – Heavy – 4/4,Marque,Pirastro,1,1,Modèle,Oliv,1,1,Instrument,Violon,1,1,Corde,La,1,1,Taille,4/4,1,1,Tension,Heavy,1,1,Attache,,0,1,Âme,boyau,1,1,Filage,aluminium,1,1,Type produit,,0,1,Type pack,,0,1,Profil sonore,chaud,1,1,Complexité,complexe,1,1,Puissance,modéré,1,1,Réponse,douce,1,1,Usage,soliste,1,1,Positionnement,premium,1,1,Durabilité,faible,1,1,Stabilité,moyenne,1,1,Temps de rodage,long,1,1
5006,CDM-90F850,Pirastro Oliv 14 boyau-argent – Ré – Medium – 4/4,Marque,Pirastro,1,1,Modèle,Oliv,1,1,Instrument,Violon,1,1,Corde,Ré,1,1,Taille,4/4,1,1,Tension,Medium,1,1,Attache,,0,1,Âme,boyau,1,1,Filage,argent,1,1,Type produit,,0,1,Type pack,,0,1,Profil sonore,chaud,1,1,Complexité,complexe,1,1,Puissance,modéré,1,1,Réponse,douce,1,1,Usage,soliste,1,1,Positionnement,premium,1,1,Durabilité,faible,1,1,Stabilité,moyenne,1,1,Temps de rodage,long,1,1
5008,CDM-4D36B0,Pirastro Oliv 15 1/2 boyau-argent doré – Sol – Medium-Light – 4/4,Marque,Pirastro,1,1,Modèle,Oliv,1,1,Instrument,Violon,1,1,Corde,Sol,1,1,Taille,4/4,1,1,Tension,Medium-Light,1,1,Attache,,0,1,Âme,boyau,1,1,Filage,argent,1,1,Type produit,,0,1,Type pack,,0,1,Profil sonore,chaud,1,1,Complexité,complexe,1,1,Puissance,modéré,1,1,Réponse,douce,1,1,Usage,soliste,1,1,Positionnement,premium,1,1,Durabilité,faible,1,1,Stabilité,moyenne,1,1,Temps de rodage,long,1,1
5010,CDM-76FCD8,Pirastro Oliv 15 1/4 boyau-argent doré – Sol – Light – 4/4,Marque,Pirastro,1,1,Modèle,Oliv,1,1,Instrument,Violon,1,1,Corde,Sol,1,1,Taille,4/4,1,1,Tension,Light,1,1,Attache,,0,1,Âme,boyau,1,1,Filage,argent,1,1,Type produit,,0,1,Type pack,,0,1,Profil sonore,chaud,1,1,Complexité,complexe,1,1,Puissance,modéré,1,1,Réponse,douce,1,1,Usage,soliste,1,1,Positionnement,premium,1,1,Durabilité,faible,1,1,Stabilité,moyenne,1,1,Temps de rodage,long,1,1
5012,CDM-9EFD91,Pirastro Oliv 15 1/4 boyau-argent doré Sol – tube – Light – 4/4,Marque,Pirastro,1,1,Modèle,Oliv,1,1,Instrument,Violon,1,1,Corde,Sol,1,1,Taille,4/4,1,1,Tension,Light,1,1,Attache,tube,1,1,Âme,boyau,1,1,Filage,argent,1,1,Type produit,,0,1,Type pack,,0,1,Profil sonore,chaud,1,1,Complexité,complexe,1,1,Puissance,modéré,1,1,Réponse,douce,1,1,Usage,soliste,1,1,Positionnement,premium,1,1,Durabilité,faible,1,1,Stabilité,moyenne,1,1,Temps de rodage,long,1,1
5014,CDM-BFD1D1,Pirastro Oliv 15 3/4 boyau-argent doré – Sol – Medium – 4/4,Marque,Pirastro,1,1,Modèle,Oliv,1,1,Instrument,Violon,1,1,Corde,Sol,1,1,Taille,4/4,1,1,Tension,Medium,1,1,Attache,,0,1,Âme,boyau,1,1,Filage,argent,1,1,Type produit,,0,1,Type pack,,0,1,Profil sonore,chaud,1,1,Complexité,complexe,1,1,Puissance,modéré,1,1,Réponse,douce,1,1,Usage,soliste,1,1,Positionnement,premium,1,1,Durabilité,faible,1,1,Stabilité,moyenne,1,1,Temps de rodage,long,1,1
5016,CDM-2B1D34,Pirastro Oliv 16 1/2 boyau-aluminium doré – Re – Medium – 4/4,Marque,Pirastro,1,1,Modèle,Oliv,1,1,Instrument,Violon,1,1,Corde,Ré,1,1,Taille,4/4,1,1,Tension,Medium,1,1,Attache,,0,1,Âme,boyau,1,1,Filage,aluminium,1,1,Type produit,,0,1,Type pack,,0,1,Profil sonore,chaud,1,1,Complexité,complexe,1,1,Puissance,modéré,1,1,Réponse,douce,1,1,Usage,soliste,1,1,Positionnement,premium,1,1,Durabilité,faible,1,1,Stabilité,moyenne,1,1,Temps de rodage,long,1,1
5018,CDM-F00AEC,Pirastro Oliv 16 1/2 boyau-aluminium doré – Re – tube – Medium – 4/4,Marque,Pirastro,1,1,Modèle,Oliv,1,1,Instrument,Violon,1,1,Corde,Ré,1,1,Taille,4/4,1,1,Tension,Medium,1,1,Attache,tube,1,1,Âme,boyau,1,1,Filage,aluminium,1,1,Type produit,,0,1,Type pack,,0,1,Profil sonore,chaud,1,1,Complexité,complexe,1,1,Puissance,modéré,1,1,Réponse,douce,1,1,Usage,soliste,1,1,Positionnement,premium,1,1,Durabilité,faible,1,1,Stabilité,moyenne,1,1,Temps de rodage,long,1,1
5020,CDM-083858,Pirastro Oliv 16 1/4 boyau-argent doré – Sol – Heavy – 4/4,Marque,Pirastro,1,1,Modèle,Oliv,1,1,Instrument,Violon,1,1,Corde,Sol,1,1,Taille,4/4,1,1,Tension,Heavy,1,1,Attache,,0,1,Âme,boyau,1,1,Filage,argent,1,1,Type produit,,0,1,Type pack,,0,1,Profil sonore,chaud,1,1,Complexité,complexe,1,1,Puissance,modéré,1,1,Réponse,douce,1,1,Usage,soliste,1,1,Positionnement,premium,1,1,Durabilité,faible,1,1,Stabilité,moyenne,1,1,Temps de rodage,long,1,1
5022,CDM-C99EF5,Pirastro Oliv 16 3/4 boyau-aluminium doré – Re – Medium – 4/4,Marque,Pirastro,1,1,Modèle,Oliv,1,1,Instrument,Violon,1,1,Corde,Ré,1,1,Taille,4/4,1,1,Tension,Medium,1,1,Attache,,0,1,Âme,boyau,1,1,Filage,aluminium,1,1,Type produit,,0,1,Type pack,,0,1,Profil sonore,chaud,1,1,Complexité,complexe,1,1,Puissance,modéré,1,1,Réponse,douce,1,1,Usage,soliste,1,1,Positionnement,premium,1,1,Durabilité,faible,1,1,Stabilité,moyenne,1,1,Temps de rodage,long,1,1
5024,CDM-CFCFE8,Pirastro Oliv 16 boyau-argent doré – Sol – Medium-Heavy – 4/4,Marque,Pirastro,1,1,Modèle,Oliv,1,1,Instrument,Violon,1,1,Corde,Sol,1,1,Taille,4/4,1,1,Tension,Medium-Heavy,1,1,Attache,,0,1,Âme,boyau,1,1,Filage,argent,1,1,Type produit,,0,1,Type pack,,0,1,Profil sonore,chaud,1,1,Complexité,complexe,1,1,Puissance,modéré,1,1,Réponse,douce,1,1,Usage,soliste,1,1,Positionnement,premium,1,1,Durabilité,faible,1,1,Stabilité,moyenne,1,1,Temps de rodage,long,1,1
5026,CDM-652C79,Pirastro Oliv 17 boyau-aluminium doré – Re – Heavy – 4/4,Marque,Pirastro,1,1,Modèle,Oliv,1,1,Instrument,Violon,1,1,Corde,Ré,1,1,Taille,4/4,1,1,Tension,Heavy,1,1,Attache,,0,1,Âme,boyau,1,1,Filage,aluminium,1,1,Type produit,,0,1,Type pack,,0,1,Profil sonore,chaud,1,1,Complexité,complexe,1,1,Puissance,modéré,1,1,Réponse,douce,1,1,Usage,soliste,1,1,Positionnement,premium,1,1,Durabilité,faible,1,1,Stabilité,moyenne,1,1,Temps de rodage,long,1,1
5028,CDM-AA5923,Pirastro Oliv acier doré – Mi – boucle – Heavy – 4/4,Marque,Pirastro,1,1,Modèle,Oliv,1,1,Instrument,Violon,1,1,Corde,Mi,1,1,Taille,4/4,1,1,Tension,Heavy,1,1,Attache,Boucle,1,1,Âme,acier,1,1,Filage,,0,1,Type produit,,0,1,Type pack,,0,1,Profil sonore,chaud,1,1,Complexité,complexe,1,1,Puissance,modéré,1,1,Réponse,douce,1,1,Usage,soliste,1,1,Positionnement,premium,1,1,Durabilité,faible,1,1,Stabilité,moyenne,1,1,Temps de rodage,long,1,1
5030,CDM-B3FF27,Pirastro Oliv acier doré – Mi – boule – Heavy – 4/4,Marque,Pirastro,1,1,Modèle,Oliv,1,1,Instrument,Violon,1,1,Corde,Mi,1,1,Taille,4/4,1,1,Tension,Heavy,1,1,Attache,Boule,1,1,Âme,acier,1,1,Filage,,0,1,Type produit,,0,1,Type pack,,0,1,Profil sonore,chaud,1,1,Complexité,complexe,1,1,Puissance,modéré,1,1,Réponse,douce,1,1,Usage,soliste,1,1,Positionnement,premium,1,1,Durabilité,faible,1,1,Stabilité,moyenne,1,1,Temps de rodage,long,1,1
5032,CDM-3F9449,Pirastro Oliv acier doré – Mi – boule – Light – 4/4,Marque,Pirastro,1,1,Modèle,Oliv,1,1,Instrument,Violon,1,1,Corde,Mi,1,1,Taille,4/4,1,1,Tension,Light,1,1,Attache,Boule,1,1,Âme,acier,1,1,Filage,,0,1,Type produit,,0,1,Type pack,,0,1,Profil sonore,chaud,1,1,Complexité,complexe,1,1,Puissance,modéré,1,1,Réponse,douce,1,1,Usage,soliste,1,1,Positionnement,premium,1,1,Durabilité,faible,1,1,Stabilité,moyenne,1,1,Temps de rodage,long,1,1
5034,CDM-3168B6,Pirastro Oliv acier doré – Mi – boucle – Medium – 4/4,Marque,Pirastro,1,1,Modèle,Oliv,1,1,Instrument,Violon,1,1,Corde,Mi,1,1,Taille,4/4,1,1,Tension,Medium,1,1,Attache,Boucle,1,1,Âme,acier,1,1,Filage,,0,1,Type produit,,0,1,Type pack,,0,1,Profil sonore,chaud,1,1,Complexité,complexe,1,1,Puissance,modéré,1,1,Réponse,douce,1,1,Usage,soliste,1,1,Positionnement,premium,1,1,Durabilité,faible,1,1,Stabilité,moyenne,1,1,Temps de rodage,long,1,1
5036,CDM-7A2346,Pirastro Oliv acier doré – Mi – boule – Medium – 4/4,Marque,Pirastro,1,1,Modèle,Oliv,1,1,Instrument,Violon,1,1,Corde,Mi,1,1,Taille,4/4,1,1,Tension,Medium,1,1,Attache,Boule,1,1,Âme,acier,1,1,Filage,,0,1,Type produit,,0,1,Type pack,,0,1,Profil sonore,chaud,1,1,Complexité,complexe,1,1,Puissance,modéré,1,1,Réponse,douce,1,1,Usage,soliste,1,1,Positionnement,premium,1,1,Durabilité,faible,1,1,Stabilité,moyenne,1,1,Temps de rodage,long,1,1
5038,CDM-2256D3,Pirastro Oliv-Stiff 15 1/2 – Sol – tube – Light – 4/4,Marque,Pirastro,1,1,Modèle,Oliv,1,1,Instrument,Violon,1,1,Corde,Sol,1,1,Taille,4/4,1,1,Tension,Light,1,1,Attache,tube,1,1,Âme,,0,1,Filage,,0,1,Type produit,,0,1,Type pack,,0,1,Profil sonore,chaud,1,1,Complexité,complexe,1,1,Puissance,modéré,1,1,Réponse,douce,1,1,Usage,soliste,1,1,Positionnement,premium,1,1,Durabilité,faible,1,1,Stabilité,moyenne,1,1,Temps de rodage,long,1,1
5040,CDM-BBBA52,Pirastro Oliv-Stiff 15 3/4 – Sol – tube – Medium-Light – 4/4,Marque,Pirastro,1,1,Modèle,Oliv,1,1,Instrument,Violon,1,1,Corde,Sol,1,1,Taille,4/4,1,1,Tension,Medium-Light,1,1,Attache,tube,1,1,Âme,,0,1,Filage,,0,1,Type produit,,0,1,Type pack,,0,1,Profil sonore,chaud,1,1,Complexité,complexe,1,1,Puissance,modéré,1,1,Réponse,douce,1,1,Usage,soliste,1,1,Positionnement,premium,1,1,Durabilité,faible,1,1,Stabilité,moyenne,1,1,Temps de rodage,long,1,1
5042,CDM-59F1CD,Pirastro Oliv-Stiff 16 1/2 – Ré – tube – Medium – 4/4,Marque,Pirastro,1,1,Modèle,Oliv,1,1,Instrument,Violon,1,1,Corde,Ré,1,1,Taille,4/4,1,1,Tension,Medium,1,1,Attache,tube,1,1,Âme,,0,1,Filage,,0,1,Type produit,,0,1,Type pack,,0,1,Profil sonore,chaud,1,1,Complexité,complexe,1,1,Puissance,modéré,1,1,Réponse,douce,1,1,Usage,soliste,1,1,Positionnement,premium,1,1,Durabilité,faible,1,1,Stabilité,moyenne,1,1,Temps de rodage,long,1,1
5044,CDM-C3F70C,Pirastro Oliv-Stiff 16 1/2 – Sol – tube – Heavy – 4/4,Marque,Pirastro,1,1,Modèle,Oliv,1,1,Instrument,Violon,1,1,Corde,Sol,1,1,Taille,4/4,1,1,Tension,Heavy,1,1,Attache,tube,1,1,Âme,,0,1,Filage,,0,1,Type produit,,0,1,Type pack,,0,1,Profil sonore,chaud,1,1,Complexité,complexe,1,1,Puissance,modéré,1,1,Réponse,douce,1,1,Usage,soliste,1,1,Positionnement,premium,1,1,Durabilité,faible,1,1,Stabilité,moyenne,1,1,Temps de rodage,long,1,1
5046,CDM-9DB429,Pirastro Oliv-Stiff 16 1/4 – Sol – tube – Medium-Heavy – 4/4,Marque,Pirastro,1,1,Modèle,Oliv,1,1,Instrument,Violon,1,1,Corde,Sol,1,1,Taille,4/4,1,1,Tension,Medium-Heavy,1,1,Attache,tube,1,1,Âme,,0,1,Filage,,0,1,Type produit,,0,1,Type pack,,0,1,Profil sonore,chaud,1,1,Complexité,complexe,1,1,Puissance,modéré,1,1,Réponse,douce,1,1,Usage,soliste,1,1,Positionnement,premium,1,1,Durabilité,faible,1,1,Stabilité,moyenne,1,1,Temps de rodage,long,1,1
5048,CDM-1CCBFD,Pirastro Oliv-Stiff 16 – Sol – tube – Medium – 4/4,Marque,Pirastro,1,1,Modèle,Oliv,1,1,Instrument,Violon,1,1,Corde,Sol,1,1,Taille,4/4,1,1,Tension,Medium,1,1,Attache,tube,1,1,Âme,,0,1,Filage,,0,1,Type produit,,0,1,Type pack,,0,1,Profil sonore,chaud,1,1,Complexité,complexe,1,1,Puissance,modéré,1,1,Réponse,douce,1,1,Usage,soliste,1,1,Positionnement,premium,1,1,Durabilité,faible,1,1,Stabilité,moyenne,1,1,Temps de rodage,long,1,1
5050,CDM-ECC4DA,Pirastro Oliv-Stiff 17 1/4 – Ré – tube – Heavy – 4/4,Marque,Pirastro,1,1,Modèle,Oliv,1,1,Instrument,Violon,1,1,Corde,Ré,1,1,Taille,4/4,1,1,Tension,Heavy,1,1,Attache,tube,1,1,Âme,,0,1,Filage,,0,1,Type produit,,0,1,Type pack,,0,1,Profil sonore,chaud,1,1,Complexité,complexe,1,1,Puissance,modéré,1,1,Réponse,douce,1,1,Usage,soliste,1,1,Positionnement,premium,1,1,Durabilité,faible,1,1,Stabilité,moyenne,1,1,Temps de rodage,long,1,1
5052,CDM-F29576,Pirastro Oliv-Stiff 17 – Ré – tube – Medium – 4/4,Marque,Pirastro,1,1,Modèle,Oliv,1,1,Instrument,Violon,1,1,Corde,Ré,1,1,Taille,4/4,1,1,Tension,Medium,1,1,Attache,tube,1,1,Âme,,0,1,Filage,,0,1,Type produit,,0,1,Type pack,,0,1,Profil sonore,chaud,1,1,Complexité,complexe,1,1,Puissance,modéré,1,1,Réponse,douce,1,1,Usage,soliste,1,1,Positionnement,premium,1,1,Durabilité,faible,1,1,Stabilité,moyenne,1,1,Temps de rodage,long,1,1
5054,CDM-ED2707,Pirastro Passione – La – Medium – 4/4,Marque,Pirastro,1,1,Modèle,Passione,1,1,Instrument,Violon,1,1,Corde,La,1,1,Taille,4/4,1,1,Tension,Medium,1,1,Attache,,0,1,Âme,,0,1,Filage,,0,1,Type produit,,0,1,Type pack,,0,1,Profil sonore,chaud,1,1,Complexité,complexe,1,1,Puissance,modéré,1,1,Réponse,rapide,1,1,Usage,soliste,1,1,Positionnement,premium,1,1,Durabilité,moyenne,1,1,Stabilité,bonne,1,1,Temps de rodage,moyen,1,1
5056,CDM-13BF61,Pirastro Passione – Mi – boucle – Medium – 4/4,Marque,Pirastro,1,1,Modèle,Passione,1,1,Instrument,Violon,1,1,Corde,Mi,1,1,Taille,4/4,1,1,Tension,Medium,1,1,Attache,Boucle,1,1,Âme,,0,1,Filage,,0,1,Type produit,,0,1,Type pack,,0,1,Profil sonore,chaud,1,1,Complexité,complexe,1,1,Puissance,modéré,1,1,Réponse,rapide,1,1,Usage,soliste,1,1,Positionnement,premium,1,1,Durabilité,moyenne,1,1,Stabilité,bonne,1,1,Temps de rodage,moyen,1,1
5058,CDM-75F816,Pirastro Passione – Mi – boule – Medium – 4/4,Marque,Pirastro,1,1,Modèle,Passione,1,1,Instrument,Violon,1,1,Corde,Mi,1,1,Taille,4/4,1,1,Tension,Medium,1,1,Attache,Boule,1,1,Âme,,0,1,Filage,,0,1,Type produit,,0,1,Type pack,,0,1,Profil sonore,chaud,1,1,Complexité,complexe,1,1,Puissance,modéré,1,1,Réponse,rapide,1,1,Usage,soliste,1,1,Positionnement,premium,1,1,Durabilité,moyenne,1,1,Stabilité,bonne,1,1,Temps de rodage,moyen,1,1
5060,CDM-D8666C,Pirastro Passione – Re – Medium – 4/4,Marque,Pirastro,1,1,Modèle,Passione,1,1,Instrument,Violon,1,1,Corde,Ré,1,1,Taille,4/4,1,1,Tension,Medium,1,1,Attache,,0,1,Âme,,0,1,Filage,,0,1,Type produit,,0,1,Type pack,,0,1,Profil sonore,chaud,1,1,Complexité,complexe,1,1,Puissance,modéré,1,1,Réponse,rapide,1,1,Usage,soliste,1,1,Positionnement,premium,1,1,Durabilité,moyenne,1,1,Stabilité,bonne,1,1,Temps de rodage,moyen,1,1
5062,CDM-975384,Pirastro Passione – Sol – Medium – 4/4,Marque,Pirastro,1,1,Modèle,Passione,1,1,Instrument,Violon,1,1,Corde,Sol,1,1,Taille,4/4,1,1,Tension,Medium,1,1,Attache,,0,1,Âme,,0,1,Filage,,0,1,Type produit,,0,1,Type pack,,0,1,Profil sonore,chaud,1,1,Complexité,complexe,1,1,Puissance,modéré,1,1,Réponse,rapide,1,1,Usage,soliste,1,1,Positionnement,premium,1,1,Durabilité,moyenne,1,1,Stabilité,bonne,1,1,Temps de rodage,moyen,1,1
5064,CDM-2E3DB2,Pirastro Passione 13 1/2 boyau/aluminium – La – Medium – 4/4,Marque,Pirastro,1,1,Modèle,Passione,1,1,Instrument,Violon,1,1,Corde,La,1,1,Taille,4/4,1,1,Tension,Medium,1,1,Attache,,0,1,Âme,boyau,1,1,Filage,aluminium,1,1,Type produit,,0,1,Type pack,,0,1,Profil sonore,chaud,1,1,Complexité,complexe,1,1,Puissance,modéré,1,1,Réponse,rapide,1,1,Usage,soliste,1,1,Positionnement,premium,1,1,Durabilité,moyenne,1,1,Stabilité,bonne,1,1,Temps de rodage,moyen,1,1
5066,CDM-2CFC3F,Pirastro Passione 13 1/2 boyau/argent – Re – Medium – 4/4,Marque,Pirastro,1,1,Modèle,Passione,1,1,Instrument,Violon,1,1,Corde,Ré,1,1,Taille,4/4,1,1,Tension,Medium,1,1,Attache,,0,1,Âme,boyau,1,1,Filage,argent,1,1,Type produit,,0,1,Type pack,,0,1,Profil sonore,chaud,1,1,Complexité,complexe,1,1,Puissance,modéré,1,1,Réponse,rapide,1,1,Usage,soliste,1,1,Positionnement,premium,1,1,Durabilité,moyenne,1,1,Stabilité,bonne,1,1,Temps de rodage,moyen,1,1
5068,CDM-99988B,Pirastro Passione 13 1/4 boyau/aluminium – La – Medium-Light – 4/4,Marque,Pirastro,1,1,Modèle,Passione,1,1,Instrument,Violon,1,1,Corde,La,1,1,Taille,4/4,1,1,Tension,Medium-Light,1,1,Attache,,0,1,Âme,boyau,1,1,Filage,aluminium,1,1,Type produit,,0,1,Type pack,,0,1,Profil sonore,chaud,1,1,Complexité,complexe,1,1,Puissance,modéré,1,1,Réponse,rapide,1,1,Usage,soliste,1,1,Positionnement,premium,1,1,Durabilité,moyenne,1,1,Stabilité,bonne,1,1,Temps de rodage,moyen,1,1
5070,CDM-136733,Pirastro Passione 13 1/4 boyau/argent – Re – Medium-Light – 4/4,Marque,Pirastro,1,1,Modèle,Passione,1,1,Instrument,Violon,1,1,Corde,Ré,1,1,Taille,4/4,1,1,Tension,Medium-Light,1,1,Attache,,0,1,Âme,boyau,1,1,Filage,argent,1,1,Type produit,,0,1,Type pack,,0,1,Profil sonore,chaud,1,1,Complexité,complexe,1,1,Puissance,modéré,1,1,Réponse,rapide,1,1,Usage,soliste,1,1,Positionnement,premium,1,1,Durabilité,moyenne,1,1,Stabilité,bonne,1,1,Temps de rodage,moyen,1,1
5072,CDM-3D478E,Pirastro Passione 13 3/4 boyau/aluminium – La – Medium-Heavy – 4/4,Marque,Pirastro,1,1,Modèle,Passione,1,1,Instrument,Violon,1,1,Corde,La,1,1,Taille,4/4,1,1,Tension,Medium-Heavy,1,1,Attache,,0,1,Âme,boyau,1,1,Filage,aluminium,1,1,Type produit,,0,1,Type pack,,0,1,Profil sonore,chaud,1,1,Complexité,complexe,1,1,Puissance,modéré,1,1,Réponse,rapide,1,1,Usage,soliste,1,1,Positionnement,premium,1,1,Durabilité,moyenne,1,1,Stabilité,bonne,1,1,Temps de rodage,moyen,1,1
5074,CDM-727380,Pirastro Passione 13 3/4 boyau/argent – Re – Medium-Heavy – 4/4,Marque,Pirastro,1,1,Modèle,Passione,1,1,Instrument,Violon,1,1,Corde,Ré,1,1,Taille,4/4,1,1,Tension,Medium-Heavy,1,1,Attache,,0,1,Âme,boyau,1,1,Filage,argent,1,1,Type produit,,0,1,Type pack,,0,1,Profil sonore,chaud,1,1,Complexité,complexe,1,1,Puissance,modéré,1,1,Réponse,rapide,1,1,Usage,soliste,1,1,Positionnement,premium,1,1,Durabilité,moyenne,1,1,Stabilité,bonne,1,1,Temps de rodage,moyen,1,1
5076,CDM-B9A6E4,Pirastro Passione 13 boyau/aluminium – La – Light – 4/4,Marque,Pirastro,1,1,Modèle,Passione,1,1,Instrument,Violon,1,1,Corde,La,1,1,Taille,4/4,1,1,Tension,Light,1,1,Attache,,0,1,Âme,boyau,1,1,Filage,aluminium,1,1,Type produit,,0,1,Type pack,,0,1,Profil sonore,chaud,1,1,Complexité,complexe,1,1,Puissance,modéré,1,1,Réponse,rapide,1,1,Usage,soliste,1,1,Positionnement,premium,1,1,Durabilité,moyenne,1,1,Stabilité,bonne,1,1,Temps de rodage,moyen,1,1
5078,CDM-58724B,Pirastro Passione 13 boyau/argent – Re – Light – 4/4,Marque,Pirastro,1,1,Modèle,Passione,1,1,Instrument,Violon,1,1,Corde,Ré,1,1,Taille,4/4,1,1,Tension,Light,1,1,Attache,,0,1,Âme,boyau,1,1,Filage,argent,1,1,Type produit,,0,1,Type pack,,0,1,Profil sonore,chaud,1,1,Complexité,complexe,1,1,Puissance,modéré,1,1,Réponse,rapide,1,1,Usage,soliste,1,1,Positionnement,premium,1,1,Durabilité,moyenne,1,1,Stabilité,bonne,1,1,Temps de rodage,moyen,1,1
5080,CDM-250FC2,Pirastro Passione 14 boyau/aluminium – La – Heavy – 4/4,Marque,Pirastro,1,1,Modèle,Passione,1,1,Instrument,Violon,1,1,Corde,La,1,1,Taille,4/4,1,1,Tension,Heavy,1,1,Attache,,0,1,Âme,boyau,1,1,Filage,aluminium,1,1,Type produit,,0,1,Type pack,,0,1,Profil sonore,chaud,1,1,Complexité,complexe,1,1,Puissance,modéré,1,1,Réponse,rapide,1,1,Usage,soliste,1,1,Positionnement,premium,1,1,Durabilité,moyenne,1,1,Stabilité,bonne,1,1,Temps de rodage,moyen,1,1
5082,CDM-EE70B9,Pirastro Passione 14 boyau/argent – Re – Heavy – 4/4,Marque,Pirastro,1,1,Modèle,Passione,1,1,Instrument,Violon,1,1,Corde,Ré,1,1,Taille,4/4,1,1,Tension,Heavy,1,1,Attache,,0,1,Âme,boyau,1,1,Filage,argent,1,1,Type produit,,0,1,Type pack,,0,1,Profil sonore,chaud,1,1,Complexité,complexe,1,1,Puissance,modéré,1,1,Réponse,rapide,1,1,Usage,soliste,1,1,Positionnement,premium,1,1,Durabilité,moyenne,1,1,Stabilité,bonne,1,1,Temps de rodage,moyen,1,1
5084,CDM-075FBB,Pirastro Passione 16 1/2 boyau/argent – Sol – Medium – 4/4,Marque,Pirastro,1,1,Modèle,Passione,1,1,Instrument,Violon,1,1,Corde,Sol,1,1,Taille,4/4,1,1,Tension,Medium,1,1,Attache,,0,1,Âme,boyau,1,1,Filage,argent,1,1,Type produit,,0,1,Type pack,,0,1,Profil sonore,chaud,1,1,Complexité,complexe,1,1,Puissance,modéré,1,1,Réponse,rapide,1,1,Usage,soliste,1,1,Positionnement,premium,1,1,Durabilité,moyenne,1,1,Stabilité,bonne,1,1,Temps de rodage,moyen,1,1
5086,CDM-5BEE89,Pirastro Passione 16 1/4 boyau/argent – Sol – Medium-Light – 4/4,Marque,Pirastro,1,1,Modèle,Passione,1,1,Instrument,Violon,1,1,Corde,Sol,1,1,Taille,4/4,1,1,Tension,Medium-Light,1,1,Attache,,0,1,Âme,boyau,1,1,Filage,argent,1,1,Type produit,,0,1,Type pack,,0,1,Profil sonore,chaud,1,1,Complexité,complexe,1,1,Puissance,modéré,1,1,Réponse,rapide,1,1,Usage,soliste,1,1,Positionnement,premium,1,1,Durabilité,moyenne,1,1,Stabilité,bonne,1,1,Temps de rodage,moyen,1,1
5088,CDM-928112,Pirastro Passione 16 3/4 boyau/argent – Sol – Medium-Heavy – 4/4,Marque,Pirastro,1,1,Modèle,Passione,1,1,Instrument,Violon,1,1,Corde,Sol,1,1,Taille,4/4,1,1,Tension,Medium-Heavy,1,1,Attache,,0,1,Âme,boyau,1,1,Filage,argent,1,1,Type produit,,0,1,Type pack,,0,1,Profil sonore,chaud,1,1,Complexité,complexe,1,1,Puissance,modéré,1,1,Réponse,rapide,1,1,Usage,soliste,1,1,Positionnement,premium,1,1,Durabilité,moyenne,1,1,Stabilité,bonne,1,1,Temps de rodage,moyen,1,1
5090,CDM-F53391,Pirastro Passione 16 boyau/argent – Sol – Light – 4/4,Marque,Pirastro,1,1,Modèle,Passione,1,1,Instrument,Violon,1,1,Corde,Sol,1,1,Taille,4/4,1,1,Tension,Light,1,1,Attache,,0,1,Âme,boyau,1,1,Filage,argent,1,1,Type produit,,0,1,Type pack,,0,1,Profil sonore,chaud,1,1,Complexité,complexe,1,1,Puissance,modéré,1,1,Réponse,rapide,1,1,Usage,soliste,1,1,Positionnement,premium,1,1,Durabilité,moyenne,1,1,Stabilité,bonne,1,1,Temps de rodage,moyen,1,1
5092,CDM-23F95A,Pirastro Passione 17 boyau/argent – Sol – Heavy – 4/4,Marque,Pirastro,1,1,Modèle,Passione,1,1,Instrument,Violon,1,1,Corde,Sol,1,1,Taille,4/4,1,1,Tension,Heavy,1,1,Attache,,0,1,Âme,boyau,1,1,Filage,argent,1,1,Type produit,,0,1,Type pack,,0,1,Profil sonore,chaud,1,1,Complexité,complexe,1,1,Puissance,modéré,1,1,Réponse,rapide,1,1,Usage,soliste,1,1,Positionnement,premium,1,1,Durabilité,moyenne,1,1,Stabilité,bonne,1,1,Temps de rodage,moyen,1,1
5094,CDM-9D8805,Pirastro Passione acier argenté 25.5 – Mi – boule – Light – 4/4,Marque,Pirastro,1,1,Modèle,Passione,1,1,Instrument,Violon,1,1,Corde,Mi,1,1,Taille,4/4,1,1,Tension,Light,1,1,Attache,Boule,1,1,Âme,acier,1,1,Filage,,0,1,Type produit,,0,1,Type pack,,0,1,Profil sonore,chaud,1,1,Complexité,complexe,1,1,Puissance,modéré,1,1,Réponse,rapide,1,1,Usage,soliste,1,1,Positionnement,premium,1,1,Durabilité,moyenne,1,1,Stabilité,bonne,1,1,Temps de rodage,moyen,1,1
5096,CDM-070450,Pirastro Passione acier argenté 26 – Mi – boucle – Medium – 4/4,Marque,Pirastro,1,1,Modèle,Passione,1,1,Instrument,Violon,1,1,Corde,Mi,1,1,Taille,4/4,1,1,Tension,Medium,1,1,Attache,Boucle,1,1,Âme,acier,1,1,Filage,,0,1,Type produit,,0,1,Type pack,,0,1,Profil sonore,chaud,1,1,Complexité,complexe,1,1,Puissance,modéré,1,1,Réponse,rapide,1,1,Usage,soliste,1,1,Positionnement,premium,1,1,Durabilité,moyenne,1,1,Stabilité,bonne,1,1,Temps de rodage,moyen,1,1
5098,CDM-CB8381,Pirastro Passione acier argenté 26 – Mi – boule – Medium – 4/4,Marque,Pirastro,1,1,Modèle,Passione,1,1,Instrument,Violon,1,1,Corde,Mi,1,1,Taille,4/4,1,1,Tension,Medium,1,1,Attache,Boule,1,1,Âme,acier,1,1,Filage,,0,1,Type produit,,0,1,Type pack,,0,1,Profil sonore,chaud,1,1,Complexité,complexe,1,1,Puissance,modéré,1,1,Réponse,rapide,1,1,Usage,soliste,1,1,Positionnement,premium,1,1,Durabilité,moyenne,1,1,Stabilité,bonne,1,1,Temps de rodage,moyen,1,1
5100,CDM-BB9A8A,"Pirastro Passione acier argenté 26,7 – Mi – boule – Heavy – 4/4",Marque,Pirastro,1,1,Modèle,Passione,1,1,Instrument,Violon,1,1,Corde,Mi,1,1,Taille,4/4,1,1,Tension,Heavy,1,1,Attache,Boule,1,1,Âme,acier,1,1,Filage,,0,1,Type produit,,0,1,Type pack,,0,1,Profil sonore,chaud,1,1,Complexité,complexe,1,1,Puissance,modéré,1,1,Réponse,rapide,1,1,Usage,soliste,1,1,Positionnement,premium,1,1,Durabilité,moyenne,1,1,Stabilité,bonne,1,1,Temps de rodage,moyen,1,1
5102,CDM-C208FB,Pirastro Passione acier argenté 26.7 – Mi – boucle – Heavy – 4/4,Marque,Pirastro,1,1,Modèle,Passione,1,1,Instrument,Violon,1,1,Corde,Mi,1,1,Taille,4/4,1,1,Tension,Heavy,1,1,Attache,Boucle,1,1,Âme,acier,1,1,Filage,,0,1,Type produit,,0,1,Type pack,,0,1,Profil sonore,chaud,1,1,Complexité,complexe,1,1,Puissance,modéré,1,1,Réponse,rapide,1,1,Usage,soliste,1,1,Positionnement,premium,1,1,Durabilité,moyenne,1,1,Stabilité,bonne,1,1,Temps de rodage,moyen,1,1
5104,CDM-82001A,Pirastro Perpetual – Re – Medium – 4/4,Marque,Pirastro,1,1,Modèle,Perpetual,1,1,Instrument,Violon,1,1,Corde,Ré,1,1,Taille,4/4,1,1,Tension,Medium,1,1,Attache,,0,1,Âme,,0,1,Filage,,0,1,Type produit,,0,1,Type pack,,0,1,Profil sonore,brillant,1,1,Complexité,complexe,1,1,Puissance,puissant,1,1,Réponse,rapide,1,1,Usage,soliste,1,1,Positionnement,premium,1,1,Durabilité,élevée,1,1,Stabilité,excellente,1,1,Temps de rodage,court,1,1
5106,CDM-8A8C14,Pirastro Perpetual – Sol – Medium – 4/4,Marque,Pirastro,1,1,Modèle,Perpetual,1,1,Instrument,Violon,1,1,Corde,Sol,1,1,Taille,4/4,1,1,Tension,Medium,1,1,Attache,,0,1,Âme,,0,1,Filage,,0,1,Type produit,,0,1,Type pack,,0,1,Profil sonore,brillant,1,1,Complexité,complexe,1,1,Puissance,puissant,1,1,Réponse,rapide,1,1,Usage,soliste,1,1,Positionnement,premium,1,1,Durabilité,élevée,1,1,Stabilité,excellente,1,1,Temps de rodage,court,1,1
5108,CDM-17DD8C,Pirastro Perpetual Mi – boule – Medium – 4/4,Marque,Pirastro,1,1,Modèle,Perpetual,1,1,Instrument,Violon,1,1,Corde,Mi,1,1,Taille,4/4,1,1,Tension,Medium,1,1,Attache,Boule,1,1,Âme,,0,1,Filage,,0,1,Type produit,,0,1,Type pack,,0,1,Profil sonore,brillant,1,1,Complexité,complexe,1,1,Puissance,puissant,1,1,Réponse,rapide,1,1,Usage,soliste,1,1,Positionnement,premium,1,1,Durabilité,élevée,1,1,Stabilité,excellente,1,1,Temps de rodage,court,1,1
5110,CDM-C3D2EF,Pirastro Perpetual Mi – boule – Heavy – 4/4,Marque,Pirastro,1,1,Modèle,Perpetual,1,1,Instrument,Violon,1,1,Corde,Mi,1,1,Taille,4/4,1,1,Tension,Heavy,1,1,Attache,Boule,1,1,Âme,,0,1,Filage,,0,1,Type produit,,0,1,Type pack,,0,1,Profil sonore,brillant,1,1,Complexité,complexe,1,1,Puissance,puissant,1,1,Réponse,rapide,1,1,Usage,soliste,1,1,Positionnement,premium,1,1,Durabilité,élevée,1,1,Stabilité,excellente,1,1,Temps de rodage,court,1,1
5112,CDM-9AB314,Pirastro Perpetual Cadenza – La – Medium – 4/4,Marque,Pirastro,1,1,Modèle,Perpetual Cadenza,1,1,Instrument,Violon,1,1,Corde,La,1,1,Taille,4/4,1,1,Tension,Medium,1,1,Attache,,0,1,Âme,,0,1,Filage,,0,1,Type produit,,0,1,Type pack,,0,1,Profil sonore,chaud,1,1,Complexité,complexe,1,1,Puissance,modéré,1,1,Réponse,rapide,1,1,Usage,soliste,1,1,Positionnement,premium,1,1,Durabilité,élevée,1,1,Stabilité,bonne,1,1,Temps de rodage,court,1,1
5114,CDM-F0F761,Pirastro Perpetual Cadenza – Mi – boule – Medium – 4/4,Marque,Pirastro,1,1,Modèle,Perpetual Cadenza,1,1,Instrument,Violon,1,1,Corde,Mi,1,1,Taille,4/4,1,1,Tension,Medium,1,1,Attache,Boule,1,1,Âme,,0,1,Filage,,0,1,Type produit,,0,1,Type pack,,0,1,Profil sonore,chaud,1,1,Complexité,complexe,1,1,Puissance,modéré,1,1,Réponse,rapide,1,1,Usage,soliste,1,1,Positionnement,premium,1,1,Durabilité,élevée,1,1,Stabilité,bonne,1,1,Temps de rodage,court,1,1
5116,CDM-DE4156,Pirastro Perpetual Cadenza – Ré – Medium – 4/4,Marque,Pirastro,1,1,Modèle,Perpetual Cadenza,1,1,Instrument,Violon,1,1,Corde,Ré,1,1,Taille,4/4,1,1,Tension,Medium,1,1,Attache,,0,1,Âme,,0,1,Filage,,0,1,Type produit,,0,1,Type pack,,0,1,Profil sonore,chaud,1,1,Complexité,complexe,1,1,Puissance,modéré,1,1,Réponse,rapide,1,1,Usage,soliste,1,1,Positionnement,premium,1,1,Durabilité,élevée,1,1,Stabilité,bonne,1,1,Temps de rodage,court,1,1
5118,CDM-395D9F,Pirastro Perpetual Cadenza – Sol – Medium – 4/4,Marque,Pirastro,1,1,Modèle,Perpetual Cadenza,1,1,Instrument,Violon,1,1,Corde,Sol,1,1,Taille,4/4,1,1,Tension,Medium,1,1,Attache,,0,1,Âme,,0,1,Filage,,0,1,Type produit,,0,1,Type pack,,0,1,Profil sonore,chaud,1,1,Complexité,complexe,1,1,Puissance,modéré,1,1,Réponse,rapide,1,1,Usage,soliste,1,1,Positionnement,premium,1,1,Durabilité,élevée,1,1,Stabilité,bonne,1,1,Temps de rodage,court,1,1
5119,CDM-AABE0C,Pirastro Piranito – Mi – boule – Medium,Marque,Pirastro,1,1,Modèle,Piranito,1,1,Instrument,Violon,1,1,Corde,Mi,1,1,Taille,"1/4, 3/4, 4/4",1,1,Tension,Medium,1,1,Attache,Boule,1,1,Âme,,0,1,Filage,,0,1,Type produit,,0,1,Type pack,,0,1,Profil sonore,brillant,1,1,Complexité,pur,1,1,Puissance,modéré,1,1,Réponse,rapide,1,1,Usage,étudiant,1,1,Positionnement,entrée,1,1,Durabilité,élevée,1,1,Stabilité,excellente,1,1,Temps de rodage,court,1,1
5120,CDM-572852,Pirastro Piranito – Re – Medium,Marque,Pirastro,1,1,Modèle,Piranito,1,1,Instrument,Violon,1,1,Corde,Ré,1,1,Taille,"1/4, 3/4, 4/4",1,1,Tension,Medium,1,1,Attache,,0,1,Âme,,0,1,Filage,,0,1,Type produit,,0,1,Type pack,,0,1,Profil sonore,brillant,1,1,Complexité,pur,1,1,Puissance,modéré,1,1,Réponse,rapide,1,1,Usage,étudiant,1,1,Positionnement,entrée,1,1,Durabilité,élevée,1,1,Stabilité,excellente,1,1,Temps de rodage,court,1,1
5121,CDM-26C070,Pirastro Piranito – Sol – Medium,Marque,Pirastro,1,1,Modèle,Piranito,1,1,Instrument,Violon,1,1,Corde,Sol,1,1,Taille,"1/4, 3/4, 4/4",1,1,Tension,Medium,1,1,Attache,,0,1,Âme,,0,1,Filage,,0,1,Type produit,,0,1,Type pack,,0,1,Profil sonore,brillant,1,1,Complexité,pur,1,1,Puissance,modéré,1,1,Réponse,rapide,1,1,Usage,étudiant,1,1,Positionnement,entrée,1,1,Durabilité,élevée,1,1,Stabilité,excellente,1,1,Temps de rodage,court,1,1
5122,CDM-3E3F48,Pirastro Tonica – La – Medium,Marque,Pirastro,1,1,Modèle,Tonica,1,1,Instrument,Violon,1,1,Corde,La,1,1,Taille,"1/16, 1/4, 3/4, 4/4",1,1,Tension,Medium,1,1,Attache,,0,1,Âme,,0,1,Filage,,0,1,Type produit,,0,1,Type pack,,0,1,Profil sonore,équilibré,1,1,Complexité,équilibré,1,1,Puissance,modéré,1,1,Réponse,rapide,1,1,Usage,étudiant,1,1,Positionnement,entrée,1,1,Durabilité,moyenne,1,1,Stabilité,excellente,1,1,Temps de rodage,court,1,1
5123,CDM-3897F5,Pirastro Tonica – Sol – Medium,Marque,Pirastro,1,1,Modèle,Tonica,1,1,Instrument,Violon,1,1,Corde,Sol,1,1,Taille,"1/16, 1/4, 3/4, 4/4",1,1,Tension,Medium,1,1,Attache,,0,1,Âme,,0,1,Filage,,0,1,Type produit,,0,1,Type pack,,0,1,Profil sonore,équilibré,1,1,Complexité,équilibré,1,1,Puissance,modéré,1,1,Réponse,rapide,1,1,Usage,étudiant,1,1,Positionnement,entrée,1,1,Durabilité,moyenne,1,1,Stabilité,excellente,1,1,Temps de rodage,court,1,1
5125,CDM-ADB129,Pirastro Perpetual acier chrome – La – Medium – 4/4,Marque,Pirastro,1,1,Modèle,Perpetual,1,1,Instrument,Violon,1,1,Corde,La,1,1,Taille,4/4,1,1,Tension,Medium,1,1,Attache,,0,1,Âme,acier,1,1,Filage,,0,1,Type produit,,0,1,Type pack,,0,1,Profil sonore,brillant,1,1,Complexité,complexe,1,1,Puissance,puissant,1,1,Réponse,rapide,1,1,Usage,soliste,1,1,Positionnement,premium,1,1,Durabilité,élevée,1,1,Stabilité,excellente,1,1,Temps de rodage,court,1,1
5127,CDM-0C1FAA,Pirastro Perpetual aluminio – La – Medium – 4/4,Marque,Pirastro,1,1,Modèle,Perpetual,1,1,Instrument,Violon,1,1,Corde,La,1,1,Taille,4/4,1,1,Tension,Medium,1,1,Attache,,0,1,Âme,,0,1,Filage,aluminium,1,1,Type produit,,0,1,Type pack,,0,1,Profil sonore,brillant,1,1,Complexité,complexe,1,1,Puissance,puissant,1,1,Réponse,rapide,1,1,Usage,soliste,1,1,Positionnement,premium,1,1,Durabilité,élevée,1,1,Stabilité,excellente,1,1,Temps de rodage,court,1,1
5141,CDM-150D24,Pirastro Piranito acier-aluminium – La – Medium – 4/4,Marque,Pirastro,1,1,Modèle,Piranito,1,1,Instrument,Violon,1,1,Corde,La,1,1,Taille,4/4,1,1,Tension,Medium,1,1,Attache,,0,1,Âme,acier,1,1,Filage,aluminium,1,1,Type produit,,0,1,Type pack,,0,1,Profil sonore,brillant,1,1,Complexité,pur,1,1,Puissance,modéré,1,1,Réponse,rapide,1,1,Usage,étudiant,1,1,Positionnement,entrée,1,1,Durabilité,élevée,1,1,Stabilité,excellente,1,1,Temps de rodage,court,1,1
5143,CDM-259300,Pirastro Synoxa – La – Medium – 4/4,Marque,Pirastro,1,1,Modèle,Synoxa,1,1,Instrument,Violon,1,1,Corde,La,1,1,Taille,4/4,1,1,Tension,Medium,1,1,Attache,,0,1,Âme,,0,1,Filage,,0,1,Type produit,,0,1,Type pack,,0,1,Profil sonore,chaud,1,1,Complexité,équilibré,1,1,Puissance,modéré,1,1,Réponse,rapide,1,1,Usage,orchestre,1,1,Positionnement,intermédiaire,1,1,Durabilité,moyenne,1,1,Stabilité,bonne,1,1,Temps de rodage,court,1,1
5145,CDM-161197,Pirastro Synoxa – Mi – boule – Medium – 4/4,Marque,Pirastro,1,1,Modèle,Synoxa,1,1,Instrument,Violon,1,1,Corde,Mi,1,1,Taille,4/4,1,1,Tension,Medium,1,1,Attache,Boule,1,1,Âme,,0,1,Filage,,0,1,Type produit,,0,1,Type pack,,0,1,Profil sonore,chaud,1,1,Complexité,équilibré,1,1,Puissance,modéré,1,1,Réponse,rapide,1,1,Usage,orchestre,1,1,Positionnement,intermédiaire,1,1,Durabilité,moyenne,1,1,Stabilité,bonne,1,1,Temps de rodage,court,1,1
5147,CDM-1D3893,Pirastro Synoxa – Re – Medium – 4/4,Marque,Pirastro,1,1,Modèle,Synoxa,1,1,Instrument,Violon,1,1,Corde,Ré,1,1,Taille,4/4,1,1,Tension,Medium,1,1,Attache,,0,1,Âme,,0,1,Filage,,0,1,Type produit,,0,1,Type pack,,0,1,Profil sonore,chaud,1,1,Complexité,équilibré,1,1,Puissance,modéré,1,1,Réponse,rapide,1,1,Usage,orchestre,1,1,Positionnement,intermédiaire,1,1,Durabilité,moyenne,1,1,Stabilité,bonne,1,1,Temps de rodage,court,1,1
5149,CDM-9B0A1B,Pirastro Synoxa – Sol – Medium – 4/4,Marque,Pirastro,1,1,Modèle,Synoxa,1,1,Instrument,Violon,1,1,Corde,Sol,1,1,Taille,4/4,1,1,Tension,Medium,1,1,Attache,,0,1,Âme,,0,1,Filage,,0,1,Type produit,,0,1,Type pack,,0,1,Profil sonore,chaud,1,1,Complexité,équilibré,1,1,Puissance,modéré,1,1,Réponse,rapide,1,1,Usage,orchestre,1,1,Positionnement,intermédiaire,1,1,Durabilité,moyenne,1,1,Stabilité,bonne,1,1,Temps de rodage,court,1,1
5161,CDM-2EEAFB,Pirastro Tonica acier argenté – Mi – boule – Heavy – 4/4,Marque,Pirastro,1,1,Modèle,Tonica,1,1,Instrument,Violon,1,1,Corde,Mi,1,1,Taille,4/4,1,1,Tension,Heavy,1,1,Attache,Boule,1,1,Âme,acier,1,1,Filage,,0,1,Type produit,,0,1,Type pack,,0,1,Profil sonore,équilibré,1,1,Complexité,équilibré,1,1,Puissance,modéré,1,1,Réponse,rapide,1,1,Usage,étudiant,1,1,Positionnement,entrée,1,1,Durabilité,moyenne,1,1,Stabilité,excellente,1,1,Temps de rodage,court,1,1
5162,CDM-B03A18,Pirastro Tonica acier argenté – Mi – boule – Medium,Marque,Pirastro,1,1,Modèle,Tonica,1,1,Instrument,Violon,1,1,Corde,Mi,1,1,Taille,"1/16, 1/4, 3/4, 4/4",1,1,Tension,Medium,1,1,Attache,Boule,1,1,Âme,acier,1,1,Filage,,0,1,Type produit,,0,1,Type pack,,0,1,Profil sonore,équilibré,1,1,Complexité,équilibré,1,1,Puissance,modéré,1,1,Réponse,rapide,1,1,Usage,étudiant,1,1,Positionnement,entrée,1,1,Durabilité,moyenne,1,1,Stabilité,excellente,1,1,Temps de rodage,court,1,1
5163,CDM-69EDE8,Pirastro Tonica aluminium – Mi – boule – Medium,Marque,Pirastro,1,1,Modèle,Tonica,1,1,Instrument,Violon,1,1,Corde,Mi,1,1,Taille,"1/16, 3/4, 4/4",1,1,Tension,Medium,1,1,Attache,Boule,1,1,Âme,,0,1,Filage,aluminium,1,1,Type produit,,0,1,Type pack,,0,1,Profil sonore,équilibré,1,1,Complexité,équilibré,1,1,Puissance,modéré,1,1,Réponse,rapide,1,1,Usage,étudiant,1,1,Positionnement,entrée,1,1,Durabilité,moyenne,1,1,Stabilité,excellente,1,1,Temps de rodage,court,1,1
5164,CDM-D31E0D,Pirastro Tonica aluminium – Ré – Medium,Marque,Pirastro,1,1,Modèle,Tonica,1,1,Instrument,Violon,1,1,Corde,Ré,1,1,Taille,"1/16, 3/4, 4/4",1,1,Tension,Medium,1,1,Attache,,0,1,Âme,,0,1,Filage,aluminium,1,1,Type produit,,0,1,Type pack,,0,1,Profil sonore,équilibré,1,1,Complexité,équilibré,1,1,Puissance,modéré,1,1,Réponse,rapide,1,1,Usage,étudiant,1,1,Positionnement,entrée,1,1,Durabilité,moyenne,1,1,Stabilité,excellente,1,1,Temps de rodage,court,1,1
5165,CDM-DF2923,Pirastro Tonica argent – Ré – Medium,Marque,Pirastro,1,1,Modèle,Tonica,1,1,Instrument,Violon,1,1,Corde,Ré,1,1,Taille,"3/4, 4/4",1,1,Tension,Medium,1,1,Attache,,0,1,Âme,,0,1,Filage,argent,1,1,Type produit,,0,1,Type pack,,0,1,Profil sonore,équilibré,1,1,Complexité,équilibré,1,1,Puissance,modéré,1,1,Réponse,rapide,1,1,Usage,étudiant,1,1,Positionnement,entrée,1,1,Durabilité,moyenne,1,1,Stabilité,excellente,1,1,Temps de rodage,court,1,1
5172,CDM-764CCF,Pirastro Tonica aluminium – Mi – boucle – Medium – 4/4,Marque,Pirastro,1,1,Modèle,Tonica,1,1,Instrument,Violon,1,1,Corde,Mi,1,1,Taille,4/4,1,1,Tension,Medium,1,1,Attache,Boucle,1,1,Âme,,0,1,Filage,aluminium,1,1,Type produit,,0,1,Type pack,,0,1,Profil sonore,équilibré,1,1,Complexité,équilibré,1,1,Puissance,modéré,1,1,Réponse,rapide,1,1,Usage,étudiant,1,1,Positionnement,entrée,1,1,Durabilité,moyenne,1,1,Stabilité,excellente,1,1,Temps de rodage,court,1,1
5185,CDM-ECDE29,Pirastro Violino – La – Medium – 4/4,Marque,Pirastro,1,1,Modèle,Violino,1,1,Instrument,Violon,1,1,Corde,La,1,1,Taille,4/4,1,1,Tension,Medium,1,1,Attache,,0,1,Âme,,0,1,Filage,,0,1,Type produit,,0,1,Type pack,,0,1,Profil sonore,chaud,1,1,Complexité,équilibré,1,1,Puissance,modéré,1,1,Réponse,rapide,1,1,Usage,étudiant,1,1,Positionnement,entrée,1,1,Durabilité,moyenne,1,1,Stabilité,bonne,1,1,Temps de rodage,court,1,1
5187,CDM-C9092B,Pirastro Violino – Mi – boucle – Medium – 4/4,Marque,Pirastro,1,1,Modèle,Violino,1,1,Instrument,Violon,1,1,Corde,Mi,1,1,Taille,4/4,1,1,Tension,Medium,1,1,Attache,Boucle,1,1,Âme,,0,1,Filage,,0,1,Type produit,,0,1,Type pack,,0,1,Profil sonore,chaud,1,1,Complexité,équilibré,1,1,Puissance,modéré,1,1,Réponse,rapide,1,1,Usage,étudiant,1,1,Positionnement,entrée,1,1,Durabilité,moyenne,1,1,Stabilité,bonne,1,1,Temps de rodage,court,1,1
5189,CDM-A18DA6,Pirastro Violino – Mi – boule – Medium – 4/4,Marque,Pirastro,1,1,Modèle,Violino,1,1,Instrument,Violon,1,1,Corde,Mi,1,1,Taille,4/4,1,1,Tension,Medium,1,1,Attache,Boule,1,1,Âme,,0,1,Filage,,0,1,Type produit,,0,1,Type pack,,0,1,Profil sonore,chaud,1,1,Complexité,équilibré,1,1,Puissance,modéré,1,1,Réponse,rapide,1,1,Usage,étudiant,1,1,Positionnement,entrée,1,1,Durabilité,moyenne,1,1,Stabilité,bonne,1,1,Temps de rodage,court,1,1
5191,CDM-24B818,Pirastro Violino – Re – Medium – 4/4,Marque,Pirastro,1,1,Modèle,Violino,1,1,Instrument,Violon,1,1,Corde,Ré,1,1,Taille,4/4,1,1,Tension,Medium,1,1,Attache,,0,1,Âme,,0,1,Filage,,0,1,Type produit,,0,1,Type pack,,0,1,Profil sonore,chaud,1,1,Complexité,équilibré,1,1,Puissance,modéré,1,1,Réponse,rapide,1,1,Usage,étudiant,1,1,Positionnement,entrée,1,1,Durabilité,moyenne,1,1,Stabilité,bonne,1,1,Temps de rodage,court,1,1
5193,CDM-F42730,Pirastro Violino – Sol – Medium – 4/4,Marque,Pirastro,1,1,Modèle,Violino,1,1,Instrument,Violon,1,1,Corde,Sol,1,1,Taille,4/4,1,1,Tension,Medium,1,1,Attache,,0,1,Âme,,0,1,Filage,,0,1,Type produit,,0,1,Type pack,,0,1,Profil sonore,chaud,1,1,Complexité,équilibré,1,1,Puissance,modéré,1,1,Réponse,rapide,1,1,Usage,étudiant,1,1,Positionnement,entrée,1,1,Durabilité,moyenne,1,1,Stabilité,bonne,1,1,Temps de rodage,court,1,1
5195,CDM-CB2F0D,Pirastro Wondertone – Re – Medium – 4/4,Marque,Pirastro,1,1,Modèle,Wondertone,1,1,Instrument,Violon,1,1,Corde,Ré,1,1,Taille,4/4,1,1,Tension,Medium,1,1,Attache,,0,1,Âme,,0,1,Filage,,0,1,Type produit,,0,1,Type pack,,0,1,Profil sonore,chaud,1,1,Complexité,complexe,1,1,Puissance,modéré,1,1,Réponse,rapide,1,1,Usage,soliste,1,1,Positionnement,intermédiaire,1,1,Durabilité,moyenne,1,1,Stabilité,bonne,1,1,Temps de rodage,court,1,1
5197,CDM-09F2FB,Pirastro Wondertone – Sol – Medium – 4/4,Marque,Pirastro,1,1,Modèle,Wondertone,1,1,Instrument,Violon,1,1,Corde,Sol,1,1,Taille,4/4,1,1,Tension,Medium,1,1,Attache,,0,1,Âme,,0,1,Filage,,0,1,Type produit,,0,1,Type pack,,0,1,Profil sonore,chaud,1,1,Complexité,complexe,1,1,Puissance,modéré,1,1,Réponse,rapide,1,1,Usage,soliste,1,1,Positionnement,intermédiaire,1,1,Durabilité,moyenne,1,1,Stabilité,bonne,1,1,Temps de rodage,court,1,1
5199,CDM-BAA20A,Pirastro Wondertone 26 acier argenté – Mi – boucle – Medium – 4/4,Marque,Pirastro,1,1,Modèle,Wondertone,1,1,Instrument,Violon,1,1,Corde,Mi,1,1,Taille,4/4,1,1,Tension,Medium,1,1,Attache,Boucle,1,1,Âme,acier,1,1,Filage,,0,1,Type produit,,0,1,Type pack,,0,1,Profil sonore,chaud,1,1,Complexité,complexe,1,1,Puissance,modéré,1,1,Réponse,rapide,1,1,Usage,soliste,1,1,Positionnement,intermédiaire,1,1,Durabilité,moyenne,1,1,Stabilité,bonne,1,1,Temps de rodage,court,1,1
5201,CDM-88EE63,Pirastro Wondertone 26 acier argenté – Mi – boule – Medium – 4/4,Marque,Pirastro,1,1,Modèle,Wondertone,1,1,Instrument,Violon,1,1,Corde,Mi,1,1,Taille,4/4,1,1,Tension,Medium,1,1,Attache,Boule,1,1,Âme,acier,1,1,Filage,,0,1,Type produit,,0,1,Type pack,,0,1,Profil sonore,chaud,1,1,Complexité,complexe,1,1,Puissance,modéré,1,1,Réponse,rapide,1,1,Usage,soliste,1,1,Positionnement,intermédiaire,1,1,Durabilité,moyenne,1,1,Stabilité,bonne,1,1,Temps de rodage,court,1,1
5203,CDM-2E7DF8,Pirastro Wondertone 26 acier supérieur – Mi – boucle – Medium – 4/4,Marque,Pirastro,1,1,Modèle,Wondertone,1,1,Instrument,Violon,1,1,Corde,Mi,1,1,Taille,4/4,1,1,Tension,Medium,1,1,Attache,Boucle,1,1,Âme,acier,1,1,Filage,,0,1,Type produit,,0,1,Type pack,,0,1,Profil sonore,chaud,1,1,Complexité,complexe,1,1,Puissance,modéré,1,1,Réponse,rapide,1,1,Usage,soliste,1,1,Positionnement,intermédiaire,1,1,Durabilité,moyenne,1,1,Stabilité,bonne,1,1,Temps de rodage,court,1,1
5205,CDM-8CDA6E,Pirastro Wondertone 26 acier supérieur – Mi – boule – Medium – 4/4,Marque,Pirastro,1,1,Modèle,Wondertone,1,1,Instrument,Violon,1,1,Corde,Mi,1,1,Taille,4/4,1,1,Tension,Medium,1,1,Attache,Boule,1,1,Âme,acier,1,1,Filage,,0,1,Type produit,,0,1,Type pack,,0,1,Profil sonore,chaud,1,1,Complexité,complexe,1,1,Puissance,modéré,1,1,Réponse,rapide,1,1,Usage,soliste,1,1,Positionnement,intermédiaire,1,1,Durabilité,moyenne,1,1,Stabilité,bonne,1,1,Temps de rodage,court,1,1
5207,CDM-435C58,Thomastik Dominant – Re – Medium – aluminium,Marque,Thomastik,1,1,Modèle,Dominant,1,1,Instrument,Violon,1,1,Corde,Ré,1,1,Taille,"1/16, 1/2, 1/4, 1/8, 3/4, 4/4",1,1,Tension,Medium,1,1,Attache,,0,1,Âme,,0,1,Filage,aluminium,1,1,Type produit,,0,1,Type pack,,0,1,Profil sonore,équilibré,1,1,Complexité,équilibré,1,1,Puissance,puissant,1,1,Réponse,rapide,1,1,Usage,orchestre,1,1,Positionnement,intermédiaire,1,1,Durabilité,moyenne,1,1,Stabilité,bonne,1,1,Temps de rodage,moyen,1,1
5208,CDM-AA9EF0,Thomastik Dominant – Sol – Medium,Marque,Thomastik,1,1,Modèle,Dominant,1,1,Instrument,Violon,1,1,Corde,Sol,1,1,Taille,"1/16, 1/2, 1/4, 1/8, 3/4, 4/4",1,1,Tension,Medium,1,1,Attache,,0,1,Âme,,0,1,Filage,,0,1,Type produit,,0,1,Type pack,,0,1,Profil sonore,équilibré,1,1,Complexité,équilibré,1,1,Puissance,puissant,1,1,Réponse,rapide,1,1,Usage,orchestre,1,1,Positionnement,intermédiaire,1,1,Durabilité,moyenne,1,1,Stabilité,bonne,1,1,Temps de rodage,moyen,1,1
5210,CDM-ECAEF7,Pirastro Wondertone acier/aluminium – La – Medium – 4/4,Marque,Pirastro,1,1,Modèle,Wondertone,1,1,Instrument,Violon,1,1,Corde,La,1,1,Taille,4/4,1,1,Tension,Medium,1,1,Attache,,0,1,Âme,acier,1,1,Filage,aluminium,1,1,Type produit,,0,1,Type pack,,0,1,Profil sonore,chaud,1,1,Complexité,complexe,1,1,Puissance,modéré,1,1,Réponse,rapide,1,1,Usage,soliste,1,1,Positionnement,intermédiaire,1,1,Durabilité,moyenne,1,1,Stabilité,bonne,1,1,Temps de rodage,court,1,1
5212,CDM-478564,Pirastro Wondertone synthétique/aluminium– La – Medium – 4/4,Marque,Pirastro,1,1,Modèle,Wondertone,1,1,Instrument,Violon,1,1,Corde,La,1,1,Taille,4/4,1,1,Tension,Medium,1,1,Attache,,0,1,Âme,,0,1,Filage,aluminium,1,1,Type produit,,0,1,Type pack,,0,1,Profil sonore,chaud,1,1,Complexité,complexe,1,1,Puissance,modéré,1,1,Réponse,rapide,1,1,Usage,soliste,1,1,Positionnement,intermédiaire,1,1,Durabilité,moyenne,1,1,Stabilité,bonne,1,1,Temps de rodage,court,1,1
5214,CDM-A609AF,Pirastro nº1 – Mi – boule – Heavy – 4/4,Marque,Pirastro,1,1,Modèle,nº1,1,1,Instrument,Violon,1,1,Corde,Mi,1,1,Taille,4/4,1,1,Tension,Heavy,1,1,Attache,Boule,1,1,Âme,,0,1,Filage,,0,1,Type produit,,0,1,Type pack,,0,1,Profil sonore,brillant,1,1,Complexité,pur,1,1,Puissance,modéré,1,1,Réponse,rapide,1,1,Usage,orchestre,1,1,Positionnement,entrée,1,1,Durabilité,élevée,1,1,Stabilité,excellente,1,1,Temps de rodage,court,1,1
5216,CDM-04E068,Pirastro nº1 – Mi – boucle – Medium – 4/4,Marque,Pirastro,1,1,Modèle,nº1,1,1,Instrument,Violon,1,1,Corde,Mi,1,1,Taille,4/4,1,1,Tension,Medium,1,1,Attache,Boucle,1,1,Âme,,0,1,Filage,,0,1,Type produit,,0,1,Type pack,,0,1,Profil sonore,brillant,1,1,Complexité,pur,1,1,Puissance,modéré,1,1,Réponse,rapide,1,1,Usage,orchestre,1,1,Positionnement,entrée,1,1,Durabilité,élevée,1,1,Stabilité,excellente,1,1,Temps de rodage,court,1,1
5218,CDM-9539E8,Pirastro nº1 – Mi – boule – Medium – 4/4,Marque,Pirastro,1,1,Modèle,nº1,1,1,Instrument,Violon,1,1,Corde,Mi,1,1,Taille,4/4,1,1,Tension,Medium,1,1,Attache,Boule,1,1,Âme,,0,1,Filage,,0,1,Type produit,,0,1,Type pack,,0,1,Profil sonore,brillant,1,1,Complexité,pur,1,1,Puissance,modéré,1,1,Réponse,rapide,1,1,Usage,orchestre,1,1,Positionnement,entrée,1,1,Durabilité,élevée,1,1,Stabilité,excellente,1,1,Temps de rodage,court,1,1
5220,CDM-D02896,Thomastik Dominant – La – Heavy – 4/4,Marque,Thomastik,1,1,Modèle,Dominant,1,1,Instrument,Violon,1,1,Corde,La,1,1,Taille,4/4,1,1,Tension,Heavy,1,1,Attache,,0,1,Âme,,0,1,Filage,,0,1,Type produit,,0,1,Type pack,,0,1,Profil sonore,équilibré,1,1,Complexité,équilibré,1,1,Puissance,puissant,1,1,Réponse,rapide,1,1,Usage,orchestre,1,1,Positionnement,intermédiaire,1,1,Durabilité,moyenne,1,1,Stabilité,bonne,1,1,Temps de rodage,moyen,1,1
5222,CDM-03AA95,Thomastik Dominant – La – Light – 4/4,Marque,Thomastik,1,1,Modèle,Dominant,1,1,Instrument,Violon,1,1,Corde,La,1,1,Taille,4/4,1,1,Tension,Light,1,1,Attache,,0,1,Âme,,0,1,Filage,,0,1,Type produit,,0,1,Type pack,,0,1,Profil sonore,équilibré,1,1,Complexité,équilibré,1,1,Puissance,puissant,1,1,Réponse,rapide,1,1,Usage,orchestre,1,1,Positionnement,intermédiaire,1,1,Durabilité,moyenne,1,1,Stabilité,bonne,1,1,Temps de rodage,moyen,1,1
5231,CDM-81A970,Thomastik Dominant – Re – Medium – argent – 4/4,Marque,Thomastik,1,1,Modèle,Dominant,1,1,Instrument,Violon,1,1,Corde,Ré,1,1,Taille,4/4,1,1,Tension,Medium,1,1,Attache,,0,1,Âme,,0,1,Filage,argent,1,1,Type produit,,0,1,Type pack,,0,1,Profil sonore,équilibré,1,1,Complexité,équilibré,1,1,Puissance,puissant,1,1,Réponse,rapide,1,1,Usage,orchestre,1,1,Positionnement,intermédiaire,1,1,Durabilité,moyenne,1,1,Stabilité,bonne,1,1,Temps de rodage,moyen,1,1
5233,CDM-7BB597,Thomastik Dominant – Re – Heavy – argent – 4/4,Marque,Thomastik,1,1,Modèle,Dominant,1,1,Instrument,Violon,1,1,Corde,Ré,1,1,Taille,4/4,1,1,Tension,Heavy,1,1,Attache,,0,1,Âme,,0,1,Filage,argent,1,1,Type produit,,0,1,Type pack,,0,1,Profil sonore,équilibré,1,1,Complexité,équilibré,1,1,Puissance,puissant,1,1,Réponse,rapide,1,1,Usage,orchestre,1,1,Positionnement,intermédiaire,1,1,Durabilité,moyenne,1,1,Stabilité,bonne,1,1,Temps de rodage,moyen,1,1
5235,CDM-B5A30C,Thomastik Dominant – Re – Light – argent – 4/4,Marque,Thomastik,1,1,Modèle,Dominant,1,1,Instrument,Violon,1,1,Corde,Ré,1,1,Taille,4/4,1,1,Tension,Light,1,1,Attache,,0,1,Âme,,0,1,Filage,argent,1,1,Type produit,,0,1,Type pack,,0,1,Profil sonore,équilibré,1,1,Complexité,équilibré,1,1,Puissance,puissant,1,1,Réponse,rapide,1,1,Usage,orchestre,1,1,Positionnement,intermédiaire,1,1,Durabilité,moyenne,1,1,Stabilité,bonne,1,1,Temps de rodage,moyen,1,1
5237,CDM-0FC4C2,Thomastik Dominant – Re – Heavy – 4/4,Marque,Thomastik,1,1,Modèle,Dominant,1,1,Instrument,Violon,1,1,Corde,Ré,1,1,Taille,4/4,1,1,Tension,Heavy,1,1,Attache,,0,1,Âme,,0,1,Filage,,0,1,Type produit,,0,1,Type pack,,0,1,Profil sonore,équilibré,1,1,Complexité,équilibré,1,1,Puissance,puissant,1,1,Réponse,rapide,1,1,Usage,orchestre,1,1,Positionnement,intermédiaire,1,1,Durabilité,moyenne,1,1,Stabilité,bonne,1,1,Temps de rodage,moyen,1,1
5239,CDM-94B46D,Thomastik Dominant – Re – Light – 4/4,Marque,Thomastik,1,1,Modèle,Dominant,1,1,Instrument,Violon,1,1,Corde,Ré,1,1,Taille,4/4,1,1,Tension,Light,1,1,Attache,,0,1,Âme,,0,1,Filage,,0,1,Type produit,,0,1,Type pack,,0,1,Profil sonore,équilibré,1,1,Complexité,équilibré,1,1,Puissance,puissant,1,1,Réponse,rapide,1,1,Usage,orchestre,1,1,Positionnement,intermédiaire,1,1,Durabilité,moyenne,1,1,Stabilité,bonne,1,1,Temps de rodage,moyen,1,1
5248,CDM-344FE5,Thomastik Dominant – Sol – Heavy – 4/4,Marque,Thomastik,1,1,Modèle,Dominant,1,1,Instrument,Violon,1,1,Corde,Sol,1,1,Taille,4/4,1,1,Tension,Heavy,1,1,Attache,,0,1,Âme,,0,1,Filage,,0,1,Type produit,,0,1,Type pack,,0,1,Profil sonore,équilibré,1,1,Complexité,équilibré,1,1,Puissance,puissant,1,1,Réponse,rapide,1,1,Usage,orchestre,1,1,Positionnement,intermédiaire,1,1,Durabilité,moyenne,1,1,Stabilité,bonne,1,1,Temps de rodage,moyen,1,1
5250,CDM-0F3C78,Thomastik Dominant – Sol – Light – 4/4,Marque,Thomastik,1,1,Modèle,Dominant,1,1,Instrument,Violon,1,1,Corde,Sol,1,1,Taille,4/4,1,1,Tension,Light,1,1,Attache,,0,1,Âme,,0,1,Filage,,0,1,Type produit,,0,1,Type pack,,0,1,Profil sonore,équilibré,1,1,Complexité,équilibré,1,1,Puissance,puissant,1,1,Réponse,rapide,1,1,Usage,orchestre,1,1,Positionnement,intermédiaire,1,1,Durabilité,moyenne,1,1,Stabilité,bonne,1,1,Temps de rodage,moyen,1,1
5252,CDM-B398DC,Thomastik Dominant Pro – - – Mi – or – 4/4,Marque,Thomastik,1,1,Modèle,Dominant Pro,1,1,Instrument,Violon,1,1,Corde,Mi,1,1,Taille,4/4,1,1,Tension,,0,1,Attache,,0,1,Âme,acier,1,1,Filage,or,1,1,Type produit,,0,1,Type pack,,0,1,Profil sonore,brillant,1,1,Complexité,équilibré,1,1,Puissance,puissant,1,1,Réponse,rapide,1,1,Usage,soliste,1,1,Positionnement,premium,1,1,Durabilité,moyenne,1,1,Stabilité,bonne,1,1,Temps de rodage,moyen,1,1
5254,CDM-3F7874,Thomastik Dominant Pro – - – Mi – platine – 4/4,Marque,Thomastik,1,1,Modèle,Dominant Pro,1,1,Instrument,Violon,1,1,Corde,Mi,1,1,Taille,4/4,1,1,Tension,,0,1,Attache,,0,1,Âme,acier,1,1,Filage,platine,1,1,Type produit,,0,1,Type pack,,0,1,Profil sonore,brillant,1,1,Complexité,équilibré,1,1,Puissance,puissant,1,1,Réponse,rapide,1,1,Usage,soliste,1,1,Positionnement,premium,1,1,Durabilité,moyenne,1,1,Stabilité,bonne,1,1,Temps de rodage,moyen,1,1
5255,CDM-873CA0,Thomastik Dynamo – La – Medium,Marque,Thomastik,1,1,Modèle,Dynamo,1,1,Instrument,Violon,1,1,Corde,La,1,1,Taille,"1/2, 3/4, 4/4",1,1,Tension,Medium,1,1,Attache,,0,1,Âme,,0,1,Filage,,0,1,Type produit,,0,1,Type pack,,0,1,Profil sonore,équilibré,1,1,Complexité,équilibré,1,1,Puissance,puissant,1,1,Réponse,rapide,1,1,Usage,soliste,1,1,Positionnement,premium,1,1,Durabilité,moyenne,1,1,Stabilité,bonne,1,1,Temps de rodage,moyen,1,1
5256,CDM-BEF902,Thomastik Dynamo – Re – Medium – argent,Marque,Thomastik,1,1,Modèle,Dynamo,1,1,Instrument,Violon,1,1,Corde,Ré,1,1,Taille,"3/4, 4/4",1,1,Tension,Medium,1,1,Attache,,0,1,Âme,,0,1,Filage,argent,1,1,Type produit,,0,1,Type pack,,0,1,Profil sonore,équilibré,1,1,Complexité,équilibré,1,1,Puissance,puissant,1,1,Réponse,rapide,1,1,Usage,soliste,1,1,Positionnement,premium,1,1,Durabilité,moyenne,1,1,Stabilité,bonne,1,1,Temps de rodage,moyen,1,1
5258,CDM-02A6D4,Thomastik Dominant Pro – La – aluminium – 4/4,Marque,Thomastik,1,1,Modèle,Dominant Pro,1,1,Instrument,Violon,1,1,Corde,La,1,1,Taille,4/4,1,1,Tension,,0,1,Attache,,0,1,Âme,,0,1,Filage,aluminium,1,1,Type produit,,0,1,Type pack,,0,1,Profil sonore,brillant,1,1,Complexité,équilibré,1,1,Puissance,puissant,1,1,Réponse,rapide,1,1,Usage,soliste,1,1,Positionnement,premium,1,1,Durabilité,moyenne,1,1,Stabilité,bonne,1,1,Temps de rodage,moyen,1,1
5260,CDM-DFFB92,Thomastik Dominant Pro – La – acier inox – 4/4,Marque,Thomastik,1,1,Modèle,Dominant Pro,1,1,Instrument,Violon,1,1,Corde,La,1,1,Taille,4/4,1,1,Tension,,0,1,Attache,,0,1,Âme,,0,1,Filage,acier inox,1,1,Type produit,,0,1,Type pack,,0,1,Profil sonore,brillant,1,1,Complexité,équilibré,1,1,Puissance,puissant,1,1,Réponse,rapide,1,1,Usage,soliste,1,1,Positionnement,premium,1,1,Durabilité,moyenne,1,1,Stabilité,bonne,1,1,Temps de rodage,moyen,1,1
5262,CDM-96D69A,Thomastik Dominant Pro – Re – aluminium – 4/4,Marque,Thomastik,1,1,Modèle,Dominant Pro,1,1,Instrument,Violon,1,1,Corde,Ré,1,1,Taille,4/4,1,1,Tension,,0,1,Attache,,0,1,Âme,,0,1,Filage,aluminium,1,1,Type produit,,0,1,Type pack,,0,1,Profil sonore,brillant,1,1,Complexité,équilibré,1,1,Puissance,puissant,1,1,Réponse,rapide,1,1,Usage,soliste,1,1,Positionnement,premium,1,1,Durabilité,moyenne,1,1,Stabilité,bonne,1,1,Temps de rodage,moyen,1,1
5264,CDM-9AD1E5,Thomastik Dominant Pro – Re – argent – 4/4,Marque,Thomastik,1,1,Modèle,Dominant Pro,1,1,Instrument,Violon,1,1,Corde,Ré,1,1,Taille,4/4,1,1,Tension,,0,1,Attache,,0,1,Âme,,0,1,Filage,argent,1,1,Type produit,,0,1,Type pack,,0,1,Profil sonore,brillant,1,1,Complexité,équilibré,1,1,Puissance,puissant,1,1,Réponse,rapide,1,1,Usage,soliste,1,1,Positionnement,premium,1,1,Durabilité,moyenne,1,1,Stabilité,bonne,1,1,Temps de rodage,moyen,1,1
5266,CDM-1D6771,Thomastik Dominant Pro – Sol – 4/4,Marque,Thomastik,1,1,Modèle,Dominant Pro,1,1,Instrument,Violon,1,1,Corde,Sol,1,1,Taille,4/4,1,1,Tension,,0,1,Attache,,0,1,Âme,,0,1,Filage,,0,1,Type produit,,0,1,Type pack,,0,1,Profil sonore,brillant,1,1,Complexité,équilibré,1,1,Puissance,puissant,1,1,Réponse,rapide,1,1,Usage,soliste,1,1,Positionnement,premium,1,1,Durabilité,moyenne,1,1,Stabilité,bonne,1,1,Temps de rodage,moyen,1,1
5268,CDM-04B490,Thomastik Dominant Pro – -estaño – Mi – 4/4,Marque,Thomastik,1,1,Modèle,Dominant Pro,1,1,Instrument,Violon,1,1,Corde,Mi,1,1,Taille,4/4,1,1,Tension,,0,1,Attache,,0,1,Âme,acier,1,1,Filage,,0,1,Type produit,,0,1,Type pack,,0,1,Profil sonore,brillant,1,1,Complexité,équilibré,1,1,Puissance,puissant,1,1,Réponse,rapide,1,1,Usage,soliste,1,1,Positionnement,premium,1,1,Durabilité,moyenne,1,1,Stabilité,bonne,1,1,Temps de rodage,moyen,1,1
5270,CDM-7A34F2,Thomastik Dominant Pro – -estaño – Mi – 4/4,Marque,Thomastik,1,1,Modèle,Dominant Pro,1,1,Instrument,Violon,1,1,Corde,Mi,1,1,Taille,4/4,1,1,Tension,,0,1,Attache,,0,1,Âme,acier,1,1,Filage,,0,1,Type produit,,0,1,Type pack,,0,1,Profil sonore,brillant,1,1,Complexité,équilibré,1,1,Puissance,puissant,1,1,Réponse,rapide,1,1,Usage,soliste,1,1,Positionnement,premium,1,1,Durabilité,moyenne,1,1,Stabilité,bonne,1,1,Temps de rodage,moyen,1,1
5279,CDM-BCB66B,Thomastik Dynamo Solo acier étain – Mi – Boule amovible – Medium – 4/4,Marque,Thomastik,1,1,Modèle,Dynamo Solo,1,1,Instrument,Violon,1,1,Corde,Mi,1,1,Taille,4/4,1,1,Tension,Medium,1,1,Attache,Boule amovible,1,1,Âme,,0,1,Filage,,0,1,Type produit,,0,1,Type pack,,0,1,Profil sonore,équilibré,1,1,Complexité,équilibré,1,1,Puissance,puissant,1,1,Réponse,rapide,1,1,Usage,soliste,1,1,Positionnement,premium,1,1,Durabilité,moyenne,1,1,Stabilité,bonne,1,1,Temps de rodage,moyen,1,1
5281,CDM-E379AE,Thomastik Infeld bleu – Mi – Medium – 4/4,Marque,Thomastik,1,1,Modèle,Infeld bleu,1,1,Instrument,Violon,1,1,Corde,Mi,1,1,Taille,4/4,1,1,Tension,Medium,1,1,Attache,,0,1,Âme,,0,1,Filage,,0,1,Type produit,,0,1,Type pack,,0,1,Profil sonore,brillant,1,1,Complexité,équilibré,1,1,Puissance,modéré,1,1,Réponse,rapide,1,1,Usage,soliste,1,1,Positionnement,intermédiaire,1,1,Durabilité,moyenne,1,1,Stabilité,bonne,1,1,Temps de rodage,moyen,1,1
5283,CDM-4FD56C,Thomastik Infeld bleu – La – Medium – 4/4,Marque,Thomastik,1,1,Modèle,Infeld bleu,1,1,Instrument,Violon,1,1,Corde,La,1,1,Taille,4/4,1,1,Tension,Medium,1,1,Attache,,0,1,Âme,,0,1,Filage,,0,1,Type produit,,0,1,Type pack,,0,1,Profil sonore,brillant,1,1,Complexité,équilibré,1,1,Puissance,modéré,1,1,Réponse,rapide,1,1,Usage,soliste,1,1,Positionnement,intermédiaire,1,1,Durabilité,moyenne,1,1,Stabilité,bonne,1,1,Temps de rodage,moyen,1,1
5285,CDM-F69082,Thomastik Infeld bleu – Re – Medium – 4/4,Marque,Thomastik,1,1,Modèle,Infeld bleu,1,1,Instrument,Violon,1,1,Corde,Ré,1,1,Taille,4/4,1,1,Tension,Medium,1,1,Attache,,0,1,Âme,,0,1,Filage,,0,1,Type produit,,0,1,Type pack,,0,1,Profil sonore,brillant,1,1,Complexité,équilibré,1,1,Puissance,modéré,1,1,Réponse,rapide,1,1,Usage,soliste,1,1,Positionnement,intermédiaire,1,1,Durabilité,moyenne,1,1,Stabilité,bonne,1,1,Temps de rodage,moyen,1,1
5287,CDM-AEDC07,Thomastik Infeld bleu – Sol – Medium – 4/4,Marque,Thomastik,1,1,Modèle,Infeld bleu,1,1,Instrument,Violon,1,1,Corde,Sol,1,1,Taille,4/4,1,1,Tension,Medium,1,1,Attache,,0,1,Âme,,0,1,Filage,,0,1,Type produit,,0,1,Type pack,,0,1,Profil sonore,brillant,1,1,Complexité,équilibré,1,1,Puissance,modéré,1,1,Réponse,rapide,1,1,Usage,soliste,1,1,Positionnement,intermédiaire,1,1,Durabilité,moyenne,1,1,Stabilité,bonne,1,1,Temps de rodage,moyen,1,1
5289,CDM-8426B5,Thomastik Infeld rouge – Mi – Boule – 4/4,Marque,Thomastik,1,1,Modèle,Infeld rouge,1,1,Instrument,Violon,1,1,Corde,Mi,1,1,Taille,4/4,1,1,Tension,,0,1,Attache,Boule,1,1,Âme,,0,1,Filage,,0,1,Type produit,,0,1,Type pack,,0,1,Profil sonore,chaud,1,1,Complexité,équilibré,1,1,Puissance,modéré,1,1,Réponse,rapide,1,1,Usage,soliste,1,1,Positionnement,intermédiaire,1,1,Durabilité,moyenne,1,1,Stabilité,bonne,1,1,Temps de rodage,moyen,1,1
5291,CDM-75D9F8,Thomastik Infeld rouge – La – 4/4,Marque,Thomastik,1,1,Modèle,Infeld rouge,1,1,Instrument,Violon,1,1,Corde,La,1,1,Taille,4/4,1,1,Tension,,0,1,Attache,,0,1,Âme,,0,1,Filage,,0,1,Type produit,,0,1,Type pack,,0,1,Profil sonore,chaud,1,1,Complexité,équilibré,1,1,Puissance,modéré,1,1,Réponse,rapide,1,1,Usage,soliste,1,1,Positionnement,intermédiaire,1,1,Durabilité,moyenne,1,1,Stabilité,bonne,1,1,Temps de rodage,moyen,1,1
5293,CDM-D820A9,Thomastik Infeld rouge – Re – 4/4,Marque,Thomastik,1,1,Modèle,Infeld rouge,1,1,Instrument,Violon,1,1,Corde,Ré,1,1,Taille,4/4,1,1,Tension,,0,1,Attache,,0,1,Âme,,0,1,Filage,,0,1,Type produit,,0,1,Type pack,,0,1,Profil sonore,chaud,1,1,Complexité,équilibré,1,1,Puissance,modéré,1,1,Réponse,rapide,1,1,Usage,soliste,1,1,Positionnement,intermédiaire,1,1,Durabilité,moyenne,1,1,Stabilité,bonne,1,1,Temps de rodage,moyen,1,1
5295,CDM-4A9770,Thomastik Infeld rouge – Sol – 4/4,Marque,Thomastik,1,1,Modèle,Infeld rouge,1,1,Instrument,Violon,1,1,Corde,Sol,1,1,Taille,4/4,1,1,Tension,,0,1,Attache,,0,1,Âme,,0,1,Filage,,0,1,Type produit,,0,1,Type pack,,0,1,Profil sonore,chaud,1,1,Complexité,équilibré,1,1,Puissance,modéré,1,1,Réponse,rapide,1,1,Usage,soliste,1,1,Positionnement,intermédiaire,1,1,Durabilité,moyenne,1,1,Stabilité,bonne,1,1,Temps de rodage,moyen,1,1
5297,CDM-5DDF1D,Thomastik Peter Infeld – estaño – Mi – 4/4,Marque,Thomastik,1,1,Modèle,Peter Infeld,1,1,Instrument,Violon,1,1,Corde,Mi,1,1,Taille,4/4,1,1,Tension,,0,1,Attache,,0,1,Âme,,0,1,Filage,,0,1,Type produit,,0,1,Type pack,,0,1,Profil sonore,équilibré,1,1,Complexité,complexe,1,1,Puissance,puissant,1,1,Réponse,rapide,1,1,Usage,soliste,1,1,Positionnement,premium,1,1,Durabilité,moyenne,1,1,Stabilité,bonne,1,1,Temps de rodage,moyen,1,1
5299,CDM-315275,Thomastik Peter Infeld – Mi – or – 4/4,Marque,Thomastik,1,1,Modèle,Peter Infeld,1,1,Instrument,Violon,1,1,Corde,Mi,1,1,Taille,4/4,1,1,Tension,,0,1,Attache,,0,1,Âme,,0,1,Filage,or,1,1,Type produit,,0,1,Type pack,,0,1,Profil sonore,équilibré,1,1,Complexité,complexe,1,1,Puissance,puissant,1,1,Réponse,rapide,1,1,Usage,soliste,1,1,Positionnement,premium,1,1,Durabilité,moyenne,1,1,Stabilité,bonne,1,1,Temps de rodage,moyen,1,1
5301,CDM-F5F947,Thomastik Peter Infeld – Mi – platine – 4/4,Marque,Thomastik,1,1,Modèle,Peter Infeld,1,1,Instrument,Violon,1,1,Corde,Mi,1,1,Taille,4/4,1,1,Tension,,0,1,Attache,,0,1,Âme,,0,1,Filage,platine,1,1,Type produit,,0,1,Type pack,,0,1,Profil sonore,équilibré,1,1,Complexité,complexe,1,1,Puissance,puissant,1,1,Réponse,rapide,1,1,Usage,soliste,1,1,Positionnement,premium,1,1,Durabilité,moyenne,1,1,Stabilité,bonne,1,1,Temps de rodage,moyen,1,1
5303,CDM-DD3A4B,Thomastik Peter Infeld – La – 4/4,Marque,Thomastik,1,1,Modèle,Peter Infeld,1,1,Instrument,Violon,1,1,Corde,La,1,1,Taille,4/4,1,1,Tension,,0,1,Attache,,0,1,Âme,,0,1,Filage,,0,1,Type produit,,0,1,Type pack,,0,1,Profil sonore,équilibré,1,1,Complexité,complexe,1,1,Puissance,puissant,1,1,Réponse,rapide,1,1,Usage,soliste,1,1,Positionnement,premium,1,1,Durabilité,moyenne,1,1,Stabilité,bonne,1,1,Temps de rodage,moyen,1,1
5305,CDM-5C8A14,Thomastik Peter Infeld – Re – aluminium – 4/4,Marque,Thomastik,1,1,Modèle,Peter Infeld,1,1,Instrument,Violon,1,1,Corde,Ré,1,1,Taille,4/4,1,1,Tension,,0,1,Attache,,0,1,Âme,,0,1,Filage,aluminium,1,1,Type produit,,0,1,Type pack,,0,1,Profil sonore,équilibré,1,1,Complexité,complexe,1,1,Puissance,puissant,1,1,Réponse,rapide,1,1,Usage,soliste,1,1,Positionnement,premium,1,1,Durabilité,moyenne,1,1,Stabilité,bonne,1,1,Temps de rodage,moyen,1,1
5307,CDM-6F57F8,Thomastik Peter Infeld – Re – argent – 4/4,Marque,Thomastik,1,1,Modèle,Peter Infeld,1,1,Instrument,Violon,1,1,Corde,Ré,1,1,Taille,4/4,1,1,Tension,,0,1,Attache,,0,1,Âme,,0,1,Filage,argent,1,1,Type produit,,0,1,Type pack,,0,1,Profil sonore,équilibré,1,1,Complexité,complexe,1,1,Puissance,puissant,1,1,Réponse,rapide,1,1,Usage,soliste,1,1,Positionnement,premium,1,1,Durabilité,moyenne,1,1,Stabilité,bonne,1,1,Temps de rodage,moyen,1,1
5309,CDM-F61208,Thomastik Peter Infeld – Sol – 4/4,Marque,Thomastik,1,1,Modèle,Peter Infeld,1,1,Instrument,Violon,1,1,Corde,Sol,1,1,Taille,4/4,1,1,Tension,,0,1,Attache,,0,1,Âme,,0,1,Filage,,0,1,Type produit,,0,1,Type pack,,0,1,Profil sonore,équilibré,1,1,Complexité,complexe,1,1,Puissance,puissant,1,1,Réponse,rapide,1,1,Usage,soliste,1,1,Positionnement,premium,1,1,Durabilité,moyenne,1,1,Stabilité,bonne,1,1,Temps de rodage,moyen,1,1
5310,CDM-730844,Thomastik Spirit! – Mi – Boule – Medium,Marque,Thomastik,1,1,Modèle,Spirit!,1,1,Instrument,Violon,1,1,Corde,Mi,1,1,Taille,"1/2, 1/4, 3/4, 4/4",1,1,Tension,Medium,1,1,Attache,Boule,1,1,Âme,,0,1,Filage,,0,1,Type produit,,0,1,Type pack,,0,1,Profil sonore,équilibré,1,1,Complexité,équilibré,1,1,Puissance,modéré,1,1,Réponse,rapide,1,1,Usage,étudiant,1,1,Positionnement,entrée,1,1,Durabilité,moyenne,1,1,Stabilité,bonne,1,1,Temps de rodage,court,1,1
5311,CDM-A491A2,Thomastik Spirit! – La – Medium,Marque,Thomastik,1,1,Modèle,Spirit!,1,1,Instrument,Violon,1,1,Corde,La,1,1,Taille,"1/2, 1/4, 3/4, 4/4",1,1,Tension,Medium,1,1,Attache,,0,1,Âme,,0,1,Filage,,0,1,Type produit,,0,1,Type pack,,0,1,Profil sonore,équilibré,1,1,Complexité,équilibré,1,1,Puissance,modéré,1,1,Réponse,rapide,1,1,Usage,étudiant,1,1,Positionnement,entrée,1,1,Durabilité,moyenne,1,1,Stabilité,bonne,1,1,Temps de rodage,court,1,1
5312,CDM-81F72E,Thomastik Spirit! – Re – Medium,Marque,Thomastik,1,1,Modèle,Spirit!,1,1,Instrument,Violon,1,1,Corde,Ré,1,1,Taille,"1/2, 1/4, 3/4, 4/4",1,1,Tension,Medium,1,1,Attache,,0,1,Âme,,0,1,Filage,,0,1,Type produit,,0,1,Type pack,,0,1,Profil sonore,équilibré,1,1,Complexité,équilibré,1,1,Puissance,modéré,1,1,Réponse,rapide,1,1,Usage,étudiant,1,1,Positionnement,entrée,1,1,Durabilité,moyenne,1,1,Stabilité,bonne,1,1,Temps de rodage,court,1,1
5313,CDM-37AA44,Thomastik Spirit! – Sol – Medium,Marque,Thomastik,1,1,Modèle,Spirit!,1,1,Instrument,Violon,1,1,Corde,Sol,1,1,Taille,"1/2, 1/4, 3/4, 4/4",1,1,Tension,Medium,1,1,Attache,,0,1,Âme,,0,1,Filage,,0,1,Type produit,,0,1,Type pack,,0,1,Profil sonore,équilibré,1,1,Complexité,équilibré,1,1,Puissance,modéré,1,1,Réponse,rapide,1,1,Usage,étudiant,1,1,Positionnement,entrée,1,1,Durabilité,moyenne,1,1,Stabilité,bonne,1,1,Temps de rodage,court,1,1
5315,CDM-B3BE14,Thomastik Prazision – La – Medium – 4/4,Marque,Thomastik,1,1,Modèle,Prazision,1,1,Instrument,Violon,1,1,Corde,La,1,1,Taille,4/4,1,1,Tension,Medium,1,1,Attache,,0,1,Âme,,0,1,Filage,,0,1,Type produit,,0,1,Type pack,,0,1,Profil sonore,brillant,1,1,Complexité,pur,1,1,Puissance,modéré,1,1,Réponse,rapide,1,1,Usage,étudiant,1,1,Positionnement,entrée,1,1,Durabilité,élevée,1,1,Stabilité,excellente,1,1,Temps de rodage,court,1,1
5317,CDM-5D7182,Thomastik Prazision – Re – Medium – 4/4,Marque,Thomastik,1,1,Modèle,Prazision,1,1,Instrument,Violon,1,1,Corde,Ré,1,1,Taille,4/4,1,1,Tension,Medium,1,1,Attache,,0,1,Âme,,0,1,Filage,,0,1,Type produit,,0,1,Type pack,,0,1,Profil sonore,brillant,1,1,Complexité,pur,1,1,Puissance,modéré,1,1,Réponse,rapide,1,1,Usage,étudiant,1,1,Positionnement,entrée,1,1,Durabilité,élevée,1,1,Stabilité,excellente,1,1,Temps de rodage,court,1,1
5319,CDM-DBB3AE,Thomastik Prazision – Sol – Medium – 4/4,Marque,Thomastik,1,1,Modèle,Prazision,1,1,Instrument,Violon,1,1,Corde,Sol,1,1,Taille,4/4,1,1,Tension,Medium,1,1,Attache,,0,1,Âme,,0,1,Filage,,0,1,Type produit,,0,1,Type pack,,0,1,Profil sonore,brillant,1,1,Complexité,pur,1,1,Puissance,modéré,1,1,Réponse,rapide,1,1,Usage,étudiant,1,1,Positionnement,entrée,1,1,Durabilité,élevée,1,1,Stabilité,excellente,1,1,Temps de rodage,court,1,1
5321,CDM-0B4316,Thomastik Rondo – Mi – 4/4,Marque,Thomastik,1,1,Modèle,Rondo,1,1,Instrument,Violon,1,1,Corde,Mi,1,1,Taille,4/4,1,1,Tension,,0,1,Attache,,0,1,Âme,,0,1,Filage,,0,1,Type produit,,0,1,Type pack,,0,1,Profil sonore,chaud,1,1,Complexité,complexe,1,1,Puissance,puissant,1,1,Réponse,rapide,1,1,Usage,soliste,1,1,Positionnement,premium,1,1,Durabilité,moyenne,1,1,Stabilité,bonne,1,1,Temps de rodage,court,1,1
5323,CDM-CBF390,Thomastik Rondo – La – aluminium – 4/4,Marque,Thomastik,1,1,Modèle,Rondo,1,1,Instrument,Violon,1,1,Corde,La,1,1,Taille,4/4,1,1,Tension,,0,1,Attache,,0,1,Âme,,0,1,Filage,aluminium,1,1,Type produit,,0,1,Type pack,,0,1,Profil sonore,chaud,1,1,Complexité,complexe,1,1,Puissance,puissant,1,1,Réponse,rapide,1,1,Usage,soliste,1,1,Positionnement,premium,1,1,Durabilité,moyenne,1,1,Stabilité,bonne,1,1,Temps de rodage,court,1,1
5325,CDM-739DF3,Thomastik Rondo – La – acier inox – 4/4,Marque,Thomastik,1,1,Modèle,Rondo,1,1,Instrument,Violon,1,1,Corde,La,1,1,Taille,4/4,1,1,Tension,,0,1,Attache,,0,1,Âme,,0,1,Filage,acier inox,1,1,Type produit,,0,1,Type pack,,0,1,Profil sonore,chaud,1,1,Complexité,complexe,1,1,Puissance,puissant,1,1,Réponse,rapide,1,1,Usage,soliste,1,1,Positionnement,premium,1,1,Durabilité,moyenne,1,1,Stabilité,bonne,1,1,Temps de rodage,court,1,1
5327,CDM-46F17C,Thomastik Rondo – Re – 4/4,Marque,Thomastik,1,1,Modèle,Rondo,1,1,Instrument,Violon,1,1,Corde,Ré,1,1,Taille,4/4,1,1,Tension,,0,1,Attache,,0,1,Âme,,0,1,Filage,,0,1,Type produit,,0,1,Type pack,,0,1,Profil sonore,chaud,1,1,Complexité,complexe,1,1,Puissance,puissant,1,1,Réponse,rapide,1,1,Usage,soliste,1,1,Positionnement,premium,1,1,Durabilité,moyenne,1,1,Stabilité,bonne,1,1,Temps de rodage,court,1,1
5329,CDM-875B2A,Thomastik Rondo – Sol – 4/4,Marque,Thomastik,1,1,Modèle,Rondo,1,1,Instrument,Violon,1,1,Corde,Sol,1,1,Taille,4/4,1,1,Tension,,0,1,Attache,,0,1,Âme,,0,1,Filage,,0,1,Type produit,,0,1,Type pack,,0,1,Profil sonore,chaud,1,1,Complexité,complexe,1,1,Puissance,puissant,1,1,Réponse,rapide,1,1,Usage,soliste,1,1,Positionnement,premium,1,1,Durabilité,moyenne,1,1,Stabilité,bonne,1,1,Temps de rodage,court,1,1
5354,CDM-DF0CA4,Thomastik Spirocore – Sol – Medium – acier inox – 4/4,Marque,Thomastik,1,1,Modèle,Spirocore,1,1,Instrument,Violon,1,1,Corde,Sol,1,1,Taille,4/4,1,1,Tension,Medium,1,1,Attache,,0,1,Âme,,0,1,Filage,acier inox,1,1,Type produit,,0,1,Type pack,,0,1,Profil sonore,brillant,1,1,Complexité,complexe,1,1,Puissance,puissant,1,1,Réponse,rapide,1,1,Usage,soliste,1,1,Positionnement,intermédiaire,1,1,Durabilité,élevée,1,1,Stabilité,bonne,1,1,Temps de rodage,long,1,1
5356,CDM-C77BA1,Thomastik Spirocore – Mi – Boule – Medium – aluminium – 4/4,Marque,Thomastik,1,1,Modèle,Spirocore,1,1,Instrument,Violon,1,1,Corde,Mi,1,1,Taille,4/4,1,1,Tension,Medium,1,1,Attache,Boule,1,1,Âme,,0,1,Filage,aluminium,1,1,Type produit,,0,1,Type pack,,0,1,Profil sonore,brillant,1,1,Complexité,complexe,1,1,Puissance,puissant,1,1,Réponse,rapide,1,1,Usage,soliste,1,1,Positionnement,intermédiaire,1,1,Durabilité,élevée,1,1,Stabilité,bonne,1,1,Temps de rodage,long,1,1
5357,CDM-FB6ABC,Thomastik Superflexible – Re – Medium,Marque,Thomastik,1,1,Modèle,Superflexible,1,1,Instrument,Violon,1,1,Corde,Ré,1,1,Taille,"1/16, 4/4",1,1,Tension,Medium,1,1,Attache,,0,1,Âme,,0,1,Filage,,0,1,Type produit,,0,1,Type pack,,0,1,Profil sonore,brillant,1,1,Complexité,pur,1,1,Puissance,modéré,1,1,Réponse,rapide,1,1,Usage,orchestre,1,1,Positionnement,entrée,1,1,Durabilité,élevée,1,1,Stabilité,excellente,1,1,Temps de rodage,court,1,1
5358,CDM-A06E7B,Thomastik Vision – Mi – Boule amovible – Medium,Marque,Thomastik,1,1,Modèle,Vision,1,1,Instrument,Violon,1,1,Corde,Mi,1,1,Taille,"1/10, 1/16, 1/2, 1/4, 1/8, 3/4, 4/4",1,1,Tension,Medium,1,1,Attache,Boule amovible,1,1,Âme,,0,1,Filage,,0,1,Type produit,,0,1,Type pack,,0,1,Profil sonore,brillant,1,1,Complexité,équilibré,1,1,Puissance,modéré,1,1,Réponse,rapide,1,1,Usage,soliste,1,1,Positionnement,intermédiaire,1,1,Durabilité,moyenne,1,1,Stabilité,bonne,1,1,Temps de rodage,court,1,1
5360,CDM-1A86DD,Thomastik Spirocore – Mi – Boule – Medium – acier inox – 4/4,Marque,Thomastik,1,1,Modèle,Spirocore,1,1,Instrument,Violon,1,1,Corde,Mi,1,1,Taille,4/4,1,1,Tension,Medium,1,1,Attache,Boule,1,1,Âme,,0,1,Filage,acier inox,1,1,Type produit,,0,1,Type pack,,0,1,Profil sonore,brillant,1,1,Complexité,complexe,1,1,Puissance,puissant,1,1,Réponse,rapide,1,1,Usage,soliste,1,1,Positionnement,intermédiaire,1,1,Durabilité,élevée,1,1,Stabilité,bonne,1,1,Temps de rodage,long,1,1
5362,CDM-B730CB,Thomastik Spirocore – La – Medium – aluminium – 4/4,Marque,Thomastik,1,1,Modèle,Spirocore,1,1,Instrument,Violon,1,1,Corde,La,1,1,Taille,4/4,1,1,Tension,Medium,1,1,Attache,,0,1,Âme,,0,1,Filage,aluminium,1,1,Type produit,,0,1,Type pack,,0,1,Profil sonore,brillant,1,1,Complexité,complexe,1,1,Puissance,puissant,1,1,Réponse,rapide,1,1,Usage,soliste,1,1,Positionnement,intermédiaire,1,1,Durabilité,élevée,1,1,Stabilité,bonne,1,1,Temps de rodage,long,1,1
5364,CDM-B1AB55,Thomastik Spirocore – La – Medium – acier inox – 4/4,Marque,Thomastik,1,1,Modèle,Spirocore,1,1,Instrument,Violon,1,1,Corde,La,1,1,Taille,4/4,1,1,Tension,Medium,1,1,Attache,,0,1,Âme,,0,1,Filage,acier inox,1,1,Type produit,,0,1,Type pack,,0,1,Profil sonore,brillant,1,1,Complexité,complexe,1,1,Puissance,puissant,1,1,Réponse,rapide,1,1,Usage,soliste,1,1,Positionnement,intermédiaire,1,1,Durabilité,élevée,1,1,Stabilité,bonne,1,1,Temps de rodage,long,1,1
5366,CDM-E0176F,Thomastik Spirocore – Re – Medium – aluminium – 4/4,Marque,Thomastik,1,1,Modèle,Spirocore,1,1,Instrument,Violon,1,1,Corde,Ré,1,1,Taille,4/4,1,1,Tension,Medium,1,1,Attache,,0,1,Âme,,0,1,Filage,aluminium,1,1,Type produit,,0,1,Type pack,,0,1,Profil sonore,brillant,1,1,Complexité,complexe,1,1,Puissance,puissant,1,1,Réponse,rapide,1,1,Usage,soliste,1,1,Positionnement,intermédiaire,1,1,Durabilité,élevée,1,1,Stabilité,bonne,1,1,Temps de rodage,long,1,1
5368,CDM-B4D7A9,Thomastik Spirocore – Re – Heavy – acier inox – 4/4,Marque,Thomastik,1,1,Modèle,Spirocore,1,1,Instrument,Violon,1,1,Corde,Ré,1,1,Taille,4/4,1,1,Tension,Heavy,1,1,Attache,,0,1,Âme,,0,1,Filage,acier inox,1,1,Type produit,,0,1,Type pack,,0,1,Profil sonore,brillant,1,1,Complexité,complexe,1,1,Puissance,puissant,1,1,Réponse,rapide,1,1,Usage,soliste,1,1,Positionnement,intermédiaire,1,1,Durabilité,élevée,1,1,Stabilité,bonne,1,1,Temps de rodage,long,1,1
5370,CDM-2EF52D,Thomastik Spirocore – Re – Medium – acier inox – 4/4,Marque,Thomastik,1,1,Modèle,Spirocore,1,1,Instrument,Violon,1,1,Corde,Ré,1,1,Taille,4/4,1,1,Tension,Medium,1,1,Attache,,0,1,Âme,,0,1,Filage,acier inox,1,1,Type produit,,0,1,Type pack,,0,1,Profil sonore,brillant,1,1,Complexité,complexe,1,1,Puissance,puissant,1,1,Réponse,rapide,1,1,Usage,soliste,1,1,Positionnement,intermédiaire,1,1,Durabilité,élevée,1,1,Stabilité,bonne,1,1,Temps de rodage,long,1,1
5372,CDM-95597A,Thomastik Spirocore – Sol – Medium – argent – 4/4,Marque,Thomastik,1,1,Modèle,Spirocore,1,1,Instrument,Violon,1,1,Corde,Sol,1,1,Taille,4/4,1,1,Tension,Medium,1,1,Attache,,0,1,Âme,,0,1,Filage,argent,1,1,Type produit,,0,1,Type pack,,0,1,Profil sonore,brillant,1,1,Complexité,complexe,1,1,Puissance,puissant,1,1,Réponse,rapide,1,1,Usage,soliste,1,1,Positionnement,intermédiaire,1,1,Durabilité,élevée,1,1,Stabilité,bonne,1,1,Temps de rodage,long,1,1
5374,CDM-F3EA58,Thomastik Superflexible – Mi – Boule – Medium – 4/4,Marque,Thomastik,1,1,Modèle,Superflexible,1,1,Instrument,Violon,1,1,Corde,Mi,1,1,Taille,4/4,1,1,Tension,Medium,1,1,Attache,Boule,1,1,Âme,,0,1,Filage,,0,1,Type produit,,0,1,Type pack,,0,1,Profil sonore,brillant,1,1,Complexité,pur,1,1,Puissance,modéré,1,1,Réponse,rapide,1,1,Usage,orchestre,1,1,Positionnement,entrée,1,1,Durabilité,élevée,1,1,Stabilité,excellente,1,1,Temps de rodage,court,1,1
5376,CDM-72143E,Thomastik Superflexible – La – Medium – 4/4,Marque,Thomastik,1,1,Modèle,Superflexible,1,1,Instrument,Violon,1,1,Corde,La,1,1,Taille,4/4,1,1,Tension,Medium,1,1,Attache,,0,1,Âme,,0,1,Filage,,0,1,Type produit,,0,1,Type pack,,0,1,Profil sonore,brillant,1,1,Complexité,pur,1,1,Puissance,modéré,1,1,Réponse,rapide,1,1,Usage,orchestre,1,1,Positionnement,entrée,1,1,Durabilité,élevée,1,1,Stabilité,excellente,1,1,Temps de rodage,court,1,1
5381,CDM-888B81,Thomastik Superflexible – Sol – Medium – 4/4,Marque,Thomastik,1,1,Modèle,Superflexible,1,1,Instrument,Violon,1,1,Corde,Sol,1,1,Taille,4/4,1,1,Tension,Medium,1,1,Attache,,0,1,Âme,,0,1,Filage,,0,1,Type produit,,0,1,Type pack,,0,1,Profil sonore,brillant,1,1,Complexité,pur,1,1,Puissance,modéré,1,1,Réponse,rapide,1,1,Usage,orchestre,1,1,Positionnement,entrée,1,1,Durabilité,élevée,1,1,Stabilité,excellente,1,1,Temps de rodage,court,1,1
5383,CDM-73ADF8,Thomastik Ti – Mi – Medium – 4/4,Marque,Thomastik,1,1,Modèle,Ti,1,1,Instrument,Violon,1,1,Corde,Mi,1,1,Taille,4/4,1,1,Tension,Medium,1,1,Attache,,0,1,Âme,,0,1,Filage,,0,1,Type produit,,0,1,Type pack,,0,1,Profil sonore,brillant,1,1,Complexité,complexe,1,1,Puissance,puissant,1,1,Réponse,rapide,1,1,Usage,soliste,1,1,Positionnement,premium,1,1,Durabilité,moyenne,1,1,Stabilité,bonne,1,1,Temps de rodage,court,1,1
5385,CDM-14EB31,Thomastik Ti – La – Medium,Marque,Thomastik,1,1,Modèle,Ti,1,1,Instrument,Violon,1,1,Corde,La,1,1,Taille,,0,1,Tension,Medium,1,1,Attache,,0,1,Âme,,0,1,Filage,,0,1,Type produit,,0,1,Type pack,,0,1,Profil sonore,brillant,1,1,Complexité,complexe,1,1,Puissance,puissant,1,1,Réponse,rapide,1,1,Usage,soliste,1,1,Positionnement,premium,1,1,Durabilité,moyenne,1,1,Stabilité,bonne,1,1,Temps de rodage,court,1,1
5387,CDM-DDCF97,Thomastik Ti – Re – Medium – aluminium,Marque,Thomastik,1,1,Modèle,Ti,1,1,Instrument,Violon,1,1,Corde,Ré,1,1,Taille,,0,1,Tension,Medium,1,1,Attache,,0,1,Âme,,0,1,Filage,aluminium,1,1,Type produit,,0,1,Type pack,,0,1,Profil sonore,brillant,1,1,Complexité,complexe,1,1,Puissance,puissant,1,1,Réponse,rapide,1,1,Usage,soliste,1,1,Positionnement,premium,1,1,Durabilité,moyenne,1,1,Stabilité,bonne,1,1,Temps de rodage,court,1,1
5389,CDM-EC5C1B,Thomastik Ti – Re – Medium – argent,Marque,Thomastik,1,1,Modèle,Ti,1,1,Instrument,Violon,1,1,Corde,Ré,1,1,Taille,,0,1,Tension,Medium,1,1,Attache,,0,1,Âme,,0,1,Filage,argent,1,1,Type produit,,0,1,Type pack,,0,1,Profil sonore,brillant,1,1,Complexité,complexe,1,1,Puissance,puissant,1,1,Réponse,rapide,1,1,Usage,soliste,1,1,Positionnement,premium,1,1,Durabilité,moyenne,1,1,Stabilité,bonne,1,1,Temps de rodage,court,1,1
5391,CDM-057490,Thomastik Ti – Sol – Medium,Marque,Thomastik,1,1,Modèle,Ti,1,1,Instrument,Violon,1,1,Corde,Sol,1,1,Taille,,0,1,Tension,Medium,1,1,Attache,,0,1,Âme,,0,1,Filage,,0,1,Type produit,,0,1,Type pack,,0,1,Profil sonore,brillant,1,1,Complexité,complexe,1,1,Puissance,puissant,1,1,Réponse,rapide,1,1,Usage,soliste,1,1,Positionnement,premium,1,1,Durabilité,moyenne,1,1,Stabilité,bonne,1,1,Temps de rodage,court,1,1
5393,CDM-15C399,Thomastik Vision – Sol – Heavy – 4/4,Marque,Thomastik,1,1,Modèle,Vision,1,1,Instrument,Violon,1,1,Corde,Sol,1,1,Taille,4/4,1,1,Tension,Heavy,1,1,Attache,,0,1,Âme,,0,1,Filage,,0,1,Type produit,,0,1,Type pack,,0,1,Profil sonore,brillant,1,1,Complexité,équilibré,1,1,Puissance,modéré,1,1,Réponse,rapide,1,1,Usage,soliste,1,1,Positionnement,intermédiaire,1,1,Durabilité,moyenne,1,1,Stabilité,bonne,1,1,Temps de rodage,court,1,1
5403,CDM-E822D7,Thomastik Vision – Mi – Heavy – 4/4,Marque,Thomastik,1,1,Modèle,Vision,1,1,Instrument,Violon,1,1,Corde,Mi,1,1,Taille,4/4,1,1,Tension,Heavy,1,1,Attache,,0,1,Âme,,0,1,Filage,,0,1,Type produit,,0,1,Type pack,,0,1,Profil sonore,brillant,1,1,Complexité,équilibré,1,1,Puissance,modéré,1,1,Réponse,rapide,1,1,Usage,soliste,1,1,Positionnement,intermédiaire,1,1,Durabilité,moyenne,1,1,Stabilité,bonne,1,1,Temps de rodage,court,1,1
5405,CDM-A6E1EE,Thomastik Vision – La – Medium – acier inox – 4/4,Marque,Thomastik,1,1,Modèle,Vision,1,1,Instrument,Violon,1,1,Corde,La,1,1,Taille,4/4,1,1,Tension,Medium,1,1,Attache,,0,1,Âme,acier,1,1,Filage,acier inox,1,1,Type produit,,0,1,Type pack,,0,1,Profil sonore,brillant,1,1,Complexité,équilibré,1,1,Puissance,modéré,1,1,Réponse,rapide,1,1,Usage,soliste,1,1,Positionnement,intermédiaire,1,1,Durabilité,moyenne,1,1,Stabilité,bonne,1,1,Temps de rodage,court,1,1
5407,CDM-4B6636,Thomastik Vision – La – Heavy – 4/4,Marque,Thomastik,1,1,Modèle,Vision,1,1,Instrument,Violon,1,1,Corde,La,1,1,Taille,4/4,1,1,Tension,Heavy,1,1,Attache,,0,1,Âme,,0,1,Filage,,0,1,Type produit,,0,1,Type pack,,0,1,Profil sonore,brillant,1,1,Complexité,équilibré,1,1,Puissance,modéré,1,1,Réponse,rapide,1,1,Usage,soliste,1,1,Positionnement,intermédiaire,1,1,Durabilité,moyenne,1,1,Stabilité,bonne,1,1,Temps de rodage,court,1,1
5408,CDM-0BC520,Thomastik Vision – La – Medium,Marque,Thomastik,1,1,Modèle,Vision,1,1,Instrument,Violon,1,1,Corde,La,1,1,Taille,"1/10, 1/16, 1/2, 1/4, 1/8, 3/4, 4/4",1,1,Tension,Medium,1,1,Attache,,0,1,Âme,,0,1,Filage,,0,1,Type produit,,0,1,Type pack,,0,1,Profil sonore,brillant,1,1,Complexité,équilibré,1,1,Puissance,modéré,1,1,Réponse,rapide,1,1,Usage,soliste,1,1,Positionnement,intermédiaire,1,1,Durabilité,moyenne,1,1,Stabilité,bonne,1,1,Temps de rodage,court,1,1
5409,CDM-99ECE1,Thomastik Vision – Re – Medium,Marque,Thomastik,1,1,Modèle,Vision,1,1,Instrument,Violon,1,1,Corde,Ré,1,1,Taille,"1/10, 1/16, 1/2, 1/4, 1/8, 3/4, 4/4",1,1,Tension,Medium,1,1,Attache,,0,1,Âme,,0,1,Filage,,0,1,Type produit,,0,1,Type pack,,0,1,Profil sonore,brillant,1,1,Complexité,équilibré,1,1,Puissance,modéré,1,1,Réponse,rapide,1,1,Usage,soliste,1,1,Positionnement,intermédiaire,1,1,Durabilité,moyenne,1,1,Stabilité,bonne,1,1,Temps de rodage,court,1,1
5410,CDM-0B9E41,Thomastik Vision – Sol – Medium,Marque,Thomastik,1,1,Modèle,Vision,1,1,Instrument,Violon,1,1,Corde,Sol,1,1,Taille,"1/10, 1/16, 1/2, 1/4, 1/8, 3/4, 4/4",1,1,Tension,Medium,1,1,Attache,,0,1,Âme,,0,1,Filage,,0,1,Type produit,,0,1,Type pack,,0,1,Profil sonore,brillant,1,1,Complexité,équilibré,1,1,Puissance,modéré,1,1,Réponse,rapide,1,1,Usage,soliste,1,1,Positionnement,intermédiaire,1,1,Durabilité,moyenne,1,1,Stabilité,bonne,1,1,Temps de rodage,court,1,1
5428,CDM-EF1ECB,Thomastik Vision – Re – Heavy – argent – 4/4,Marque,Thomastik,1,1,Modèle,Vision,1,1,Instrument,Violon,1,1,Corde,Ré,1,1,Taille,4/4,1,1,Tension,Heavy,1,1,Attache,,0,1,Âme,,0,1,Filage,argent,1,1,Type produit,,0,1,Type pack,,0,1,Profil sonore,brillant,1,1,Complexité,équilibré,1,1,Puissance,modéré,1,1,Réponse,rapide,1,1,Usage,soliste,1,1,Positionnement,intermédiaire,1,1,Durabilité,moyenne,1,1,Stabilité,bonne,1,1,Temps de rodage,court,1,1
5430,CDM-938D18,Thomastik Vision – Re – Medium – argent – 4/4,Marque,Thomastik,1,1,Modèle,Vision,1,1,Instrument,Violon,1,1,Corde,Ré,1,1,Taille,4/4,1,1,Tension,Medium,1,1,Attache,,0,1,Âme,,0,1,Filage,argent,1,1,Type produit,,0,1,Type pack,,0,1,Profil sonore,brillant,1,1,Complexité,équilibré,1,1,Puissance,modéré,1,1,Réponse,rapide,1,1,Usage,soliste,1,1,Positionnement,intermédiaire,1,1,Durabilité,moyenne,1,1,Stabilité,bonne,1,1,Temps de rodage,court,1,1
5441,CDM-657A3B,Thomastik Vision – Do – Medium – 4/4,Marque,Thomastik,1,1,Modèle,Vision,1,1,Instrument,Violon,1,1,Corde,Do,1,1,Taille,4/4,1,1,Tension,Medium,1,1,Attache,,0,1,Âme,,0,1,Filage,,0,1,Type produit,,0,1,Type pack,,0,1,Profil sonore,brillant,1,1,Complexité,équilibré,1,1,Puissance,modéré,1,1,Réponse,rapide,1,1,Usage,soliste,1,1,Positionnement,intermédiaire,1,1,Durabilité,moyenne,1,1,Stabilité,bonne,1,1,Temps de rodage,court,1,1
5443,CDM-1B6FC0,Thomastik Vision Solo – Mi – 4/4,Marque,Thomastik,1,1,Modèle,Vision Solo,1,1,Instrument,Violon,1,1,Corde,Mi,1,1,Taille,4/4,1,1,Tension,,0,1,Attache,,0,1,Âme,,0,1,Filage,,0,1,Type produit,,0,1,Type pack,,0,1,Profil sonore,brillant,1,1,Complexité,équilibré,1,1,Puissance,puissant,1,1,Réponse,rapide,1,1,Usage,soliste,1,1,Positionnement,intermédiaire,1,1,Durabilité,moyenne,1,1,Stabilité,bonne,1,1,Temps de rodage,court,1,1
5445,CDM-1AEF05,Thomastik Vision Solo – La – 4/4,Marque,Thomastik,1,1,Modèle,Vision Solo,1,1,Instrument,Violon,1,1,Corde,La,1,1,Taille,4/4,1,1,Tension,,0,1,Attache,,0,1,Âme,,0,1,Filage,,0,1,Type produit,,0,1,Type pack,,0,1,Profil sonore,brillant,1,1,Complexité,équilibré,1,1,Puissance,puissant,1,1,Réponse,rapide,1,1,Usage,soliste,1,1,Positionnement,intermédiaire,1,1,Durabilité,moyenne,1,1,Stabilité,bonne,1,1,Temps de rodage,court,1,1
5447,CDM-772FFD,Thomastik Vision Solo – Ré – 4/4,Marque,Thomastik,1,1,Modèle,Vision Solo,1,1,Instrument,Violon,1,1,Corde,Ré,1,1,Taille,4/4,1,1,Tension,,0,1,Attache,,0,1,Âme,,0,1,Filage,,0,1,Type produit,,0,1,Type pack,,0,1,Profil sonore,brillant,1,1,Complexité,équilibré,1,1,Puissance,puissant,1,1,Réponse,rapide,1,1,Usage,soliste,1,1,Positionnement,intermédiaire,1,1,Durabilité,moyenne,1,1,Stabilité,bonne,1,1,Temps de rodage,court,1,1
5449,CDM-6DEDEC,Thomastik Vision Solo – Ré – argent – 4/4,Marque,Thomastik,1,1,Modèle,Vision Solo,1,1,Instrument,Violon,1,1,Corde,Ré,1,1,Taille,4/4,1,1,Tension,,0,1,Attache,,0,1,Âme,,0,1,Filage,argent,1,1,Type produit,,0,1,Type pack,,0,1,Profil sonore,brillant,1,1,Complexité,équilibré,1,1,Puissance,puissant,1,1,Réponse,rapide,1,1,Usage,soliste,1,1,Positionnement,intermédiaire,1,1,Durabilité,moyenne,1,1,Stabilité,bonne,1,1,Temps de rodage,court,1,1
5451,CDM-7BB9E3,Thomastik Vision Solo – Sol – 4/4,Marque,Thomastik,1,1,Modèle,Vision Solo,1,1,Instrument,Violon,1,1,Corde,Sol,1,1,Taille,4/4,1,1,Tension,,0,1,Attache,,0,1,Âme,,0,1,Filage,,0,1,Type produit,,0,1,Type pack,,0,1,Profil sonore,brillant,1,1,Complexité,équilibré,1,1,Puissance,puissant,1,1,Réponse,rapide,1,1,Usage,soliste,1,1,Positionnement,intermédiaire,1,1,Durabilité,moyenne,1,1,Stabilité,bonne,1,1,Temps de rodage,court,1,1
5453,CDM-2BFFAC,Thomastik Vision Titanium Orchestra – Mi – 4/4,Marque,Thomastik,1,1,Modèle,Vision Titanium Orchestra,1,1,Instrument,Violon,1,1,Corde,Mi,1,1,Taille,4/4,1,1,Tension,,0,1,Attache,,0,1,Âme,,0,1,Filage,,0,1,Type produit,,0,1,Type pack,,0,1,Profil sonore,brillant,1,1,Complexité,équilibré,1,1,Puissance,puissant,1,1,Réponse,rapide,1,1,Usage,orchestre,1,1,Positionnement,premium,1,1,Durabilité,moyenne,1,1,Stabilité,bonne,1,1,Temps de rodage,court,1,1
5455,CDM-654D8E,Thomastik Vision Titanium Orchestra – La – 4/4,Marque,Thomastik,1,1,Modèle,Vision Titanium Orchestra,1,1,Instrument,Violon,1,1,Corde,La,1,1,Taille,4/4,1,1,Tension,,0,1,Attache,,0,1,Âme,,0,1,Filage,,0,1,Type produit,,0,1,Type pack,,0,1,Profil sonore,brillant,1,1,Complexité,équilibré,1,1,Puissance,puissant,1,1,Réponse,rapide,1,1,Usage,orchestre,1,1,Positionnement,premium,1,1,Durabilité,moyenne,1,1,Stabilité,bonne,1,1,Temps de rodage,court,1,1
5457,CDM-8F6F40,Thomastik Vision Titanium Orchestra – Re – 4/4,Marque,Thomastik,1,1,Modèle,Vision Titanium Orchestra,1,1,Instrument,Violon,1,1,Corde,Ré,1,1,Taille,4/4,1,1,Tension,,0,1,Attache,,0,1,Âme,,0,1,Filage,,0,1,Type produit,,0,1,Type pack,,0,1,Profil sonore,brillant,1,1,Complexité,équilibré,1,1,Puissance,puissant,1,1,Réponse,rapide,1,1,Usage,orchestre,1,1,Positionnement,premium,1,1,Durabilité,moyenne,1,1,Stabilité,bonne,1,1,Temps de rodage,court,1,1
5459,CDM-B16AB9,Thomastik Vision Titanium Orchestra – Sol – 4/4,Marque,Thomastik,1,1,Modèle,Vision Titanium Orchestra,1,1,Instrument,Violon,1,1,Corde,Sol,1,1,Taille,4/4,1,1,Tension,,0,1,Attache,,0,1,Âme,,0,1,Filage,,0,1,Type produit,,0,1,Type pack,,0,1,Profil sonore,brillant,1,1,Complexité,équilibré,1,1,Puissance,puissant,1,1,Réponse,rapide,1,1,Usage,orchestre,1,1,Positionnement,premium,1,1,Durabilité,moyenne,1,1,Stabilité,bonne,1,1,Temps de rodage,court,1,1
5461,CDM-E3163F,Thomastik Vision Titanium Solo – Mi – 4/4,Marque,Thomastik,1,1,Modèle,Vision Titanium Solo,1,1,Instrument,Violon,1,1,Corde,Mi,1,1,Taille,4/4,1,1,Tension,,0,1,Attache,,0,1,Âme,,0,1,Filage,,0,1,Type produit,,0,1,Type pack,,0,1,Profil sonore,brillant,1,1,Complexité,équilibré,1,1,Puissance,puissant,1,1,Réponse,rapide,1,1,Usage,soliste,1,1,Positionnement,premium,1,1,Durabilité,moyenne,1,1,Stabilité,bonne,1,1,Temps de rodage,court,1,1
5463,CDM-24D556,Thomastik Vision Titanium Solo – La – 4/4,Marque,Thomastik,1,1,Modèle,Vision Titanium Solo,1,1,Instrument,Violon,1,1,Corde,La,1,1,Taille,4/4,1,1,Tension,,0,1,Attache,,0,1,Âme,,0,1,Filage,,0,1,Type produit,,0,1,Type pack,,0,1,Profil sonore,brillant,1,1,Complexité,équilibré,1,1,Puissance,puissant,1,1,Réponse,rapide,1,1,Usage,soliste,1,1,Positionnement,premium,1,1,Durabilité,moyenne,1,1,Stabilité,bonne,1,1,Temps de rodage,court,1,1
5465,CDM-FF9E36,Thomastik Vision Titanium Solo – Ré – 4/4,Marque,Thomastik,1,1,Modèle,Vision Titanium Solo,1,1,Instrument,Violon,1,1,Corde,Ré,1,1,Taille,4/4,1,1,Tension,,0,1,Attache,,0,1,Âme,,0,1,Filage,,0,1,Type produit,,0,1,Type pack,,0,1,Profil sonore,brillant,1,1,Complexité,équilibré,1,1,Puissance,puissant,1,1,Réponse,rapide,1,1,Usage,soliste,1,1,Positionnement,premium,1,1,Durabilité,moyenne,1,1,Stabilité,bonne,1,1,Temps de rodage,court,1,1
5467,CDM-3DDFD8,Thomastik Vision Titanium Solo – Sol – 4/4,Marque,Thomastik,1,1,Modèle,Vision Titanium Solo,1,1,Instrument,Violon,1,1,Corde,Sol,1,1,Taille,4/4,1,1,Tension,,0,1,Attache,,0,1,Âme,,0,1,Filage,,0,1,Type produit,,0,1,Type pack,,0,1,Profil sonore,brillant,1,1,Complexité,équilibré,1,1,Puissance,puissant,1,1,Réponse,rapide,1,1,Usage,soliste,1,1,Positionnement,premium,1,1,Durabilité,moyenne,1,1,Stabilité,bonne,1,1,Temps de rodage,court,1,1
5469,CDM-93C648,Warchal Amber – Mi – Boule – Heavy – 4/4,Marque,Warchal,1,1,Modèle,Amber,1,1,Instrument,Violon,1,1,Corde,Mi,1,1,Taille,4/4,1,1,Tension,Heavy,1,1,Attache,Boule,1,1,Âme,,0,1,Filage,,0,1,Type produit,,0,1,Type pack,,0,1,Profil sonore,chaud,1,1,Complexité,complexe,1,1,Puissance,modéré,1,1,Réponse,rapide,1,1,Usage,soliste,1,1,Positionnement,premium,1,1,Durabilité,élevée,1,1,Stabilité,bonne,1,1,Temps de rodage,moyen,1,1
5471,CDM-3712A8,Warchal Amber – Mi – Boule – Medium – 4/4,Marque,Warchal,1,1,Modèle,Amber,1,1,Instrument,Violon,1,1,Corde,Mi,1,1,Taille,4/4,1,1,Tension,Medium,1,1,Attache,Boule,1,1,Âme,,0,1,Filage,,0,1,Type produit,,0,1,Type pack,,0,1,Profil sonore,chaud,1,1,Complexité,complexe,1,1,Puissance,modéré,1,1,Réponse,rapide,1,1,Usage,soliste,1,1,Positionnement,premium,1,1,Durabilité,élevée,1,1,Stabilité,bonne,1,1,Temps de rodage,moyen,1,1
5473,CDM-338B96,Warchal Amber – Mi – Boucle – Heavy – 4/4,Marque,Warchal,1,1,Modèle,Amber,1,1,Instrument,Violon,1,1,Corde,Mi,1,1,Taille,4/4,1,1,Tension,Heavy,1,1,Attache,Boucle,1,1,Âme,,0,1,Filage,,0,1,Type produit,,0,1,Type pack,,0,1,Profil sonore,chaud,1,1,Complexité,complexe,1,1,Puissance,modéré,1,1,Réponse,rapide,1,1,Usage,soliste,1,1,Positionnement,premium,1,1,Durabilité,élevée,1,1,Stabilité,bonne,1,1,Temps de rodage,moyen,1,1
5475,CDM-75178F,Warchal Amber – Mi – Boucle – Medium – 4/4,Marque,Warchal,1,1,Modèle,Amber,1,1,Instrument,Violon,1,1,Corde,Mi,1,1,Taille,4/4,1,1,Tension,Medium,1,1,Attache,Boucle,1,1,Âme,,0,1,Filage,,0,1,Type produit,,0,1,Type pack,,0,1,Profil sonore,chaud,1,1,Complexité,complexe,1,1,Puissance,modéré,1,1,Réponse,rapide,1,1,Usage,soliste,1,1,Positionnement,premium,1,1,Durabilité,élevée,1,1,Stabilité,bonne,1,1,Temps de rodage,moyen,1,1
5477,CDM-6874BB,Warchal Amber – La – Medium – 4/4,Marque,Warchal,1,1,Modèle,Amber,1,1,Instrument,Violon,1,1,Corde,La,1,1,Taille,4/4,1,1,Tension,Medium,1,1,Attache,,0,1,Âme,,0,1,Filage,,0,1,Type produit,,0,1,Type pack,,0,1,Profil sonore,chaud,1,1,Complexité,complexe,1,1,Puissance,modéré,1,1,Réponse,rapide,1,1,Usage,soliste,1,1,Positionnement,premium,1,1,Durabilité,élevée,1,1,Stabilité,bonne,1,1,Temps de rodage,moyen,1,1
5479,CDM-FCD144,Warchal Amber – Hydronalium- – Re – Medium – argent – 4/4,Marque,Warchal,1,1,Modèle,Amber,1,1,Instrument,Violon,1,1,Corde,Ré,1,1,Taille,4/4,1,1,Tension,Medium,1,1,Attache,,0,1,Âme,,0,1,Filage,argent,1,1,Type produit,,0,1,Type pack,,0,1,Profil sonore,chaud,1,1,Complexité,complexe,1,1,Puissance,modéré,1,1,Réponse,rapide,1,1,Usage,soliste,1,1,Positionnement,premium,1,1,Durabilité,élevée,1,1,Stabilité,bonne,1,1,Temps de rodage,moyen,1,1
5481,CDM-08CC35,Warchal Amber – Sol – Medium – 4/4,Marque,Warchal,1,1,Modèle,Amber,1,1,Instrument,Violon,1,1,Corde,Sol,1,1,Taille,4/4,1,1,Tension,Medium,1,1,Attache,,0,1,Âme,,0,1,Filage,,0,1,Type produit,,0,1,Type pack,,0,1,Profil sonore,chaud,1,1,Complexité,complexe,1,1,Puissance,modéré,1,1,Réponse,rapide,1,1,Usage,soliste,1,1,Positionnement,premium,1,1,Durabilité,élevée,1,1,Stabilité,bonne,1,1,Temps de rodage,moyen,1,1
5483,CDM-9C7F79,Larsen Aurora – La – Boule – Medium,Marque,Larsen,1,1,Modèle,Aurora,1,1,Instrument,Alto,1,1,Corde,La,1,1,Taille,,0,1,Tension,Medium,1,1,Attache,Boule,1,1,Âme,,0,1,Filage,,0,1,Type produit,,0,1,Type pack,,0,1,Profil sonore,équilibré,1,1,Complexité,équilibré,1,1,Puissance,modéré,1,1,Réponse,rapide,1,1,Usage,"étudiant, intermédiaire",1,1,Positionnement,intermédiaire,1,1,Durabilité,élevée,1,1,Stabilité,excellente,1,1,Temps de rodage,court,1,1
5486,CDM-8B08EF,Larsen Aurora – Re – Medium,Marque,Larsen,1,1,Modèle,Aurora,1,1,Instrument,Alto,1,1,Corde,Ré,1,1,Taille,,0,1,Tension,Medium,1,1,Attache,,0,1,Âme,,0,1,Filage,,0,1,Type produit,,0,1,Type pack,,0,1,Profil sonore,équilibré,1,1,Complexité,équilibré,1,1,Puissance,modéré,1,1,Réponse,rapide,1,1,Usage,"étudiant, intermédiaire",1,1,Positionnement,intermédiaire,1,1,Durabilité,élevée,1,1,Stabilité,excellente,1,1,Temps de rodage,court,1,1
5489,CDM-13BF87,Larsen Aurora – Sol – Medium,Marque,Larsen,1,1,Modèle,Aurora,1,1,Instrument,Alto,1,1,Corde,Sol,1,1,Taille,,0,1,Tension,Medium,1,1,Attache,,0,1,Âme,,0,1,Filage,,0,1,Type produit,,0,1,Type pack,,0,1,Profil sonore,équilibré,1,1,Complexité,équilibré,1,1,Puissance,modéré,1,1,Réponse,rapide,1,1,Usage,"étudiant, intermédiaire",1,1,Positionnement,intermédiaire,1,1,Durabilité,élevée,1,1,Stabilité,excellente,1,1,Temps de rodage,court,1,1
5492,CDM-DC1FDF,Larsen Aurora – Do – Medium,Marque,Larsen,1,1,Modèle,Aurora,1,1,Instrument,Alto,1,1,Corde,Do,1,1,Taille,,0,1,Tension,Medium,1,1,Attache,,0,1,Âme,,0,1,Filage,,0,1,Type produit,,0,1,Type pack,,0,1,Profil sonore,équilibré,1,1,Complexité,équilibré,1,1,Puissance,modéré,1,1,Réponse,rapide,1,1,Usage,"étudiant, intermédiaire",1,1,Positionnement,intermédiaire,1,1,Durabilité,élevée,1,1,Stabilité,excellente,1,1,Temps de rodage,court,1,1
5495,CDM-B75C17,Pirastro Eudoxa-Oliv – 19 1/4 tube – Do – Medium,Marque,Pirastro,1,1,Modèle,Eudoxa-Oliv,1,1,Instrument,Alto,1,1,Corde,Do,1,1,Taille,,0,1,Tension,Medium,1,1,Attache,,0,1,Âme,,0,1,Filage,,0,1,Type produit,,0,1,Type pack,,0,1,Profil sonore,chaud,1,1,Complexité,complexe,1,1,Puissance,modéré,1,1,Réponse,douce,1,1,Usage,soliste,1,1,Positionnement,premium,1,1,Durabilité,faible,1,1,Stabilité,moyenne,1,1,Temps de rodage,long,1,1
5497,CDM-B0DC7C,Pirastro Eudoxa-Oliv – 19 1/2 tube – Do – Medium,Marque,Pirastro,1,1,Modèle,Eudoxa-Oliv,1,1,Instrument,Alto,1,1,Corde,Do,1,1,Taille,,0,1,Tension,Medium,1,1,Attache,,0,1,Âme,,0,1,Filage,,0,1,Type produit,,0,1,Type pack,,0,1,Profil sonore,chaud,1,1,Complexité,complexe,1,1,Puissance,modéré,1,1,Réponse,douce,1,1,Usage,soliste,1,1,Positionnement,premium,1,1,Durabilité,faible,1,1,Stabilité,moyenne,1,1,Temps de rodage,long,1,1
5499,CDM-C4D256,Pirastro Evah Pirazzi Gold – Ré – acier inox,Marque,Pirastro,1,1,Modèle,Evah Pirazzi Gold,1,1,Instrument,Alto,1,1,Corde,Ré,1,1,Taille,,0,1,Tension,,0,1,Attache,,0,1,Âme,acier,1,1,Filage,acier inox,1,1,Type produit,,0,1,Type pack,,0,1,Profil sonore,chaud,1,1,Complexité,complexe,1,1,Puissance,puissant,1,1,Réponse,rapide,1,1,Usage,soliste,1,1,Positionnement,premium,1,1,Durabilité,élevée,1,1,Stabilité,excellente,1,1,Temps de rodage,court,1,1
5500,CDM-BD68C6,Pirastro Tonica – Medium,Marque,Pirastro,1,1,Modèle,Tonica,1,1,Instrument,Alto,1,1,Corde,,0,1,Taille,"12""-13"", 14""-15""-16""",1,1,Tension,Medium,1,1,Attache,,0,1,Âme,,0,1,Filage,,0,1,Type produit,,0,1,Type pack,,0,1,Profil sonore,équilibré,1,1,Complexité,équilibré,1,1,Puissance,modéré,1,1,Réponse,rapide,1,1,Usage,étudiant,1,1,Positionnement,entrée,1,1,Durabilité,moyenne,1,1,Stabilité,excellente,1,1,Temps de rodage,court,1,1
5501,CDM-ADC20B,Thomastik Alphayue,Marque,Thomastik,1,1,Modèle,Alphayue,1,1,Instrument,Alto,1,1,Corde,,0,1,Taille,"11"", 12"", 13"", 14"", 15""",1,1,Tension,,0,1,Attache,,0,1,Âme,,0,1,Filage,,0,1,Type produit,,0,1,Type pack,,0,1,Profil sonore,équilibré,1,1,Complexité,équilibré,1,1,Puissance,modéré,1,1,Réponse,rapide,1,1,Usage,étudiant,1,1,Positionnement,entrée,1,1,Durabilité,moyenne,1,1,Stabilité,bonne,1,1,Temps de rodage,court,1,1
5502,CDM-F8E763,D'Addario Helicore Orchestral – Medium,Marque,D'Addario,1,1,Modèle,Helicore Orchestral,1,1,Instrument,Contrebasse,1,1,Corde,,0,1,Taille,"1/2, 3/4",1,1,Tension,Medium,1,1,Attache,,0,1,Âme,,0,1,Filage,,0,1,Type produit,,0,1,Type pack,,0,1,Profil sonore,chaud,1,1,Complexité,équilibré,1,1,Puissance,modéré,1,1,Réponse,rapide,1,1,Usage,orchestre,1,1,Positionnement,intermédiaire,1,1,Durabilité,élevée,1,1,Stabilité,excellente,1,1,Temps de rodage,court,1,1
5503,CDM-0BEFE1,Pirastro Flexocor Orchestra – Medium,Marque,Pirastro,1,1,Modèle,Flexocor Orchestra,1,1,Instrument,Contrebasse,1,1,Corde,,0,1,Taille,"1/2, 1/4, 1/8, 4/4",1,1,Tension,Medium,1,1,Attache,,0,1,Âme,,0,1,Filage,,0,1,Type produit,,0,1,Type pack,,0,1,Profil sonore,chaud,1,1,Complexité,équilibré,1,1,Puissance,modéré,1,1,Réponse,rapide,1,1,Usage,orchestre,1,1,Positionnement,intermédiaire,1,1,Durabilité,élevée,1,1,Stabilité,bonne,1,1,Temps de rodage,court,1,1
5505,CDM-252978,Pirastro Evah Pirazzi Gold – Sol – acier inox,Marque,Pirastro,1,1,Modèle,Evah Pirazzi Gold,1,1,Instrument,Alto,1,1,Corde,Sol,1,1,Taille,,0,1,Tension,,0,1,Attache,,0,1,Âme,acier,1,1,Filage,acier inox,1,1,Type produit,,0,1,Type pack,,0,1,Profil sonore,chaud,1,1,Complexité,complexe,1,1,Puissance,puissant,1,1,Réponse,rapide,1,1,Usage,soliste,1,1,Positionnement,premium,1,1,Durabilité,élevée,1,1,Stabilité,excellente,1,1,Temps de rodage,court,1,1
5507,CDM-16E248,Pirastro Evah Pirazzi Gold – medium extra longue – Do,Marque,Pirastro,1,1,Modèle,Evah Pirazzi Gold,1,1,Instrument,Alto,1,1,Corde,Do,1,1,Taille,,0,1,Tension,,0,1,Attache,,0,1,Âme,,0,1,Filage,,0,1,Type produit,,0,1,Type pack,,0,1,Profil sonore,chaud,1,1,Complexité,complexe,1,1,Puissance,puissant,1,1,Réponse,rapide,1,1,Usage,soliste,1,1,Positionnement,premium,1,1,Durabilité,élevée,1,1,Stabilité,excellente,1,1,Temps de rodage,court,1,1
5509,CDM-A89A3E,Pirastro Oliv – 13 3/4 tubo – La – Medium,Marque,Pirastro,1,1,Modèle,Oliv,1,1,Instrument,Alto,1,1,Corde,La,1,1,Taille,,0,1,Tension,Medium,1,1,Attache,,0,1,Âme,,0,1,Filage,,0,1,Type produit,,0,1,Type pack,,0,1,Profil sonore,chaud,1,1,Complexité,complexe,1,1,Puissance,modéré,1,1,Réponse,douce,1,1,Usage,soliste,1,1,Positionnement,premium,1,1,Durabilité,faible,1,1,Stabilité,moyenne,1,1,Temps de rodage,long,1,1
5511,CDM-0C3F70,Pirastro Oliv – 17 1/4 – Sol – Heavy,Marque,Pirastro,1,1,Modèle,Oliv,1,1,Instrument,Alto,1,1,Corde,Sol,1,1,Taille,,0,1,Tension,Heavy,1,1,Attache,,0,1,Âme,,0,1,Filage,,0,1,Type produit,,0,1,Type pack,,0,1,Profil sonore,chaud,1,1,Complexité,complexe,1,1,Puissance,modéré,1,1,Réponse,douce,1,1,Usage,soliste,1,1,Positionnement,premium,1,1,Durabilité,faible,1,1,Stabilité,moyenne,1,1,Temps de rodage,long,1,1
5513,CDM-941EC2,Thomastik Dominant – Re – Light,Marque,Thomastik,1,1,Modèle,Dominant,1,1,Instrument,Alto,1,1,Corde,Ré,1,1,Taille,,0,1,Tension,Light,1,1,Attache,,0,1,Âme,,0,1,Filage,,0,1,Type produit,,0,1,Type pack,,0,1,Profil sonore,équilibré,1,1,Complexité,équilibré,1,1,Puissance,puissant,1,1,Réponse,rapide,1,1,Usage,orchestre,1,1,Positionnement,intermédiaire,1,1,Durabilité,moyenne,1,1,Stabilité,bonne,1,1,Temps de rodage,moyen,1,1
5515,CDM-85A169,Thomastik Dynamo – La,Marque,Thomastik,1,1,Modèle,Dynamo,1,1,Instrument,Alto,1,1,Corde,La,1,1,Taille,,0,1,Tension,,0,1,Attache,,0,1,Âme,,0,1,Filage,,0,1,Type produit,,0,1,Type pack,,0,1,Profil sonore,équilibré,1,1,Complexité,équilibré,1,1,Puissance,puissant,1,1,Réponse,rapide,1,1,Usage,soliste,1,1,Positionnement,premium,1,1,Durabilité,moyenne,1,1,Stabilité,bonne,1,1,Temps de rodage,moyen,1,1
5517,CDM-314B8D,Thomastik Dynamo – Re,Marque,Thomastik,1,1,Modèle,Dynamo,1,1,Instrument,Alto,1,1,Corde,Ré,1,1,Taille,,0,1,Tension,,0,1,Attache,,0,1,Âme,,0,1,Filage,,0,1,Type produit,,0,1,Type pack,,0,1,Profil sonore,équilibré,1,1,Complexité,équilibré,1,1,Puissance,puissant,1,1,Réponse,rapide,1,1,Usage,soliste,1,1,Positionnement,premium,1,1,Durabilité,moyenne,1,1,Stabilité,bonne,1,1,Temps de rodage,moyen,1,1
5519,CDM-7FDCDD,Thomastik Dynamo – Sol,Marque,Thomastik,1,1,Modèle,Dynamo,1,1,Instrument,Alto,1,1,Corde,Sol,1,1,Taille,,0,1,Tension,,0,1,Attache,,0,1,Âme,,0,1,Filage,,0,1,Type produit,,0,1,Type pack,,0,1,Profil sonore,équilibré,1,1,Complexité,équilibré,1,1,Puissance,puissant,1,1,Réponse,rapide,1,1,Usage,soliste,1,1,Positionnement,premium,1,1,Durabilité,moyenne,1,1,Stabilité,bonne,1,1,Temps de rodage,moyen,1,1
5521,CDM-C0B26D,Thomastik Dynamo – Do,Marque,Thomastik,1,1,Modèle,Dynamo,1,1,Instrument,Alto,1,1,Corde,Do,1,1,Taille,,0,1,Tension,,0,1,Attache,,0,1,Âme,,0,1,Filage,,0,1,Type produit,,0,1,Type pack,,0,1,Profil sonore,équilibré,1,1,Complexité,équilibré,1,1,Puissance,puissant,1,1,Réponse,rapide,1,1,Usage,soliste,1,1,Positionnement,premium,1,1,Durabilité,moyenne,1,1,Stabilité,bonne,1,1,Temps de rodage,moyen,1,1
5523,CDM-69900B,Thomastik Rondo Gold – La – 4/4,Marque,Thomastik,1,1,Modèle,Rondo Gold,1,1,Instrument,Alto,1,1,Corde,La,1,1,Taille,"15""",1,1,Tension,,0,1,Attache,,0,1,Âme,,0,1,Filage,,0,1,Type produit,,0,1,Type pack,,0,1,Profil sonore,chaud,1,1,Complexité,complexe,1,1,Puissance,puissant,1,1,Réponse,rapide,1,1,Usage,soliste,1,1,Positionnement,premium,1,1,Durabilité,moyenne,1,1,Stabilité,bonne,1,1,Temps de rodage,court,1,1
5525,CDM-DD1B74,Thomastik Rondo Gold – Re – 4/4,Marque,Thomastik,1,1,Modèle,Rondo Gold,1,1,Instrument,Alto,1,1,Corde,Ré,1,1,Taille,"15""",1,1,Tension,,0,1,Attache,,0,1,Âme,,0,1,Filage,,0,1,Type produit,,0,1,Type pack,,0,1,Profil sonore,chaud,1,1,Complexité,complexe,1,1,Puissance,puissant,1,1,Réponse,rapide,1,1,Usage,soliste,1,1,Positionnement,premium,1,1,Durabilité,moyenne,1,1,Stabilité,bonne,1,1,Temps de rodage,court,1,1
5527,CDM-66095D,Thomastik Rondo Gold – Sol – 4/4,Marque,Thomastik,1,1,Modèle,Rondo Gold,1,1,Instrument,Alto,1,1,Corde,Sol,1,1,Taille,"15""",1,1,Tension,,0,1,Attache,,0,1,Âme,,0,1,Filage,,0,1,Type produit,,0,1,Type pack,,0,1,Profil sonore,chaud,1,1,Complexité,complexe,1,1,Puissance,puissant,1,1,Réponse,rapide,1,1,Usage,soliste,1,1,Positionnement,premium,1,1,Durabilité,moyenne,1,1,Stabilité,bonne,1,1,Temps de rodage,court,1,1
5529,CDM-24695F,Thomastik Rondo Gold – Do – 4/4,Marque,Thomastik,1,1,Modèle,Rondo Gold,1,1,Instrument,Alto,1,1,Corde,Do,1,1,Taille,"15""",1,1,Tension,,0,1,Attache,,0,1,Âme,,0,1,Filage,,0,1,Type produit,,0,1,Type pack,,0,1,Profil sonore,chaud,1,1,Complexité,complexe,1,1,Puissance,puissant,1,1,Réponse,rapide,1,1,Usage,soliste,1,1,Positionnement,premium,1,1,Durabilité,moyenne,1,1,Stabilité,bonne,1,1,Temps de rodage,court,1,1
5531,CDM-19B205,Thomastik Spirocore S-18ST – La – Heavy – acier inox,Marque,Thomastik,1,1,Modèle,Spirocore,1,1,Instrument,Alto,1,1,Corde,La,1,1,Taille,,0,1,Tension,Heavy,1,1,Attache,,0,1,Âme,,0,1,Filage,acier inox,1,1,Type produit,,0,1,Type pack,,0,1,Profil sonore,brillant,1,1,Complexité,complexe,1,1,Puissance,puissant,1,1,Réponse,rapide,1,1,Usage,soliste,1,1,Positionnement,intermédiaire,1,1,Durabilité,élevée,1,1,Stabilité,bonne,1,1,Temps de rodage,long,1,1
5549,CDM-73657E,Pirastro Obligato Orchestra – Medium,Marque,Pirastro,1,1,Modèle,Obligato Orchestra,1,1,Instrument,Contrebasse,1,1,Corde,,0,1,Taille,"1/2, 1/4, 3/4",1,1,Tension,Medium,1,1,Attache,,0,1,Âme,,0,1,Filage,,0,1,Type produit,,0,1,Type pack,,0,1,Profil sonore,chaud,1,1,Complexité,complexe,1,1,Puissance,puissant,1,1,Réponse,rapide,1,1,Usage,orchestre,1,1,Positionnement,premium,1,1,Durabilité,élevée,1,1,Stabilité,excellente,1,1,Temps de rodage,court,1,1
5550,CDM-F84A94,Thomastik Spirocore Orchestra – Light,Marque,Thomastik,1,1,Modèle,Spirocore Orchestra,1,1,Instrument,Contrebasse,1,1,Corde,,0,1,Taille,"1/2, 3/4, 4/4",1,1,Tension,Light,1,1,Attache,,0,1,Âme,,0,1,Filage,,0,1,Type produit,,0,1,Type pack,,0,1,Profil sonore,brillant,1,1,Complexité,complexe,1,1,Puissance,puissant,1,1,Réponse,rapide,1,1,Usage,orchestre,1,1,Positionnement,intermédiaire,1,1,Durabilité,élevée,1,1,Stabilité,bonne,1,1,Temps de rodage,long,1,1
5551,CDM-8A67C8,Thomastik Spirocore Orchestra – Medium,Marque,Thomastik,1,1,Modèle,Spirocore Orchestra,1,1,Instrument,Contrebasse,1,1,Corde,,0,1,Taille,"1/2, 1/4, 3/4, 4/4",1,1,Tension,Medium,1,1,Attache,,0,1,Âme,,0,1,Filage,,0,1,Type produit,,0,1,Type pack,,0,1,Profil sonore,brillant,1,1,Complexité,complexe,1,1,Puissance,puissant,1,1,Réponse,rapide,1,1,Usage,orchestre,1,1,Positionnement,intermédiaire,1,1,Durabilité,élevée,1,1,Stabilité,bonne,1,1,Temps de rodage,long,1,1
5552,CDM-0B5297,Thomastik Spirocore Soloist – Medium,Marque,Thomastik,1,1,Modèle,Spirocore Soloist,1,1,Instrument,Contrebasse,1,1,Corde,,0,1,Taille,"1/2, 3/4, 4/4",1,1,Tension,Medium,1,1,Attache,,0,1,Âme,,0,1,Filage,,0,1,Type produit,,0,1,Type pack,,0,1,Profil sonore,brillant,1,1,Complexité,complexe,1,1,Puissance,puissant,1,1,Réponse,rapide,1,1,Usage,soliste,1,1,Positionnement,intermédiaire,1,1,Durabilité,élevée,1,1,Stabilité,bonne,1,1,Temps de rodage,long,1,1
5553,CDM-3F19AE,Thomastik Superflexible Orchestra – Medium,Marque,Thomastik,1,1,Modèle,Superflexible Orchestra,1,1,Instrument,Contrebasse,1,1,Corde,,0,1,Taille,"1/2, 3/4, 4/4",1,1,Tension,Medium,1,1,Attache,,0,1,Âme,,0,1,Filage,,0,1,Type produit,,0,1,Type pack,,0,1,Profil sonore,brillant,1,1,Complexité,pur,1,1,Puissance,modéré,1,1,Réponse,rapide,1,1,Usage,orchestre,1,1,Positionnement,entrée,1,1,Durabilité,élevée,1,1,Stabilité,excellente,1,1,Temps de rodage,court,1,1
5554,CDM-DA96A9,Jargar Young Talent – Medium,Marque,Jargar,1,1,Modèle,Young Talent,1,1,Instrument,Violoncelle,1,1,Corde,,0,1,Taille,"1/2, 1/4, 3/4",1,1,Tension,Medium,1,1,Attache,,0,1,Âme,,0,1,Filage,,0,1,Type produit,,0,1,Type pack,,0,1,Profil sonore,équilibré,1,1,Complexité,pur,1,1,Puissance,modéré,1,1,Réponse,rapide,1,1,Usage,étudiant,1,1,Positionnement,entrée,1,1,Durabilité,moyenne,1,1,Stabilité,bonne,1,1,Temps de rodage,court,1,1
5555,CDM-9F82DF,Larsen Aurora – Medium,Marque,Larsen,1,1,Modèle,Aurora,1,1,Instrument,Violoncelle,1,1,Corde,,0,1,Taille,"1/16, 1/2, 1/4, 3/4, 4/4",1,1,Tension,Medium,1,1,Attache,,0,1,Âme,,0,1,Filage,,0,1,Type produit,,0,1,Type pack,,0,1,Profil sonore,équilibré,1,1,Complexité,équilibré,1,1,Puissance,modéré,1,1,Réponse,rapide,1,1,Usage,"étudiant, intermédiaire",1,1,Positionnement,intermédiaire,1,1,Durabilité,élevée,1,1,Stabilité,excellente,1,1,Temps de rodage,court,1,1
5586,CDM-F5E193,Optima Goldbrokat – Medium,Marque,Optima,1,1,Modèle,Goldbrokat,1,1,Instrument,Violoncelle,1,1,Corde,,0,1,Taille,"1/2, 1/4, 1/8, 3/4, 4/4",1,1,Tension,Medium,1,1,Attache,,0,1,Âme,,0,1,Filage,,0,1,Type produit,,0,1,Type pack,,0,1,Profil sonore,brillant,1,1,Complexité,pur,1,1,Puissance,modéré,1,1,Réponse,rapide,1,1,Usage,soliste,1,1,Positionnement,entrée,1,1,Durabilité,élevée,1,1,Stabilité,excellente,1,1,Temps de rodage,court,1,1
5587,CDM-42A55D,Optima Protos – Medium,Marque,Optima,1,1,Modèle,Protos,1,1,Instrument,Violoncelle,1,1,Corde,,0,1,Taille,"1/2, 1/4, 1/8, 3/4, 4/4",1,1,Tension,Medium,1,1,Attache,,0,1,Âme,,0,1,Filage,,0,1,Type produit,,0,1,Type pack,,0,1,Profil sonore,équilibré,1,1,Complexité,équilibré,1,1,Puissance,modéré,1,1,Réponse,rapide,1,1,Usage,orchestre,1,1,Positionnement,intermédiaire,1,1,Durabilité,moyenne,1,1,Stabilité,bonne,1,1,Temps de rodage,court,1,1
5588,CDM-EB9196,Pirastro Piranito – Medium,Marque,Pirastro,1,1,Modèle,Piranito,1,1,Instrument,Violoncelle,1,1,Corde,,0,1,Taille,"1/4, 3/4, 4/4",1,1,Tension,Medium,1,1,Attache,,0,1,Âme,,0,1,Filage,,0,1,Type produit,,0,1,Type pack,,0,1,Profil sonore,brillant,1,1,Complexité,pur,1,1,Puissance,modéré,1,1,Réponse,rapide,1,1,Usage,étudiant,1,1,Positionnement,entrée,1,1,Durabilité,élevée,1,1,Stabilité,excellente,1,1,Temps de rodage,court,1,1
5589,CDM-12F337,Thomastik Alphayue – Medium,Marque,Thomastik,1,1,Modèle,Alphayue,1,1,Instrument,Violoncelle,1,1,Corde,,0,1,Taille,"1/2, 1/4, 1/8, 3/4, 4/4",1,1,Tension,Medium,1,1,Attache,,0,1,Âme,,0,1,Filage,,0,1,Type produit,,0,1,Type pack,,0,1,Profil sonore,équilibré,1,1,Complexité,équilibré,1,1,Puissance,modéré,1,1,Réponse,rapide,1,1,Usage,étudiant,1,1,Positionnement,entrée,1,1,Durabilité,moyenne,1,1,Stabilité,bonne,1,1,Temps de rodage,court,1,1
5590,CDM-EDBC12,Thomastik Dominant – Medium,Marque,Thomastik,1,1,Modèle,Dominant,1,1,Instrument,Violoncelle,1,1,Corde,,0,1,Taille,"1/2, 1/4, 1/8, 3/4, 4/4",1,1,Tension,Medium,1,1,Attache,,0,1,Âme,,0,1,Filage,,0,1,Type produit,,0,1,Type pack,,0,1,Profil sonore,équilibré,1,1,Complexité,équilibré,1,1,Puissance,puissant,1,1,Réponse,rapide,1,1,Usage,orchestre,1,1,Positionnement,intermédiaire,1,1,Durabilité,moyenne,1,1,Stabilité,bonne,1,1,Temps de rodage,moyen,1,1
5621,CDM-9E8B2E,Thomastik Spirit! – Medium,Marque,Thomastik,1,1,Modèle,Spirit!,1,1,Instrument,Violoncelle,1,1,Corde,,0,1,Taille,"1/2, 3/4, 4/4",1,1,Tension,Medium,1,1,Attache,,0,1,Âme,,0,1,Filage,,0,1,Type produit,,0,1,Type pack,,0,1,Profil sonore,équilibré,1,1,Complexité,équilibré,1,1,Puissance,modéré,1,1,Réponse,rapide,1,1,Usage,étudiant,1,1,Positionnement,entrée,1,1,Durabilité,moyenne,1,1,Stabilité,bonne,1,1,Temps de rodage,court,1,1
5622,CDM-8105EC,Thomastik Superflexible – Medium,Marque,Thomastik,1,1,Modèle,Superflexible,1,1,Instrument,Violoncelle,1,1,Corde,,0,1,Taille,"3/4, 4/4",1,1,Tension,Medium,1,1,Attache,,0,1,Âme,,0,1,Filage,,0,1,Type produit,,0,1,Type pack,,0,1,Profil sonore,brillant,1,1,Complexité,pur,1,1,Puissance,modéré,1,1,Réponse,rapide,1,1,Usage,orchestre,1,1,Positionnement,entrée,1,1,Durabilité,élevée,1,1,Stabilité,excellente,1,1,Temps de rodage,court,1,1
5623,CDM-4D140D,D'Addario Helicore – Boule – Medium,Marque,D'Addario,1,1,Modèle,Helicore,1,1,Instrument,Violon,1,1,Corde,,0,1,Taille,"3/4, 4/4",1,1,Tension,Medium,1,1,Attache,Boule,1,1,Âme,,0,1,Filage,,0,1,Type produit,,0,1,Type pack,,0,1,Profil sonore,équilibré,1,1,Complexité,équilibré,1,1,Puissance,puissant,1,1,Réponse,rapide,1,1,Usage,orchestre,1,1,Positionnement,intermédiaire,1,1,Durabilité,élevée,1,1,Stabilité,excellente,1,1,Temps de rodage,court,1,1
5624,CDM-5E8866,D'Addario Kaplan Amo – Medium,Marque,D'Addario,1,1,Modèle,Kaplan Amo,1,1,Instrument,Violon,1,1,Corde,,0,1,Taille,"3/4, 4/4",1,1,Tension,Medium,1,1,Attache,,0,1,Âme,,0,1,Filage,,0,1,Type produit,,0,1,Type pack,,0,1,Profil sonore,chaud,1,1,Complexité,complexe,1,1,Puissance,puissant,1,1,Réponse,rapide,1,1,Usage,soliste,1,1,Positionnement,premium,1,1,Durabilité,élevée,1,1,Stabilité,excellente,1,1,Temps de rodage,court,1,1
5625,CDM-371AE7,Jargar Young Talent – Medium,Marque,Jargar,1,1,Modèle,Young Talent,1,1,Instrument,Violon,1,1,Corde,,0,1,Taille,"1/2, 1/4, 3/4, 4/4",1,1,Tension,Medium,1,1,Attache,,0,1,Âme,,0,1,Filage,,0,1,Type produit,,0,1,Type pack,,0,1,Profil sonore,équilibré,1,1,Complexité,pur,1,1,Puissance,modéré,1,1,Réponse,rapide,1,1,Usage,étudiant,1,1,Positionnement,entrée,1,1,Durabilité,moyenne,1,1,Stabilité,bonne,1,1,Temps de rodage,court,1,1
5626,CDM-206D4D,Optima Protos – Boule – Medium,Marque,Optima,1,1,Modèle,Protos,1,1,Instrument,Violon,1,1,Corde,,0,1,Taille,"1/2, 1/4, 1/8, 3/4, 4/4",1,1,Tension,Medium,1,1,Attache,Boule,1,1,Âme,,0,1,Filage,,0,1,Type produit,,0,1,Type pack,,0,1,Profil sonore,équilibré,1,1,Complexité,équilibré,1,1,Puissance,modéré,1,1,Réponse,rapide,1,1,Usage,orchestre,1,1,Positionnement,intermédiaire,1,1,Durabilité,moyenne,1,1,Stabilité,bonne,1,1,Temps de rodage,court,1,1
5627,CDM-02BECB,Pirastro Chromcor – Boule – Medium,Marque,Pirastro,1,1,Modèle,Chromcor,1,1,Instrument,Violon,1,1,Corde,,0,1,Taille,"1/4, 3/4, 4/4",1,1,Tension,Medium,1,1,Attache,Boule,1,1,Âme,,0,1,Filage,,0,1,Type produit,,0,1,Type pack,,0,1,Profil sonore,brillant,1,1,Complexité,pur,1,1,Puissance,modéré,1,1,Réponse,rapide,1,1,Usage,"étudiant, orchestre",1,1,Positionnement,entrée,1,1,Durabilité,élevée,1,1,Stabilité,excellente,1,1,Temps de rodage,court,1,1
5658,CDM-B59FDF,Pirastro Evah Pirazzi argenté – Medium,Marque,Pirastro,1,1,Modèle,Evah Pirazzi,1,1,Instrument,Violon,1,1,Corde,,0,1,Taille,"3/4, 4/4",1,1,Tension,Medium,1,1,Attache,,0,1,Âme,acier,1,1,Filage,argent,1,1,Type produit,,0,1,Type pack,,0,1,Profil sonore,brillant,1,1,Complexité,complexe,1,1,Puissance,puissant,1,1,Réponse,rapide,1,1,Usage,soliste,1,1,Positionnement,premium,1,1,Durabilité,élevée,1,1,Stabilité,excellente,1,1,Temps de rodage,court,1,1
5662,CDM-C509C6,D'Addario Helicore – Medium,Marque,D'Addario,1,1,Modèle,Helicore,1,1,Instrument,Alto,1,1,Corde,,0,1,Taille,,0,1,Tension,Medium,1,1,Attache,,0,1,Âme,,0,1,Filage,,0,1,Type produit,,0,1,Type pack,,0,1,Profil sonore,équilibré,1,1,Complexité,équilibré,1,1,Puissance,puissant,1,1,Réponse,rapide,1,1,Usage,orchestre,1,1,Positionnement,intermédiaire,1,1,Durabilité,élevée,1,1,Stabilité,excellente,1,1,Temps de rodage,court,1,1
5663,CDM-09DBDB,D'Addario Helicore – Medium,Marque,D'Addario,1,1,Modèle,Helicore,1,1,Instrument,Alto,1,1,Corde,,0,1,Taille,,0,1,Tension,Medium,1,1,Attache,,0,1,Âme,,0,1,Filage,,0,1,Type produit,,0,1,Type pack,,0,1,Profil sonore,équilibré,1,1,Complexité,équilibré,1,1,Puissance,puissant,1,1,Réponse,rapide,1,1,Usage,orchestre,1,1,Positionnement,intermédiaire,1,1,Durabilité,élevée,1,1,Stabilité,excellente,1,1,Temps de rodage,court,1,1
5664,CDM-FA3F43,D'Addario Helicore – Medium,Marque,D'Addario,1,1,Modèle,Helicore,1,1,Instrument,Alto,1,1,Corde,,0,1,Taille,,0,1,Tension,Medium,1,1,Attache,,0,1,Âme,,0,1,Filage,,0,1,Type produit,,0,1,Type pack,,0,1,Profil sonore,équilibré,1,1,Complexité,équilibré,1,1,Puissance,puissant,1,1,Réponse,rapide,1,1,Usage,orchestre,1,1,Positionnement,intermédiaire,1,1,Durabilité,élevée,1,1,Stabilité,excellente,1,1,Temps de rodage,court,1,1
5666,CDM-1A70E5,D'Addario Helicore Extra Long – Medium,Marque,D'Addario,1,1,Modèle,Helicore,1,1,Instrument,Alto,1,1,Corde,jeu,1,1,Taille,,0,1,Tension,Medium,1,1,Attache,,0,1,Âme,,0,1,Filage,,0,1,Type produit,,0,1,Type pack,,0,1,Profil sonore,équilibré,1,1,Complexité,équilibré,1,1,Puissance,puissant,1,1,Réponse,rapide,1,1,Usage,orchestre,1,1,Positionnement,intermédiaire,1,1,Durabilité,élevée,1,1,Stabilité,excellente,1,1,Temps de rodage,court,1,1
5669,CDM-8A4C99,D'Addario Helicore Long – Light,Marque,D'Addario,1,1,Modèle,Helicore,1,1,Instrument,Alto,1,1,Corde,jeu,1,1,Taille,,0,1,Tension,Light,1,1,Attache,,0,1,Âme,,0,1,Filage,,0,1,Type produit,,0,1,Type pack,,0,1,Profil sonore,équilibré,1,1,Complexité,équilibré,1,1,Puissance,puissant,1,1,Réponse,rapide,1,1,Usage,orchestre,1,1,Positionnement,intermédiaire,1,1,Durabilité,élevée,1,1,Stabilité,excellente,1,1,Temps de rodage,court,1,1
5671,CDM-B51510,D'Addario Helicore Long Heavy,Marque,D'Addario,1,1,Modèle,Helicore,1,1,Instrument,Alto,1,1,Corde,jeu,1,1,Taille,,0,1,Tension,Heavy,1,1,Attache,,0,1,Âme,,0,1,Filage,,0,1,Type produit,,0,1,Type pack,,0,1,Profil sonore,équilibré,1,1,Complexité,équilibré,1,1,Puissance,puissant,1,1,Réponse,rapide,1,1,Usage,orchestre,1,1,Positionnement,intermédiaire,1,1,Durabilité,élevée,1,1,Stabilité,excellente,1,1,Temps de rodage,court,1,1
5673,CDM-11BA37,Jargar Superior – Medium,Marque,Jargar,1,1,Modèle,Superior,1,1,Instrument,Alto,1,1,Corde,,0,1,Taille,,0,1,Tension,Medium,1,1,Attache,,0,1,Âme,,0,1,Filage,,0,1,Type produit,,0,1,Type pack,,0,1,Profil sonore,équilibré,1,1,Complexité,pur,1,1,Puissance,modéré,1,1,Réponse,rapide,1,1,Usage,soliste,1,1,Positionnement,intermédiaire,1,1,Durabilité,moyenne,1,1,Stabilité,bonne,1,1,Temps de rodage,court,1,1
5675,CDM-9D253E,Optima Goldbrokat – Medium,Marque,Optima,1,1,Modèle,Goldbrokat,1,1,Instrument,Alto,1,1,Corde,,0,1,Taille,,0,1,Tension,Medium,1,1,Attache,,0,1,Âme,,0,1,Filage,,0,1,Type produit,,0,1,Type pack,,0,1,Profil sonore,brillant,1,1,Complexité,pur,1,1,Puissance,modéré,1,1,Réponse,rapide,1,1,Usage,soliste,1,1,Positionnement,entrée,1,1,Durabilité,élevée,1,1,Stabilité,excellente,1,1,Temps de rodage,court,1,1
5677,CDM-75740C,Optima Protos – Medium,Marque,Optima,1,1,Modèle,Protos,1,1,Instrument,Alto,1,1,Corde,,0,1,Taille,,0,1,Tension,Medium,1,1,Attache,,0,1,Âme,,0,1,Filage,,0,1,Type produit,,0,1,Type pack,,0,1,Profil sonore,équilibré,1,1,Complexité,équilibré,1,1,Puissance,modéré,1,1,Réponse,rapide,1,1,Usage,orchestre,1,1,Positionnement,intermédiaire,1,1,Durabilité,moyenne,1,1,Stabilité,bonne,1,1,Temps de rodage,court,1,1
5678,CDM-9EA3D1,Optima Protos – Medium,Marque,Optima,1,1,Modèle,Protos,1,1,Instrument,Alto,1,1,Corde,,0,1,Taille,,0,1,Tension,Medium,1,1,Attache,,0,1,Âme,,0,1,Filage,,0,1,Type produit,,0,1,Type pack,,0,1,Profil sonore,équilibré,1,1,Complexité,équilibré,1,1,Puissance,modéré,1,1,Réponse,rapide,1,1,Usage,orchestre,1,1,Positionnement,intermédiaire,1,1,Durabilité,moyenne,1,1,Stabilité,bonne,1,1,Temps de rodage,court,1,1
5679,CDM-BF72B0,Optima Protos – Medium,Marque,Optima,1,1,Modèle,Protos,1,1,Instrument,Alto,1,1,Corde,,0,1,Taille,,0,1,Tension,Medium,1,1,Attache,,0,1,Âme,,0,1,Filage,,0,1,Type produit,,0,1,Type pack,,0,1,Profil sonore,équilibré,1,1,Complexité,équilibré,1,1,Puissance,modéré,1,1,Réponse,rapide,1,1,Usage,orchestre,1,1,Positionnement,intermédiaire,1,1,Durabilité,moyenne,1,1,Stabilité,bonne,1,1,Temps de rodage,court,1,1
5680,CDM-0C2389,Optima Protos – Medium,Marque,Optima,1,1,Modèle,Protos,1,1,Instrument,Alto,1,1,Corde,,0,1,Taille,,0,1,Tension,Medium,1,1,Attache,,0,1,Âme,,0,1,Filage,,0,1,Type produit,,0,1,Type pack,,0,1,Profil sonore,équilibré,1,1,Complexité,équilibré,1,1,Puissance,modéré,1,1,Réponse,rapide,1,1,Usage,orchestre,1,1,Positionnement,intermédiaire,1,1,Durabilité,moyenne,1,1,Stabilité,bonne,1,1,Temps de rodage,court,1,1
5681,CDM-4BCBFC,Optima Protos – Medium,Marque,Optima,1,1,Modèle,Protos,1,1,Instrument,Alto,1,1,Corde,,0,1,Taille,,0,1,Tension,Medium,1,1,Attache,,0,1,Âme,,0,1,Filage,,0,1,Type produit,,0,1,Type pack,,0,1,Profil sonore,équilibré,1,1,Complexité,équilibré,1,1,Puissance,modéré,1,1,Réponse,rapide,1,1,Usage,orchestre,1,1,Positionnement,intermédiaire,1,1,Durabilité,moyenne,1,1,Stabilité,bonne,1,1,Temps de rodage,court,1,1
5682,CDM-B6330C,Optima Protos – Medium,Marque,Optima,1,1,Modèle,Protos,1,1,Instrument,Alto,1,1,Corde,,0,1,Taille,,0,1,Tension,Medium,1,1,Attache,,0,1,Âme,,0,1,Filage,,0,1,Type produit,,0,1,Type pack,,0,1,Profil sonore,équilibré,1,1,Complexité,équilibré,1,1,Puissance,modéré,1,1,Réponse,rapide,1,1,Usage,orchestre,1,1,Positionnement,intermédiaire,1,1,Durabilité,moyenne,1,1,Stabilité,bonne,1,1,Temps de rodage,court,1,1
5684,CDM-CDCA0E,Pirastro Chromcor – Medium,Marque,Pirastro,1,1,Modèle,Chromcor,1,1,Instrument,Alto,1,1,Corde,,0,1,Taille,,0,1,Tension,Medium,1,1,Attache,,0,1,Âme,,0,1,Filage,,0,1,Type produit,,0,1,Type pack,,0,1,Profil sonore,brillant,1,1,Complexité,pur,1,1,Puissance,modéré,1,1,Réponse,rapide,1,1,Usage,"étudiant, orchestre",1,1,Positionnement,entrée,1,1,Durabilité,élevée,1,1,Stabilité,excellente,1,1,Temps de rodage,court,1,1
5686,CDM-C77760,Pirastro Evah Pirazzi – Light,Marque,Pirastro,1,1,Modèle,Evah Pirazzi,1,1,Instrument,Alto,1,1,Corde,,0,1,Taille,,0,1,Tension,Light,1,1,Attache,,0,1,Âme,,0,1,Filage,,0,1,Type produit,,0,1,Type pack,,0,1,Profil sonore,brillant,1,1,Complexité,complexe,1,1,Puissance,puissant,1,1,Réponse,rapide,1,1,Usage,soliste,1,1,Positionnement,premium,1,1,Durabilité,élevée,1,1,Stabilité,excellente,1,1,Temps de rodage,court,1,1
5688,CDM-6055EA,Pirastro Evah Pirazzi – Medium,Marque,Pirastro,1,1,Modèle,Evah Pirazzi,1,1,Instrument,Alto,1,1,Corde,,0,1,Taille,,0,1,Tension,Medium,1,1,Attache,,0,1,Âme,,0,1,Filage,,0,1,Type produit,,0,1,Type pack,,0,1,Profil sonore,brillant,1,1,Complexité,complexe,1,1,Puissance,puissant,1,1,Réponse,rapide,1,1,Usage,soliste,1,1,Positionnement,premium,1,1,Durabilité,élevée,1,1,Stabilité,excellente,1,1,Temps de rodage,court,1,1
5690,CDM-14BFFF,Pirastro Evah Pirazzi Gold,Marque,Pirastro,1,1,Modèle,Evah Pirazzi Gold,1,1,Instrument,Alto,1,1,Corde,,0,1,Taille,,0,1,Tension,,0,1,Attache,,0,1,Âme,,0,1,Filage,,0,1,Type produit,,0,1,Type pack,,0,1,Profil sonore,chaud,1,1,Complexité,complexe,1,1,Puissance,puissant,1,1,Réponse,rapide,1,1,Usage,soliste,1,1,Positionnement,premium,1,1,Durabilité,élevée,1,1,Stabilité,excellente,1,1,Temps de rodage,court,1,1
5692,CDM-6F6A0F,Pirastro Evah Pirazzi Gold,Marque,Pirastro,1,1,Modèle,Evah Pirazzi Gold,1,1,Instrument,Alto,1,1,Corde,,0,1,Taille,,0,1,Tension,,0,1,Attache,,0,1,Âme,,0,1,Filage,tungstène,1,1,Type produit,,0,1,Type pack,,0,1,Profil sonore,chaud,1,1,Complexité,complexe,1,1,Puissance,puissant,1,1,Réponse,rapide,1,1,Usage,soliste,1,1,Positionnement,premium,1,1,Durabilité,élevée,1,1,Stabilité,excellente,1,1,Temps de rodage,court,1,1
5694,CDM-906304,Pirastro Obligato,Marque,Pirastro,1,1,Modèle,Obligato,1,1,Instrument,Alto,1,1,Corde,,0,1,Taille,,0,1,Tension,,0,1,Attache,,0,1,Âme,,0,1,Filage,,0,1,Type produit,,0,1,Type pack,,0,1,Profil sonore,chaud,1,1,Complexité,complexe,1,1,Puissance,puissant,1,1,Réponse,rapide,1,1,Usage,soliste,1,1,Positionnement,premium,1,1,Durabilité,élevée,1,1,Stabilité,excellente,1,1,Temps de rodage,court,1,1
5696,CDM-F75C56,Pirastro Passione – Medium,Marque,Pirastro,1,1,Modèle,Passione,1,1,Instrument,Alto,1,1,Corde,,0,1,Taille,,0,1,Tension,Medium,1,1,Attache,,0,1,Âme,,0,1,Filage,,0,1,Type produit,,0,1,Type pack,,0,1,Profil sonore,chaud,1,1,Complexité,complexe,1,1,Puissance,modéré,1,1,Réponse,rapide,1,1,Usage,soliste,1,1,Positionnement,premium,1,1,Durabilité,moyenne,1,1,Stabilité,bonne,1,1,Temps de rodage,moyen,1,1
5698,CDM-B547B6,Pirastro Perpetual – Boule – Medium,Marque,Pirastro,1,1,Modèle,Perpetual,1,1,Instrument,Alto,1,1,Corde,,0,1,Taille,,0,1,Tension,Medium,1,1,Attache,Boule,1,1,Âme,,0,1,Filage,,0,1,Type produit,,0,1,Type pack,,0,1,Profil sonore,brillant,1,1,Complexité,complexe,1,1,Puissance,puissant,1,1,Réponse,rapide,1,1,Usage,soliste,1,1,Positionnement,premium,1,1,Durabilité,élevée,1,1,Stabilité,excellente,1,1,Temps de rodage,court,1,1
5700,CDM-709DDA,Pirastro Piranito – Medium,Marque,Pirastro,1,1,Modèle,Piranito,1,1,Instrument,Alto,1,1,Corde,,0,1,Taille,,0,1,Tension,Medium,1,1,Attache,,0,1,Âme,,0,1,Filage,,0,1,Type produit,,0,1,Type pack,,0,1,Profil sonore,brillant,1,1,Complexité,pur,1,1,Puissance,modéré,1,1,Réponse,rapide,1,1,Usage,étudiant,1,1,Positionnement,entrée,1,1,Durabilité,élevée,1,1,Stabilité,excellente,1,1,Temps de rodage,court,1,1
5701,CDM-645BAE,Pirastro Tonica alto – jeu – Medium,Marque,Pirastro,1,1,Modèle,Tonica,1,1,Instrument,Alto,1,1,Corde,jeu,1,1,Taille,,0,1,Tension,Medium,1,1,Attache,,0,1,Âme,,0,1,Filage,,0,1,Type produit,,0,1,Type pack,,0,1,Profil sonore,équilibré,1,1,Complexité,équilibré,1,1,Puissance,modéré,1,1,Réponse,rapide,1,1,Usage,étudiant,1,1,Positionnement,entrée,1,1,Durabilité,moyenne,1,1,Stabilité,excellente,1,1,Temps de rodage,court,1,1
5703,CDM-CB7482,Thomastik Dominant – Medium,Marque,Thomastik,1,1,Modèle,Dominant,1,1,Instrument,Alto,1,1,Corde,,0,1,Taille,,0,1,Tension,Medium,1,1,Attache,,0,1,Âme,,0,1,Filage,,0,1,Type produit,,0,1,Type pack,,0,1,Profil sonore,équilibré,1,1,Complexité,équilibré,1,1,Puissance,puissant,1,1,Réponse,rapide,1,1,Usage,orchestre,1,1,Positionnement,intermédiaire,1,1,Durabilité,moyenne,1,1,Stabilité,bonne,1,1,Temps de rodage,moyen,1,1
5704,CDM-2065B3,Thomastik Dominant – Medium,Marque,Thomastik,1,1,Modèle,Dominant,1,1,Instrument,Alto,1,1,Corde,,0,1,Taille,,0,1,Tension,Medium,1,1,Attache,,0,1,Âme,,0,1,Filage,,0,1,Type produit,,0,1,Type pack,,0,1,Profil sonore,équilibré,1,1,Complexité,équilibré,1,1,Puissance,puissant,1,1,Réponse,rapide,1,1,Usage,orchestre,1,1,Positionnement,intermédiaire,1,1,Durabilité,moyenne,1,1,Stabilité,bonne,1,1,Temps de rodage,moyen,1,1
5705,CDM-EDB7CD,Thomastik Dominant – Medium,Marque,Thomastik,1,1,Modèle,Dominant,1,1,Instrument,Alto,1,1,Corde,,0,1,Taille,,0,1,Tension,Medium,1,1,Attache,,0,1,Âme,,0,1,Filage,,0,1,Type produit,,0,1,Type pack,,0,1,Profil sonore,équilibré,1,1,Complexité,équilibré,1,1,Puissance,puissant,1,1,Réponse,rapide,1,1,Usage,orchestre,1,1,Positionnement,intermédiaire,1,1,Durabilité,moyenne,1,1,Stabilité,bonne,1,1,Temps de rodage,moyen,1,1
5706,CDM-F36AD4,Thomastik Dominant – Medium,Marque,Thomastik,1,1,Modèle,Dominant,1,1,Instrument,Alto,1,1,Corde,,0,1,Taille,,0,1,Tension,Medium,1,1,Attache,,0,1,Âme,,0,1,Filage,,0,1,Type produit,,0,1,Type pack,,0,1,Profil sonore,équilibré,1,1,Complexité,équilibré,1,1,Puissance,puissant,1,1,Réponse,rapide,1,1,Usage,orchestre,1,1,Positionnement,intermédiaire,1,1,Durabilité,moyenne,1,1,Stabilité,bonne,1,1,Temps de rodage,moyen,1,1
5707,CDM-EF1B81,Thomastik Dominant – Medium,Marque,Thomastik,1,1,Modèle,Dominant,1,1,Instrument,Alto,1,1,Corde,,0,1,Taille,,0,1,Tension,Medium,1,1,Attache,,0,1,Âme,,0,1,Filage,,0,1,Type produit,,0,1,Type pack,,0,1,Profil sonore,équilibré,1,1,Complexité,équilibré,1,1,Puissance,puissant,1,1,Réponse,rapide,1,1,Usage,orchestre,1,1,Positionnement,intermédiaire,1,1,Durabilité,moyenne,1,1,Stabilité,bonne,1,1,Temps de rodage,moyen,1,1
5708,CDM-9CEBFF,Thomastik Dominant – Medium,Marque,Thomastik,1,1,Modèle,Dominant,1,1,Instrument,Alto,1,1,Corde,,0,1,Taille,,0,1,Tension,Medium,1,1,Attache,,0,1,Âme,,0,1,Filage,,0,1,Type produit,,0,1,Type pack,,0,1,Profil sonore,équilibré,1,1,Complexité,équilibré,1,1,Puissance,puissant,1,1,Réponse,rapide,1,1,Usage,orchestre,1,1,Positionnement,intermédiaire,1,1,Durabilité,moyenne,1,1,Stabilité,bonne,1,1,Temps de rodage,moyen,1,1
5710,CDM-709A96,Thomastik Dominant Pro – 4/4,Marque,Thomastik,1,1,Modèle,Dominant Pro,1,1,Instrument,Alto,1,1,Corde,,0,1,Taille,"15""",1,1,Tension,,0,1,Attache,,0,1,Âme,,0,1,Filage,,0,1,Type produit,,0,1,Type pack,,0,1,Profil sonore,brillant,1,1,Complexité,équilibré,1,1,Puissance,puissant,1,1,Réponse,rapide,1,1,Usage,soliste,1,1,Positionnement,premium,1,1,Durabilité,moyenne,1,1,Stabilité,bonne,1,1,Temps de rodage,moyen,1,1
5712,CDM-88BDD1,Thomastik Dominant Pro – Do,Marque,Thomastik,1,1,Modèle,Dominant Pro,1,1,Instrument,Alto,1,1,Corde,Do,1,1,Taille,,0,1,Tension,,0,1,Attache,,0,1,Âme,,0,1,Filage,,0,1,Type produit,,0,1,Type pack,,0,1,Profil sonore,brillant,1,1,Complexité,équilibré,1,1,Puissance,puissant,1,1,Réponse,rapide,1,1,Usage,soliste,1,1,Positionnement,premium,1,1,Durabilité,moyenne,1,1,Stabilité,bonne,1,1,Temps de rodage,moyen,1,1
5715,CDM-E11B06,Thomastik Dominant Pro – La,Marque,Thomastik,1,1,Modèle,Dominant Pro,1,1,Instrument,Alto,1,1,Corde,La,1,1,Taille,,0,1,Tension,,0,1,Attache,,0,1,Âme,,0,1,Filage,,0,1,Type produit,,0,1,Type pack,,0,1,Profil sonore,brillant,1,1,Complexité,équilibré,1,1,Puissance,puissant,1,1,Réponse,rapide,1,1,Usage,soliste,1,1,Positionnement,premium,1,1,Durabilité,moyenne,1,1,Stabilité,bonne,1,1,Temps de rodage,moyen,1,1
5718,CDM-22A56A,Thomastik Dominant Pro – Ré,Marque,Thomastik,1,1,Modèle,Dominant Pro,1,1,Instrument,Alto,1,1,Corde,Ré,1,1,Taille,,0,1,Tension,,0,1,Attache,,0,1,Âme,,0,1,Filage,,0,1,Type produit,,0,1,Type pack,,0,1,Profil sonore,brillant,1,1,Complexité,équilibré,1,1,Puissance,puissant,1,1,Réponse,rapide,1,1,Usage,soliste,1,1,Positionnement,premium,1,1,Durabilité,moyenne,1,1,Stabilité,bonne,1,1,Temps de rodage,moyen,1,1
5721,CDM-41413A,Thomastik Dominant Pro – Sol,Marque,Thomastik,1,1,Modèle,Dominant Pro,1,1,Instrument,Alto,1,1,Corde,Sol,1,1,Taille,,0,1,Tension,,0,1,Attache,,0,1,Âme,,0,1,Filage,,0,1,Type produit,,0,1,Type pack,,0,1,Profil sonore,brillant,1,1,Complexité,équilibré,1,1,Puissance,puissant,1,1,Réponse,rapide,1,1,Usage,soliste,1,1,Positionnement,premium,1,1,Durabilité,moyenne,1,1,Stabilité,bonne,1,1,Temps de rodage,moyen,1,1
5724,CDM-56C98A,Thomastik Peter Infeld,Marque,Thomastik,1,1,Modèle,Peter Infeld,1,1,Instrument,Alto,1,1,Corde,,0,1,Taille,,0,1,Tension,,0,1,Attache,,0,1,Âme,,0,1,Filage,,0,1,Type produit,,0,1,Type pack,,0,1,Profil sonore,équilibré,1,1,Complexité,complexe,1,1,Puissance,puissant,1,1,Réponse,rapide,1,1,Usage,soliste,1,1,Positionnement,premium,1,1,Durabilité,moyenne,1,1,Stabilité,bonne,1,1,Temps de rodage,moyen,1,1
5726,CDM-B96D88,Thomastik Prazision – Medium – 4/4,Marque,Thomastik,1,1,Modèle,Prazision,1,1,Instrument,Alto,1,1,Corde,,0,1,Taille,"14""-15""",1,1,Tension,Medium,1,1,Attache,,0,1,Âme,,0,1,Filage,,0,1,Type produit,,0,1,Type pack,,0,1,Profil sonore,brillant,1,1,Complexité,pur,1,1,Puissance,modéré,1,1,Réponse,rapide,1,1,Usage,étudiant,1,1,Positionnement,entrée,1,1,Durabilité,élevée,1,1,Stabilité,excellente,1,1,Temps de rodage,court,1,1
5728,CDM-06D315,Thomastik Rondo – 4/4,Marque,Thomastik,1,1,Modèle,Rondo,1,1,Instrument,Alto,1,1,Corde,,0,1,Taille,"15""",1,1,Tension,,0,1,Attache,,0,1,Âme,,0,1,Filage,,0,1,Type produit,,0,1,Type pack,,0,1,Profil sonore,chaud,1,1,Complexité,complexe,1,1,Puissance,puissant,1,1,Réponse,rapide,1,1,Usage,soliste,1,1,Positionnement,premium,1,1,Durabilité,moyenne,1,1,Stabilité,bonne,1,1,Temps de rodage,court,1,1
5730,CDM-613EE8,Thomastik Rondo Gold,Marque,Thomastik,1,1,Modèle,Rondo Gold,1,1,Instrument,Alto,1,1,Corde,jeu,1,1,Taille,,0,1,Tension,,0,1,Attache,,0,1,Âme,,0,1,Filage,,0,1,Type produit,,0,1,Type pack,,0,1,Profil sonore,chaud,1,1,Complexité,complexe,1,1,Puissance,puissant,1,1,Réponse,rapide,1,1,Usage,soliste,1,1,Positionnement,premium,1,1,Durabilité,moyenne,1,1,Stabilité,bonne,1,1,Temps de rodage,court,1,1
5733,CDM-0986DC,Thomastik Spirocore,Marque,Thomastik,1,1,Modèle,Spirocore,1,1,Instrument,Alto,1,1,Corde,,0,1,Taille,,0,1,Tension,,0,1,Attache,,0,1,Âme,,0,1,Filage,,0,1,Type produit,,0,1,Type pack,,0,1,Profil sonore,brillant,1,1,Complexité,complexe,1,1,Puissance,puissant,1,1,Réponse,rapide,1,1,Usage,soliste,1,1,Positionnement,intermédiaire,1,1,Durabilité,élevée,1,1,Stabilité,bonne,1,1,Temps de rodage,long,1,1
5735,CDM-6032C8,Thomastik Superflexible – Medium,Marque,Thomastik,1,1,Modèle,Superflexible,1,1,Instrument,Alto,1,1,Corde,,0,1,Taille,,0,1,Tension,Medium,1,1,Attache,,0,1,Âme,,0,1,Filage,,0,1,Type produit,,0,1,Type pack,,0,1,Profil sonore,brillant,1,1,Complexité,pur,1,1,Puissance,modéré,1,1,Réponse,rapide,1,1,Usage,orchestre,1,1,Positionnement,entrée,1,1,Durabilité,élevée,1,1,Stabilité,excellente,1,1,Temps de rodage,court,1,1
5737,CDM-6B679A,Thomastik Vision – Medium,Marque,Thomastik,1,1,Modèle,Vision,1,1,Instrument,Alto,1,1,Corde,,0,1,Taille,,0,1,Tension,Medium,1,1,Attache,,0,1,Âme,,0,1,Filage,,0,1,Type produit,,0,1,Type pack,,0,1,Profil sonore,brillant,1,1,Complexité,équilibré,1,1,Puissance,modéré,1,1,Réponse,rapide,1,1,Usage,soliste,1,1,Positionnement,intermédiaire,1,1,Durabilité,moyenne,1,1,Stabilité,bonne,1,1,Temps de rodage,court,1,1
5739,CDM-D10BFF,Thomastik Vision Solo,Marque,Thomastik,1,1,Modèle,Vision Solo,1,1,Instrument,Alto,1,1,Corde,,0,1,Taille,,0,1,Tension,,0,1,Attache,,0,1,Âme,,0,1,Filage,,0,1,Type produit,,0,1,Type pack,,0,1,Profil sonore,brillant,1,1,Complexité,équilibré,1,1,Puissance,puissant,1,1,Réponse,rapide,1,1,Usage,soliste,1,1,Positionnement,intermédiaire,1,1,Durabilité,moyenne,1,1,Stabilité,bonne,1,1,Temps de rodage,court,1,1
5741,CDM-D16AA6,Warchal Amber large,Marque,Warchal,1,1,Modèle,Amber,1,1,Instrument,Alto,1,1,Corde,,0,1,Taille,,0,1,Tension,,0,1,Attache,,0,1,Âme,,0,1,Filage,,0,1,Type produit,,0,1,Type pack,,0,1,Profil sonore,chaud,1,1,Complexité,complexe,1,1,Puissance,modéré,1,1,Réponse,rapide,1,1,Usage,soliste,1,1,Positionnement,premium,1,1,Durabilité,élevée,1,1,Stabilité,bonne,1,1,Temps de rodage,moyen,1,1
5743,CDM-BC08C8,Aquila Gold Springs,Marque,Aquila,1,1,Modèle,Gold Springs,1,1,Instrument,Contrebasse,1,1,Corde,Ré,1,1,Taille,,0,1,Tension,,0,1,Attache,,0,1,Âme,,0,1,Filage,,0,1,Type produit,,0,1,Type pack,,0,1,Profil sonore,chaud,1,1,Complexité,complexe,1,1,Puissance,modéré,1,1,Réponse,douce,1,1,Usage,baroque,1,1,Positionnement,intermédiaire,1,1,Durabilité,faible,1,1,Stabilité,faible,1,1,Temps de rodage,long,1,1
5745,CDM-E6A9F4,Aquila Series,Marque,Aquila,1,1,Modèle,Series,1,1,Instrument,Contrebasse,1,1,Corde,Mi,1,1,Taille,,0,1,Tension,,0,1,Attache,,0,1,Âme,,0,1,Filage,,0,1,Type produit,,0,1,Type pack,,0,1,Profil sonore,chaud,1,1,Complexité,complexe,1,1,Puissance,modéré,1,1,Réponse,douce,1,1,Usage,baroque,1,1,Positionnement,intermédiaire,1,1,Durabilité,faible,1,1,Stabilité,faible,1,1,Temps de rodage,long,1,1
5747,CDM-92AFE0,D'Addario Helicore Hybrid – Light – 3/4,Marque,D'Addario,1,1,Modèle,Helicore Hybrid,1,1,Instrument,Contrebasse,1,1,Corde,jeu,1,1,Taille,3/4,1,1,Tension,Light,1,1,Attache,,0,1,Âme,,0,1,Filage,,0,1,Type produit,,0,1,Type pack,,0,1,Profil sonore,équilibré,1,1,Complexité,équilibré,1,1,Puissance,puissant,1,1,Réponse,rapide,1,1,Usage,"jazz, orchestre",1,1,Positionnement,intermédiaire,1,1,Durabilité,élevée,1,1,Stabilité,excellente,1,1,Temps de rodage,court,1,1
5749,CDM-538426,D'Addario Helicore Hybrid – Medium – 3/4,Marque,D'Addario,1,1,Modèle,Helicore Hybrid,1,1,Instrument,Contrebasse,1,1,Corde,jeu,1,1,Taille,3/4,1,1,Tension,Medium,1,1,Attache,,0,1,Âme,,0,1,Filage,,0,1,Type produit,,0,1,Type pack,,0,1,Profil sonore,équilibré,1,1,Complexité,équilibré,1,1,Puissance,puissant,1,1,Réponse,rapide,1,1,Usage,"jazz, orchestre",1,1,Positionnement,intermédiaire,1,1,Durabilité,élevée,1,1,Stabilité,excellente,1,1,Temps de rodage,court,1,1
5751,CDM-636354,D'Addario Helicore Pizzicato – Medium – 3/4,Marque,D'Addario,1,1,Modèle,Helicore Pizzicato,1,1,Instrument,Contrebasse,1,1,Corde,jeu,1,1,Taille,3/4,1,1,Tension,Medium,1,1,Attache,,0,1,Âme,,0,1,Filage,,0,1,Type produit,,0,1,Type pack,,0,1,Profil sonore,brillant,1,1,Complexité,équilibré,1,1,Puissance,puissant,1,1,Réponse,rapide,1,1,Usage,"jazz, pizzicato",1,1,Positionnement,intermédiaire,1,1,Durabilité,élevée,1,1,Stabilité,excellente,1,1,Temps de rodage,court,1,1
5753,CDM-64FCDA,D'Addario Helicore Solo – Medium – 3/4,Marque,D'Addario,1,1,Modèle,Helicore Solo,1,1,Instrument,Contrebasse,1,1,Corde,jeu,1,1,Taille,3/4,1,1,Tension,Medium,1,1,Attache,,0,1,Âme,,0,1,Filage,,0,1,Type produit,,0,1,Type pack,,0,1,Profil sonore,chaud,1,1,Complexité,équilibré,1,1,Puissance,modéré,1,1,Réponse,rapide,1,1,Usage,soliste,1,1,Positionnement,intermédiaire,1,1,Durabilité,élevée,1,1,Stabilité,bonne,1,1,Temps de rodage,court,1,1
5755,CDM-37C0E8,D'Addario Kaplan – Medium – 3/4,Marque,D'Addario,1,1,Modèle,Kaplan,1,1,Instrument,Contrebasse,1,1,Corde,,0,1,Taille,3/4,1,1,Tension,Medium,1,1,Attache,,0,1,Âme,,0,1,Filage,,0,1,Type produit,,0,1,Type pack,,0,1,Profil sonore,équilibré,1,1,Complexité,équilibré,1,1,Puissance,modéré,1,1,Réponse,rapide,1,1,Usage,"étudiant, intermédiaire",1,1,Positionnement,intermédiaire,1,1,Durabilité,élevée,1,1,Stabilité,excellente,1,1,Temps de rodage,court,1,1
5757,CDM-C8E26B,D'Addario Kaplan Solo – 3/4,Marque,D'Addario,1,1,Modèle,Kaplan Solo,1,1,Instrument,Contrebasse,1,1,Corde,,0,1,Taille,3/4,1,1,Tension,,0,1,Attache,,0,1,Âme,,0,1,Filage,,0,1,Type produit,,0,1,Type pack,,0,1,Profil sonore,équilibré,1,1,Complexité,complexe,1,1,Puissance,puissant,1,1,Réponse,rapide,1,1,Usage,soliste,1,1,Positionnement,premium,1,1,Durabilité,élevée,1,1,Stabilité,bonne,1,1,Temps de rodage,court,1,1
5761,CDM-C638E1,Pirastro Eudoxa Orchestra – Medium – 3/4,Marque,Pirastro,1,1,Modèle,Eudoxa Orchestra,1,1,Instrument,Contrebasse,1,1,Corde,,0,1,Taille,3/4,1,1,Tension,Medium,1,1,Attache,,0,1,Âme,,0,1,Filage,,0,1,Type produit,,0,1,Type pack,,0,1,Profil sonore,chaud,1,1,Complexité,complexe,1,1,Puissance,modéré,1,1,Réponse,douce,1,1,Usage,orchestre,1,1,Positionnement,premium,1,1,Durabilité,faible,1,1,Stabilité,moyenne,1,1,Temps de rodage,long,1,1
5763,CDM-3D1714,Pirastro Evah Pirazzi Orchestra – Medium – 3/4,Marque,Pirastro,1,1,Modèle,Evah Pirazzi Orchestra,1,1,Instrument,Contrebasse,1,1,Corde,,0,1,Taille,3/4,1,1,Tension,Medium,1,1,Attache,,0,1,Âme,,0,1,Filage,,0,1,Type produit,,0,1,Type pack,,0,1,Profil sonore,brillant,1,1,Complexité,équilibré,1,1,Puissance,puissant,1,1,Réponse,rapide,1,1,Usage,orchestre,1,1,Positionnement,premium,1,1,Durabilité,élevée,1,1,Stabilité,excellente,1,1,Temps de rodage,court,1,1
5765,CDM-4EE938,Pirastro Evah Pirazzi Slap Orchestra synthétique – Medium – 3/4,Marque,Pirastro,1,1,Modèle,Evah Pirazzi Slap Orchestra,1,1,Instrument,Contrebasse,1,1,Corde,,0,1,Taille,3/4,1,1,Tension,Medium,1,1,Attache,,0,1,Âme,,0,1,Filage,,0,1,Type produit,,0,1,Type pack,,0,1,Profil sonore,brillant,1,1,Complexité,pur,1,1,Puissance,puissant,1,1,Réponse,rapide,1,1,Usage,jazz,1,1,Positionnement,premium,1,1,Durabilité,élevée,1,1,Stabilité,bonne,1,1,Temps de rodage,court,1,1
5767,CDM-CEF8E9,Pirastro Evah Pirazzi Slap Orchestra synthétique – Medium – 3/4,Marque,Pirastro,1,1,Modèle,Evah Pirazzi Slap Orchestra,1,1,Instrument,Contrebasse,1,1,Corde,,0,1,Taille,3/4,1,1,Tension,Medium,1,1,Attache,,0,1,Âme,boyau,1,1,Filage,,0,1,Type produit,,0,1,Type pack,,0,1,Profil sonore,brillant,1,1,Complexité,pur,1,1,Puissance,puissant,1,1,Réponse,rapide,1,1,Usage,jazz,1,1,Positionnement,premium,1,1,Durabilité,élevée,1,1,Stabilité,bonne,1,1,Temps de rodage,court,1,1
5769,CDM-8FF25D,Pirastro Evah Pirazzi Soloist – Medium – 3/4,Marque,Pirastro,1,1,Modèle,Evah Pirazzi Soloist,1,1,Instrument,Contrebasse,1,1,Corde,,0,1,Taille,3/4,1,1,Tension,Medium,1,1,Attache,,0,1,Âme,,0,1,Filage,,0,1,Type produit,,0,1,Type pack,,0,1,Profil sonore,brillant,1,1,Complexité,complexe,1,1,Puissance,puissant,1,1,Réponse,rapide,1,1,Usage,soliste,1,1,Positionnement,premium,1,1,Durabilité,élevée,1,1,Stabilité,excellente,1,1,Temps de rodage,court,1,1
5771,CDM-150834,Pirastro Flat Chromesteel Orchestra – Medium – 3/4,Marque,Pirastro,1,1,Modèle,Flat-Chromesteel Orchestra,1,1,Instrument,Contrebasse,1,1,Corde,,0,1,Taille,3/4,1,1,Tension,Medium,1,1,Attache,,0,1,Âme,,0,1,Filage,,0,1,Type produit,,0,1,Type pack,,0,1,Profil sonore,brillant,1,1,Complexité,pur,1,1,Puissance,puissant,1,1,Réponse,rapide,1,1,Usage,orchestre,1,1,Positionnement,intermédiaire,1,1,Durabilité,élevée,1,1,Stabilité,excellente,1,1,Temps de rodage,court,1,1
5773,CDM-790250,Pirastro Flat Chromesteel Soloist – Medium – 3/4,Marque,Pirastro,1,1,Modèle,Flat-Chromesteel Soloist,1,1,Instrument,Contrebasse,1,1,Corde,,0,1,Taille,3/4,1,1,Tension,Medium,1,1,Attache,,0,1,Âme,,0,1,Filage,,0,1,Type produit,,0,1,Type pack,,0,1,Profil sonore,brillant,1,1,Complexité,pur,1,1,Puissance,puissant,1,1,Réponse,rapide,1,1,Usage,soliste,1,1,Positionnement,intermédiaire,1,1,Durabilité,élevée,1,1,Stabilité,excellente,1,1,Temps de rodage,court,1,1
5775,CDM-7BBFE8,Pirastro Flexocor Deluxe Orchestra – Medium – 3/4,Marque,Pirastro,1,1,Modèle,Flexocor Deluxe Orchestra,1,1,Instrument,Contrebasse,1,1,Corde,,0,1,Taille,3/4,1,1,Tension,Medium,1,1,Attache,,0,1,Âme,,0,1,Filage,,0,1,Type produit,,0,1,Type pack,,0,1,Profil sonore,chaud,1,1,Complexité,complexe,1,1,Puissance,modéré,1,1,Réponse,rapide,1,1,Usage,orchestre,1,1,Positionnement,premium,1,1,Durabilité,élevée,1,1,Stabilité,bonne,1,1,Temps de rodage,court,1,1
5777,CDM-4CCF35,Pirastro Flexocor Deluxe Soloist – Medium – 3/4,Marque,Pirastro,1,1,Modèle,Flexocor Deluxe Soloist,1,1,Instrument,Contrebasse,1,1,Corde,,0,1,Taille,3/4,1,1,Tension,Medium,1,1,Attache,,0,1,Âme,,0,1,Filage,,0,1,Type produit,,0,1,Type pack,,0,1,Profil sonore,chaud,1,1,Complexité,complexe,1,1,Puissance,puissant,1,1,Réponse,rapide,1,1,Usage,soliste,1,1,Positionnement,premium,1,1,Durabilité,élevée,1,1,Stabilité,bonne,1,1,Temps de rodage,court,1,1
5779,CDM-D091CD,Pirastro Flexocor Soloist – Medium – 4/4,Marque,Pirastro,1,1,Modèle,Flexocor Soloist,1,1,Instrument,Contrebasse,1,1,Corde,,0,1,Taille,4/4,1,1,Tension,Medium,1,1,Attache,,0,1,Âme,,0,1,Filage,,0,1,Type produit,,0,1,Type pack,,0,1,Profil sonore,chaud,1,1,Complexité,équilibré,1,1,Puissance,puissant,1,1,Réponse,rapide,1,1,Usage,soliste,1,1,Positionnement,intermédiaire,1,1,Durabilité,élevée,1,1,Stabilité,bonne,1,1,Temps de rodage,court,1,1
5781,CDM-4BC994,Pirastro Obligato Soloist – Medium – 3/4,Marque,Pirastro,1,1,Modèle,Obligato Soloist,1,1,Instrument,Contrebasse,1,1,Corde,jeu,1,1,Taille,3/4,1,1,Tension,Medium,1,1,Attache,,0,1,Âme,,0,1,Filage,,0,1,Type produit,,0,1,Type pack,,0,1,Profil sonore,chaud,1,1,Complexité,complexe,1,1,Puissance,puissant,1,1,Réponse,rapide,1,1,Usage,soliste,1,1,Positionnement,premium,1,1,Durabilité,élevée,1,1,Stabilité,excellente,1,1,Temps de rodage,court,1,1
5783,CDM-6BAD96,Pirastro Oliv Orchestra – Medium,Marque,Pirastro,1,1,Modèle,Oliv Orchestra,1,1,Instrument,Contrebasse,1,1,Corde,jeu,1,1,Taille,,0,1,Tension,Medium,1,1,Attache,,0,1,Âme,,0,1,Filage,,0,1,Type produit,,0,1,Type pack,,0,1,Profil sonore,chaud,1,1,Complexité,complexe,1,1,Puissance,modéré,1,1,Réponse,douce,1,1,Usage,orchestre,1,1,Positionnement,premium,1,1,Durabilité,faible,1,1,Stabilité,moyenne,1,1,Temps de rodage,long,1,1
5785,CDM-FB0873,Pirastro Original Flat-Chrome Orchestra – Medium – 3/4,Marque,Pirastro,1,1,Modèle,Original Flat-Chrome Orchestra,1,1,Instrument,Contrebasse,1,1,Corde,jeu,1,1,Taille,3/4,1,1,Tension,Medium,1,1,Attache,,0,1,Âme,,0,1,Filage,,0,1,Type produit,,0,1,Type pack,,0,1,Profil sonore,brillant,1,1,Complexité,pur,1,1,Puissance,modéré,1,1,Réponse,rapide,1,1,Usage,orchestre,1,1,Positionnement,entrée,1,1,Durabilité,élevée,1,1,Stabilité,excellente,1,1,Temps de rodage,court,1,1
5787,CDM-AE31E5,Pirastro Original Flat Soloist – Medium – 3/4,Marque,Pirastro,1,1,Modèle,Original Flat Soloist,1,1,Instrument,Contrebasse,1,1,Corde,jeu,1,1,Taille,3/4,1,1,Tension,Medium,1,1,Attache,,0,1,Âme,,0,1,Filage,,0,1,Type produit,,0,1,Type pack,,0,1,Profil sonore,brillant,1,1,Complexité,pur,1,1,Puissance,puissant,1,1,Réponse,rapide,1,1,Usage,soliste,1,1,Positionnement,entrée,1,1,Durabilité,élevée,1,1,Stabilité,excellente,1,1,Temps de rodage,court,1,1
5789,CDM-3C5F78,Pirastro Original Flexocor Orchestra – Medium – 3/4,Marque,Pirastro,1,1,Modèle,Original-Flexocor Orchestra,1,1,Instrument,Contrebasse,1,1,Corde,jeu,1,1,Taille,3/4,1,1,Tension,Medium,1,1,Attache,,0,1,Âme,,0,1,Filage,,0,1,Type produit,,0,1,Type pack,,0,1,Profil sonore,chaud,1,1,Complexité,équilibré,1,1,Puissance,modéré,1,1,Réponse,rapide,1,1,Usage,orchestre,1,1,Positionnement,intermédiaire,1,1,Durabilité,élevée,1,1,Stabilité,bonne,1,1,Temps de rodage,court,1,1
5791,CDM-64FD7A,Pirastro Passione Orchestra – Medium – 3/4,Marque,Pirastro,1,1,Modèle,Passione Orchestra,1,1,Instrument,Contrebasse,1,1,Corde,jeu,1,1,Taille,3/4,1,1,Tension,Medium,1,1,Attache,,0,1,Âme,,0,1,Filage,,0,1,Type produit,,0,1,Type pack,,0,1,Profil sonore,chaud,1,1,Complexité,complexe,1,1,Puissance,modéré,1,1,Réponse,rapide,1,1,Usage,orchestre,1,1,Positionnement,premium,1,1,Durabilité,moyenne,1,1,Stabilité,bonne,1,1,Temps de rodage,moyen,1,1
5793,CDM-3F5A4F,Pirastro Passione Orchestra Heavy – 3/4,Marque,Pirastro,1,1,Modèle,Passione Orchestra,1,1,Instrument,Contrebasse,1,1,Corde,jeu,1,1,Taille,3/4,1,1,Tension,Heavy,1,1,Attache,,0,1,Âme,,0,1,Filage,,0,1,Type produit,,0,1,Type pack,,0,1,Profil sonore,chaud,1,1,Complexité,complexe,1,1,Puissance,modéré,1,1,Réponse,rapide,1,1,Usage,orchestre,1,1,Positionnement,premium,1,1,Durabilité,moyenne,1,1,Stabilité,bonne,1,1,Temps de rodage,moyen,1,1
5795,CDM-4BA1F5,Pirastro Passione Soloist – Medium – 3/4,Marque,Pirastro,1,1,Modèle,Passione,1,1,Instrument,Contrebasse,1,1,Corde,,0,1,Taille,3/4,1,1,Tension,Medium,1,1,Attache,,0,1,Âme,,0,1,Filage,,0,1,Type produit,,0,1,Type pack,,0,1,Profil sonore,chaud,1,1,Complexité,complexe,1,1,Puissance,modéré,1,1,Réponse,rapide,1,1,Usage,soliste,1,1,Positionnement,premium,1,1,Durabilité,moyenne,1,1,Stabilité,bonne,1,1,Temps de rodage,moyen,1,1
5797,CDM-920BAA,Pirastro Permanent Orchestra – Medium – 3/4,Marque,Pirastro,1,1,Modèle,Permanent Orchestra,1,1,Instrument,Contrebasse,1,1,Corde,,0,1,Taille,3/4,1,1,Tension,Medium,1,1,Attache,,0,1,Âme,,0,1,Filage,,0,1,Type produit,,0,1,Type pack,,0,1,Profil sonore,brillant,1,1,Complexité,équilibré,1,1,Puissance,modéré,1,1,Réponse,rapide,1,1,Usage,orchestre,1,1,Positionnement,intermédiaire,1,1,Durabilité,élevée,1,1,Stabilité,excellente,1,1,Temps de rodage,court,1,1
5799,CDM-2CFA0C,Pirastro Permanent Soloist – Medium – 3/4,Marque,Pirastro,1,1,Modèle,Permanent Soloist,1,1,Instrument,Contrebasse,1,1,Corde,,0,1,Taille,3/4,1,1,Tension,Medium,1,1,Attache,,0,1,Âme,,0,1,Filage,,0,1,Type produit,,0,1,Type pack,,0,1,Profil sonore,brillant,1,1,Complexité,équilibré,1,1,Puissance,puissant,1,1,Réponse,rapide,1,1,Usage,soliste,1,1,Positionnement,intermédiaire,1,1,Durabilité,élevée,1,1,Stabilité,excellente,1,1,Temps de rodage,court,1,1
5801,CDM-91E8C0,Pirastro Perpetual Orchestra – Medium – 3/4,Marque,Pirastro,1,1,Modèle,Perpetual Orchestra,1,1,Instrument,Contrebasse,1,1,Corde,jeu,1,1,Taille,3/4,1,1,Tension,Medium,1,1,Attache,,0,1,Âme,,0,1,Filage,,0,1,Type produit,,0,1,Type pack,,0,1,Profil sonore,brillant,1,1,Complexité,équilibré,1,1,Puissance,puissant,1,1,Réponse,rapide,1,1,Usage,orchestre,1,1,Positionnement,premium,1,1,Durabilité,élevée,1,1,Stabilité,excellente,1,1,Temps de rodage,court,1,1
5803,CDM-80D7BE,Pirastro Perpetual Orchestra Heavy – 3/4,Marque,Pirastro,1,1,Modèle,Perpetual Orchestra,1,1,Instrument,Contrebasse,1,1,Corde,jeu,1,1,Taille,3/4,1,1,Tension,Heavy,1,1,Attache,,0,1,Âme,,0,1,Filage,,0,1,Type produit,,0,1,Type pack,,0,1,Profil sonore,brillant,1,1,Complexité,équilibré,1,1,Puissance,puissant,1,1,Réponse,rapide,1,1,Usage,orchestre,1,1,Positionnement,premium,1,1,Durabilité,élevée,1,1,Stabilité,excellente,1,1,Temps de rodage,court,1,1
5805,CDM-3B0CBF,Pirastro Perpetual Soloist – Medium – 3/4,Marque,Pirastro,1,1,Modèle,Perpetual Soloist,1,1,Instrument,Contrebasse,1,1,Corde,,0,1,Taille,3/4,1,1,Tension,Medium,1,1,Attache,,0,1,Âme,,0,1,Filage,,0,1,Type produit,,0,1,Type pack,,0,1,Profil sonore,brillant,1,1,Complexité,complexe,1,1,Puissance,puissant,1,1,Réponse,rapide,1,1,Usage,soliste,1,1,Positionnement,premium,1,1,Durabilité,élevée,1,1,Stabilité,excellente,1,1,Temps de rodage,court,1,1
5807,CDM-52F454,Pirastro The Jazzer Orchestra – Medium – 3/4,Marque,Pirastro,1,1,Modèle,The Jazzer Orchestra,1,1,Instrument,Contrebasse,1,1,Corde,jeu,1,1,Taille,3/4,1,1,Tension,Medium,1,1,Attache,,0,1,Âme,,0,1,Filage,,0,1,Type produit,,0,1,Type pack,,0,1,Profil sonore,brillant,1,1,Complexité,équilibré,1,1,Puissance,puissant,1,1,Réponse,rapide,1,1,Usage,jazz,1,1,Positionnement,intermédiaire,1,1,Durabilité,élevée,1,1,Stabilité,excellente,1,1,Temps de rodage,court,1,1
5809,CDM-8FEC5B,Thomastik Belcanto Orchestra – Medium – 3/4,Marque,Thomastik,1,1,Modèle,Belcanto Orchestra,1,1,Instrument,Contrebasse,1,1,Corde,,0,1,Taille,3/4,1,1,Tension,Medium,1,1,Attache,,0,1,Âme,,0,1,Filage,,0,1,Type produit,,0,1,Type pack,,0,1,Profil sonore,chaud,1,1,Complexité,équilibré,1,1,Puissance,modéré,1,1,Réponse,rapide,1,1,Usage,orchestre,1,1,Positionnement,intermédiaire,1,1,Durabilité,moyenne,1,1,Stabilité,bonne,1,1,Temps de rodage,court,1,1
5811,CDM-8B2BB3,Thomastik Belcanto Soloist – Medium – 3/4,Marque,Thomastik,1,1,Modèle,Belcanto Soloist,1,1,Instrument,Contrebasse,1,1,Corde,,0,1,Taille,3/4,1,1,Tension,Medium,1,1,Attache,,0,1,Âme,,0,1,Filage,,0,1,Type produit,,0,1,Type pack,,0,1,Profil sonore,chaud,1,1,Complexité,équilibré,1,1,Puissance,puissant,1,1,Réponse,rapide,1,1,Usage,soliste,1,1,Positionnement,intermédiaire,1,1,Durabilité,moyenne,1,1,Stabilité,bonne,1,1,Temps de rodage,court,1,1
5813,CDM-A3C067,Thomastik Dominant Orchestra – Medium – 3/4,Marque,Thomastik,1,1,Modèle,Dominant Orchestra,1,1,Instrument,Contrebasse,1,1,Corde,,0,1,Taille,3/4,1,1,Tension,Medium,1,1,Attache,,0,1,Âme,,0,1,Filage,,0,1,Type produit,,0,1,Type pack,,0,1,Profil sonore,équilibré,1,1,Complexité,équilibré,1,1,Puissance,modéré,1,1,Réponse,rapide,1,1,Usage,orchestre,1,1,Positionnement,intermédiaire,1,1,Durabilité,moyenne,1,1,Stabilité,bonne,1,1,Temps de rodage,moyen,1,1
5815,CDM-FA8814,Thomastik Dominant Soloist – Medium – 3/4,Marque,Thomastik,1,1,Modèle,Dominant Soloist,1,1,Instrument,Contrebasse,1,1,Corde,,0,1,Taille,3/4,1,1,Tension,Medium,1,1,Attache,,0,1,Âme,,0,1,Filage,,0,1,Type produit,,0,1,Type pack,,0,1,Profil sonore,équilibré,1,1,Complexité,équilibré,1,1,Puissance,puissant,1,1,Réponse,rapide,1,1,Usage,soliste,1,1,Positionnement,intermédiaire,1,1,Durabilité,moyenne,1,1,Stabilité,bonne,1,1,Temps de rodage,moyen,1,1
5817,CDM-F27CAE,Thomastik Peter Infeld Orchestra – Medium – 3/4,Marque,Thomastik,1,1,Modèle,Peter Infeld Orchestra,1,1,Instrument,Contrebasse,1,1,Corde,jeu,1,1,Taille,3/4,1,1,Tension,Medium,1,1,Attache,,0,1,Âme,,0,1,Filage,,0,1,Type produit,,0,1,Type pack,,0,1,Profil sonore,chaud,1,1,Complexité,complexe,1,1,Puissance,modéré,1,1,Réponse,rapide,1,1,Usage,orchestre,1,1,Positionnement,premium,1,1,Durabilité,moyenne,1,1,Stabilité,bonne,1,1,Temps de rodage,moyen,1,1
5820,CDM-8B685A,Thomastik Spirocore Orchestra Heavy – 4/4,Marque,Thomastik,1,1,Modèle,Spirocore Orchestra,1,1,Instrument,Contrebasse,1,1,Corde,jeu,1,1,Taille,4/4,1,1,Tension,,0,1,Attache,,0,1,Âme,,0,1,Filage,,0,1,Type produit,,0,1,Type pack,,0,1,Profil sonore,brillant,1,1,Complexité,complexe,1,1,Puissance,puissant,1,1,Réponse,rapide,1,1,Usage,orchestre,1,1,Positionnement,intermédiaire,1,1,Durabilité,élevée,1,1,Stabilité,bonne,1,1,Temps de rodage,long,1,1
5822,CDM-B2A68E,Thomastik Superflexible Soloist – Medium – 4/4,Marque,Thomastik,1,1,Modèle,Superflexible Soloist,1,1,Instrument,Contrebasse,1,1,Corde,,0,1,Taille,4/4,1,1,Tension,Medium,1,1,Attache,,0,1,Âme,,0,1,Filage,,0,1,Type produit,,0,1,Type pack,,0,1,Profil sonore,brillant,1,1,Complexité,pur,1,1,Puissance,puissant,1,1,Réponse,rapide,1,1,Usage,soliste,1,1,Positionnement,entrée,1,1,Durabilité,élevée,1,1,Stabilité,excellente,1,1,Temps de rodage,court,1,1
5824,CDM-DC4AFA,D'Addario Helicore Heavy – Boule – 4/4,Marque,D'Addario,1,1,Modèle,Helicore,1,1,Instrument,Violon,1,1,Corde,jeu,1,1,Taille,4/4,1,1,Tension,Heavy,1,1,Attache,Boule,1,1,Âme,,0,1,Filage,,0,1,Type produit,,0,1,Type pack,,0,1,Profil sonore,équilibré,1,1,Complexité,équilibré,1,1,Puissance,puissant,1,1,Réponse,rapide,1,1,Usage,orchestre,1,1,Positionnement,intermédiaire,1,1,Durabilité,élevée,1,1,Stabilité,excellente,1,1,Temps de rodage,court,1,1
5826,CDM-364F0D,D'Addario Helicore Octave – Medium – 4/4,Marque,D'Addario,1,1,Modèle,Helicore Octave,1,1,Instrument,Violon,1,1,Corde,jeu,1,1,Taille,4/4,1,1,Tension,Medium,1,1,Attache,,0,1,Âme,,0,1,Filage,,0,1,Type produit,,0,1,Type pack,,0,1,Profil sonore,chaud,1,1,Complexité,équilibré,1,1,Puissance,modéré,1,1,Réponse,rapide,1,1,Usage,expérimental,1,1,Positionnement,intermédiaire,1,1,Durabilité,élevée,1,1,Stabilité,excellente,1,1,Temps de rodage,court,1,1
5828,CDM-A4AE71,D'Addario Kaplan Amo – Light – 4/4,Marque,D'Addario,1,1,Modèle,Kaplan Amo,1,1,Instrument,Violon,1,1,Corde,,0,1,Taille,4/4,1,1,Tension,Light,1,1,Attache,,0,1,Âme,,0,1,Filage,,0,1,Type produit,,0,1,Type pack,,0,1,Profil sonore,chaud,1,1,Complexité,complexe,1,1,Puissance,puissant,1,1,Réponse,rapide,1,1,Usage,soliste,1,1,Positionnement,premium,1,1,Durabilité,élevée,1,1,Stabilité,excellente,1,1,Temps de rodage,court,1,1
5830,CDM-AEE720,D'Addario Kaplan Amo Heavy – 4/4,Marque,D'Addario,1,1,Modèle,Kaplan Amo Heavy,1,1,Instrument,Violon,1,1,Corde,,0,1,Taille,4/4,1,1,Tension,,0,1,Attache,,0,1,Âme,,0,1,Filage,,0,1,Type produit,,0,1,Type pack,,0,1,Profil sonore,chaud,1,1,Complexité,complexe,1,1,Puissance,puissant,1,1,Réponse,rapide,1,1,Usage,soliste,1,1,Positionnement,premium,1,1,Durabilité,élevée,1,1,Stabilité,excellente,1,1,Temps de rodage,court,1,1
5832,CDM-DE462A,D'Addario Kaplan Vivo – Light – 4/4,Marque,D'Addario,1,1,Modèle,Kaplan Vivo,1,1,Instrument,Violon,1,1,Corde,,0,1,Taille,4/4,1,1,Tension,Light,1,1,Attache,,0,1,Âme,,0,1,Filage,,0,1,Type produit,,0,1,Type pack,,0,1,Profil sonore,brillant,1,1,Complexité,équilibré,1,1,Puissance,puissant,1,1,Réponse,rapide,1,1,Usage,soliste,1,1,Positionnement,premium,1,1,Durabilité,élevée,1,1,Stabilité,excellente,1,1,Temps de rodage,court,1,1
5834,CDM-C1990C,D'Addario Kaplan Vivo – Medium – 4/4,Marque,D'Addario,1,1,Modèle,Kaplan Vivo,1,1,Instrument,Violon,1,1,Corde,,0,1,Taille,4/4,1,1,Tension,Medium,1,1,Attache,,0,1,Âme,,0,1,Filage,,0,1,Type produit,,0,1,Type pack,,0,1,Profil sonore,brillant,1,1,Complexité,équilibré,1,1,Puissance,puissant,1,1,Réponse,rapide,1,1,Usage,soliste,1,1,Positionnement,premium,1,1,Durabilité,élevée,1,1,Stabilité,excellente,1,1,Temps de rodage,court,1,1
5836,CDM-C38379,D'Addario Kaplan Vivo Heavy – 4/4,Marque,D'Addario,1,1,Modèle,Kaplan Vivo Heavy,1,1,Instrument,Violon,1,1,Corde,,0,1,Taille,4/4,1,1,Tension,,0,1,Attache,,0,1,Âme,,0,1,Filage,,0,1,Type produit,,0,1,Type pack,,0,1,Profil sonore,brillant,1,1,Complexité,équilibré,1,1,Puissance,puissant,1,1,Réponse,rapide,1,1,Usage,soliste,1,1,Positionnement,premium,1,1,Durabilité,élevée,1,1,Stabilité,excellente,1,1,Temps de rodage,court,1,1
5838,CDM-C5C95A,Jargar Classic – Boule – Medium – 4/4,Marque,Jargar,1,1,Modèle,Classic,1,1,Instrument,Violon,1,1,Corde,,0,1,Taille,4/4,1,1,Tension,Medium,1,1,Attache,Boule,1,1,Âme,,0,1,Filage,,0,1,Type produit,,0,1,Type pack,,0,1,Profil sonore,brillant,1,1,Complexité,pur,1,1,Puissance,puissant,1,1,Réponse,rapide,1,1,Usage,orchestre,1,1,Positionnement,intermédiaire,1,1,Durabilité,moyenne,1,1,Stabilité,excellente,1,1,Temps de rodage,court,1,1
5840,CDM-C21247,Jargar Eccentric – Medium – 4/4,Marque,Jargar,1,1,Modèle,Eccentric,1,1,Instrument,Violon,1,1,Corde,,0,1,Taille,4/4,1,1,Tension,Medium,1,1,Attache,,0,1,Âme,,0,1,Filage,,0,1,Type produit,,0,1,Type pack,,0,1,Profil sonore,chaud,1,1,Complexité,complexe,1,1,Puissance,puissant,1,1,Réponse,rapide,1,1,Usage,soliste,1,1,Positionnement,premium,1,1,Durabilité,moyenne,1,1,Stabilité,bonne,1,1,Temps de rodage,court,1,1
5844,CDM-E02C88,Jargar Superior – Medium – 4/4,Marque,Jargar,1,1,Modèle,Superior,1,1,Instrument,Violon,1,1,Corde,,0,1,Taille,4/4,1,1,Tension,Medium,1,1,Attache,,0,1,Âme,,0,1,Filage,,0,1,Type produit,,0,1,Type pack,,0,1,Profil sonore,équilibré,1,1,Complexité,pur,1,1,Puissance,modéré,1,1,Réponse,rapide,1,1,Usage,soliste,1,1,Positionnement,intermédiaire,1,1,Durabilité,moyenne,1,1,Stabilité,bonne,1,1,Temps de rodage,court,1,1
5846,CDM-D389C0,Optima Goldbrokat – Medium – 4/4,Marque,Optima,1,1,Modèle,Goldbrokat,1,1,Instrument,Violon,1,1,Corde,,0,1,Taille,4/4,1,1,Tension,Medium,1,1,Attache,,0,1,Âme,,0,1,Filage,,0,1,Type produit,,0,1,Type pack,,0,1,Profil sonore,brillant,1,1,Complexité,pur,1,1,Puissance,modéré,1,1,Réponse,rapide,1,1,Usage,soliste,1,1,Positionnement,entrée,1,1,Durabilité,élevée,1,1,Stabilité,excellente,1,1,Temps de rodage,court,1,1
5848,CDM-813EC0,Pirastro Eudoxa – Boule – Medium – 4/4,Marque,Pirastro,1,1,Modèle,Eudoxa,1,1,Instrument,Violon,1,1,Corde,,0,1,Taille,4/4,1,1,Tension,Medium,1,1,Attache,Boule,1,1,Âme,acier,1,1,Filage,aluminium,1,1,Type produit,,0,1,Type pack,,0,1,Profil sonore,chaud,1,1,Complexité,complexe,1,1,Puissance,modéré,1,1,Réponse,douce,1,1,Usage,soliste,1,1,Positionnement,premium,1,1,Durabilité,faible,1,1,Stabilité,moyenne,1,1,Temps de rodage,long,1,1
5850,CDM-FC2F12,Pirastro Evah Pirazzi – Boucle – Medium – 4/4,Marque,Pirastro,1,1,Modèle,Evah Pirazzi,1,1,Instrument,Violon,1,1,Corde,,0,1,Taille,4/4,1,1,Tension,Medium,1,1,Attache,Boucle,1,1,Âme,,0,1,Filage,,0,1,Type produit,,0,1,Type pack,,0,1,Profil sonore,brillant,1,1,Complexité,complexe,1,1,Puissance,puissant,1,1,Réponse,rapide,1,1,Usage,soliste,1,1,Positionnement,premium,1,1,Durabilité,élevée,1,1,Stabilité,excellente,1,1,Temps de rodage,court,1,1
5852,CDM-D78EDA,Pirastro Evah Pirazzi – Boule – Medium – 4/4,Marque,Pirastro,1,1,Modèle,Evah Pirazzi,1,1,Instrument,Violon,1,1,Corde,,0,1,Taille,4/4,1,1,Tension,Medium,1,1,Attache,Boule,1,1,Âme,,0,1,Filage,,0,1,Type produit,,0,1,Type pack,,0,1,Profil sonore,brillant,1,1,Complexité,complexe,1,1,Puissance,puissant,1,1,Réponse,rapide,1,1,Usage,soliste,1,1,Positionnement,premium,1,1,Durabilité,élevée,1,1,Stabilité,excellente,1,1,Temps de rodage,court,1,1
5854,CDM-D41C96,Pirastro Evah Pirazzi Gold – Boucle – Medium – 4/4,Marque,Pirastro,1,1,Modèle,Evah Pirazzi Gold,1,1,Instrument,Violon,1,1,Corde,,0,1,Taille,4/4,1,1,Tension,Medium,1,1,Attache,Boucle,1,1,Âme,,0,1,Filage,argent,1,1,Type produit,,0,1,Type pack,,0,1,Profil sonore,chaud,1,1,Complexité,complexe,1,1,Puissance,puissant,1,1,Réponse,rapide,1,1,Usage,soliste,1,1,Positionnement,premium,1,1,Durabilité,élevée,1,1,Stabilité,excellente,1,1,Temps de rodage,court,1,1
5856,CDM-2103A1,Pirastro Evah Pirazzi Gold – Boule – Medium – 4/4,Marque,Pirastro,1,1,Modèle,Evah Pirazzi Gold,1,1,Instrument,Violon,1,1,Corde,,0,1,Taille,4/4,1,1,Tension,Medium,1,1,Attache,Boule,1,1,Âme,,0,1,Filage,argent,1,1,Type produit,,0,1,Type pack,,0,1,Profil sonore,chaud,1,1,Complexité,complexe,1,1,Puissance,puissant,1,1,Réponse,rapide,1,1,Usage,soliste,1,1,Positionnement,premium,1,1,Durabilité,élevée,1,1,Stabilité,excellente,1,1,Temps de rodage,court,1,1
5858,CDM-208824,Pirastro Evah Pirazzi Gold or – Boucle – Medium – 4/4,Marque,Pirastro,1,1,Modèle,Evah Pirazzi Gold,1,1,Instrument,Violon,1,1,Corde,,0,1,Taille,4/4,1,1,Tension,Medium,1,1,Attache,Boucle,1,1,Âme,,0,1,Filage,or,1,1,Type produit,,0,1,Type pack,,0,1,Profil sonore,chaud,1,1,Complexité,complexe,1,1,Puissance,puissant,1,1,Réponse,rapide,1,1,Usage,soliste,1,1,Positionnement,premium,1,1,Durabilité,élevée,1,1,Stabilité,excellente,1,1,Temps de rodage,court,1,1
5860,CDM-8FCD77,Pirastro Evah Pirazzi Gold or – Boule – Medium – 4/4,Marque,Pirastro,1,1,Modèle,Evah Pirazzi Gold,1,1,Instrument,Violon,1,1,Corde,,0,1,Taille,4/4,1,1,Tension,Medium,1,1,Attache,Boule,1,1,Âme,,0,1,Filage,or,1,1,Type produit,,0,1,Type pack,,0,1,Profil sonore,chaud,1,1,Complexité,complexe,1,1,Puissance,puissant,1,1,Réponse,rapide,1,1,Usage,soliste,1,1,Positionnement,premium,1,1,Durabilité,élevée,1,1,Stabilité,excellente,1,1,Temps de rodage,court,1,1
5862,CDM-3E24FA,Pirastro Evah Pirazzi or – Boule – Medium – 4/4,Marque,Pirastro,1,1,Modèle,Evah Pirazzi,1,1,Instrument,Violon,1,1,Corde,,0,1,Taille,4/4,1,1,Tension,Medium,1,1,Attache,Boule,1,1,Âme,,0,1,Filage,or,1,1,Type produit,,0,1,Type pack,,0,1,Profil sonore,brillant,1,1,Complexité,complexe,1,1,Puissance,puissant,1,1,Réponse,rapide,1,1,Usage,soliste,1,1,Positionnement,premium,1,1,Durabilité,élevée,1,1,Stabilité,excellente,1,1,Temps de rodage,court,1,1
5864,CDM-085596,Pirastro Evah Pirazzi argenté – Boule – Light – 4/4,Marque,Pirastro,1,1,Modèle,Evah Pirazzi,1,1,Instrument,Violon,1,1,Corde,,0,1,Taille,4/4,1,1,Tension,Light,1,1,Attache,Boule,1,1,Âme,acier,1,1,Filage,argent,1,1,Type produit,,0,1,Type pack,,0,1,Profil sonore,brillant,1,1,Complexité,complexe,1,1,Puissance,puissant,1,1,Réponse,rapide,1,1,Usage,soliste,1,1,Positionnement,premium,1,1,Durabilité,élevée,1,1,Stabilité,excellente,1,1,Temps de rodage,court,1,1
5866,CDM-712395,Pirastro Flexocor Permanent – Boule – Medium – 4/4,Marque,Pirastro,1,1,Modèle,Flexocor Permanent,1,1,Instrument,Violon,1,1,Corde,,0,1,Taille,4/4,1,1,Tension,Medium,1,1,Attache,Boule,1,1,Âme,,0,1,Filage,,0,1,Type produit,,0,1,Type pack,,0,1,Profil sonore,brillant,1,1,Complexité,équilibré,1,1,Puissance,modéré,1,1,Réponse,rapide,1,1,Usage,orchestre,1,1,Positionnement,intermédiaire,1,1,Durabilité,élevée,1,1,Stabilité,excellente,1,1,Temps de rodage,court,1,1
5868,CDM-224BCE,Thomastik Rondo Gold – Mi – 4/4,Marque,Thomastik,1,1,Modèle,Rondo Gold,1,1,Instrument,Violon,1,1,Corde,Mi,1,1,Taille,4/4,1,1,Tension,,0,1,Attache,,0,1,Âme,acier,1,1,Filage,,0,1,Type produit,,0,1,Type pack,,0,1,Profil sonore,chaud,1,1,Complexité,complexe,1,1,Puissance,puissant,1,1,Réponse,rapide,1,1,Usage,soliste,1,1,Positionnement,premium,1,1,Durabilité,moyenne,1,1,Stabilité,bonne,1,1,Temps de rodage,court,1,1
5870,CDM-882ACF,Thomastik Rondo Gold – Sol – 4/4,Marque,Thomastik,1,1,Modèle,Rondo Gold,1,1,Instrument,Violon,1,1,Corde,Sol,1,1,Taille,4/4,1,1,Tension,,0,1,Attache,,0,1,Âme,,0,1,Filage,,0,1,Type produit,,0,1,Type pack,,0,1,Profil sonore,chaud,1,1,Complexité,complexe,1,1,Puissance,puissant,1,1,Réponse,rapide,1,1,Usage,soliste,1,1,Positionnement,premium,1,1,Durabilité,moyenne,1,1,Stabilité,bonne,1,1,Temps de rodage,court,1,1
5872,CDM-E7203A,Thomastik Rondo tube – La,Marque,Thomastik,1,1,Modèle,Rondo,1,1,Instrument,Violon,1,1,Corde,La,1,1,Taille,,0,1,Tension,,0,1,Attache,,0,1,Âme,,0,1,Filage,,0,1,Type produit,,0,1,Type pack,,0,1,Profil sonore,chaud,1,1,Complexité,complexe,1,1,Puissance,puissant,1,1,Réponse,rapide,1,1,Usage,soliste,1,1,Positionnement,premium,1,1,Durabilité,moyenne,1,1,Stabilité,bonne,1,1,Temps de rodage,court,1,1
5874,CDM-C21973,Warchal Brilliant – La – Medium – 4/4,Marque,Warchal,1,1,Modèle,Brilliant,1,1,Instrument,Violon,1,1,Corde,La,1,1,Taille,4/4,1,1,Tension,Medium,1,1,Attache,,0,1,Âme,,0,1,Filage,,0,1,Type produit,,0,1,Type pack,,0,1,Profil sonore,brillant,1,1,Complexité,équilibré,1,1,Puissance,puissant,1,1,Réponse,rapide,1,1,Usage,soliste,1,1,Positionnement,premium,1,1,Durabilité,élevée,1,1,Stabilité,bonne,1,1,Temps de rodage,moyen,1,1
5876,CDM-A06C65,Warchal Brilliant – Mi – Boule – Medium – 4/4,Marque,Warchal,1,1,Modèle,Brilliant,1,1,Instrument,Violon,1,1,Corde,Mi,1,1,Taille,4/4,1,1,Tension,Medium,1,1,Attache,Boule,1,1,Âme,acier,1,1,Filage,,0,1,Type produit,,0,1,Type pack,,0,1,Profil sonore,brillant,1,1,Complexité,équilibré,1,1,Puissance,puissant,1,1,Réponse,rapide,1,1,Usage,soliste,1,1,Positionnement,premium,1,1,Durabilité,élevée,1,1,Stabilité,bonne,1,1,Temps de rodage,moyen,1,1
5878,CDM-C85CFF,Warchal Brilliant – Ré – Medium – 4/4,Marque,Warchal,1,1,Modèle,Brilliant,1,1,Instrument,Violon,1,1,Corde,Ré,1,1,Taille,4/4,1,1,Tension,Medium,1,1,Attache,,0,1,Âme,,0,1,Filage,,0,1,Type produit,,0,1,Type pack,,0,1,Profil sonore,brillant,1,1,Complexité,équilibré,1,1,Puissance,puissant,1,1,Réponse,rapide,1,1,Usage,soliste,1,1,Positionnement,premium,1,1,Durabilité,élevée,1,1,Stabilité,bonne,1,1,Temps de rodage,moyen,1,1
5880,CDM-7AE054,Warchal Brilliant – Sol – Medium – 4/4,Marque,Warchal,1,1,Modèle,Brilliant,1,1,Instrument,Violon,1,1,Corde,Sol,1,1,Taille,4/4,1,1,Tension,Medium,1,1,Attache,,0,1,Âme,acier,1,1,Filage,argent,1,1,Type produit,,0,1,Type pack,,0,1,Profil sonore,brillant,1,1,Complexité,équilibré,1,1,Puissance,puissant,1,1,Réponse,rapide,1,1,Usage,soliste,1,1,Positionnement,premium,1,1,Durabilité,élevée,1,1,Stabilité,bonne,1,1,Temps de rodage,moyen,1,1
5882,CDM-8F2FBF,Warchal Brilliant Vintage – La – Medium – 4/4,Marque,Warchal,1,1,Modèle,Brilliant Vintage,1,1,Instrument,Violon,1,1,Corde,La,1,1,Taille,4/4,1,1,Tension,Medium,1,1,Attache,,0,1,Âme,,0,1,Filage,,0,1,Type produit,,0,1,Type pack,,0,1,Profil sonore,chaud,1,1,Complexité,équilibré,1,1,Puissance,modéré,1,1,Réponse,rapide,1,1,Usage,orchestre,1,1,Positionnement,premium,1,1,Durabilité,élevée,1,1,Stabilité,bonne,1,1,Temps de rodage,moyen,1,1
5884,CDM-2D0BEC,Warchal Brilliant Vintage – Mi – Boule – Medium – 4/4,Marque,Warchal,1,1,Modèle,Brilliant Vintage,1,1,Instrument,Violon,1,1,Corde,Mi,1,1,Taille,4/4,1,1,Tension,Medium,1,1,Attache,Boule,1,1,Âme,acier,1,1,Filage,,0,1,Type produit,,0,1,Type pack,,0,1,Profil sonore,chaud,1,1,Complexité,équilibré,1,1,Puissance,modéré,1,1,Réponse,rapide,1,1,Usage,orchestre,1,1,Positionnement,premium,1,1,Durabilité,élevée,1,1,Stabilité,bonne,1,1,Temps de rodage,moyen,1,1
5886,CDM-ACB48B,Warchal Brilliant Vintage – Ré – Medium – 4/4,Marque,Warchal,1,1,Modèle,Brilliant Vintage,1,1,Instrument,Violon,1,1,Corde,Ré,1,1,Taille,4/4,1,1,Tension,Medium,1,1,Attache,,0,1,Âme,,0,1,Filage,argent,1,1,Type produit,,0,1,Type pack,,0,1,Profil sonore,chaud,1,1,Complexité,équilibré,1,1,Puissance,modéré,1,1,Réponse,rapide,1,1,Usage,orchestre,1,1,Positionnement,premium,1,1,Durabilité,élevée,1,1,Stabilité,bonne,1,1,Temps de rodage,moyen,1,1
5888,CDM-F352EE,Warchal Brilliant Vintage – Sol – Medium – 4/4,Marque,Warchal,1,1,Modèle,Brilliant Vintage,1,1,Instrument,Violon,1,1,Corde,Sol,1,1,Taille,4/4,1,1,Tension,Medium,1,1,Attache,,0,1,Âme,acier,1,1,Filage,argent,1,1,Type produit,,0,1,Type pack,,0,1,Profil sonore,chaud,1,1,Complexité,équilibré,1,1,Puissance,modéré,1,1,Réponse,rapide,1,1,Usage,orchestre,1,1,Positionnement,premium,1,1,Durabilité,élevée,1,1,Stabilité,bonne,1,1,Temps de rodage,moyen,1,1
5890,CDM-55B55A,D'Addario Helicore – Medium – 4/4,Marque,D'Addario,1,1,Modèle,Helicore,1,1,Instrument,Violoncelle,1,1,Corde,,0,1,Taille,4/4,1,1,Tension,Medium,1,1,Attache,,0,1,Âme,,0,1,Filage,,0,1,Type produit,,0,1,Type pack,,0,1,Profil sonore,équilibré,1,1,Complexité,équilibré,1,1,Puissance,puissant,1,1,Réponse,rapide,1,1,Usage,orchestre,1,1,Positionnement,intermédiaire,1,1,Durabilité,élevée,1,1,Stabilité,excellente,1,1,Temps de rodage,court,1,1
5892,CDM-5133B1,D'Addario Kaplan Solutions – Medium – 4/4,Marque,D'Addario,1,1,Modèle,Kaplan Solutions,1,1,Instrument,Violoncelle,1,1,Corde,,0,1,Taille,4/4,1,1,Tension,Medium,1,1,Attache,,0,1,Âme,,0,1,Filage,,0,1,Type produit,,0,1,Type pack,,0,1,Profil sonore,chaud,1,1,Complexité,équilibré,1,1,Puissance,modéré,1,1,Réponse,rapide,1,1,Usage,étudiant,1,1,Positionnement,intermédiaire,1,1,Durabilité,élevée,1,1,Stabilité,excellente,1,1,Temps de rodage,court,1,1
5894,CDM-4B7DFE,Jargar Classic – Medium – 4/4,Marque,Jargar,1,1,Modèle,Classic,1,1,Instrument,Violoncelle,1,1,Corde,,0,1,Taille,4/4,1,1,Tension,Medium,1,1,Attache,,0,1,Âme,,0,1,Filage,,0,1,Type produit,,0,1,Type pack,,0,1,Profil sonore,brillant,1,1,Complexité,pur,1,1,Puissance,puissant,1,1,Réponse,rapide,1,1,Usage,orchestre,1,1,Positionnement,intermédiaire,1,1,Durabilité,moyenne,1,1,Stabilité,excellente,1,1,Temps de rodage,court,1,1
5896,CDM-494A80,Jargar Eccentric – Medium – 4/4,Marque,Jargar,1,1,Modèle,Eccentric,1,1,Instrument,Violoncelle,1,1,Corde,,0,1,Taille,4/4,1,1,Tension,Medium,1,1,Attache,,0,1,Âme,,0,1,Filage,,0,1,Type produit,,0,1,Type pack,,0,1,Profil sonore,chaud,1,1,Complexité,complexe,1,1,Puissance,puissant,1,1,Réponse,rapide,1,1,Usage,soliste,1,1,Positionnement,premium,1,1,Durabilité,moyenne,1,1,Stabilité,bonne,1,1,Temps de rodage,court,1,1
5900,CDM-BFB6DB,Jargar Evoke – Medium – 4/4,Marque,Jargar,1,1,Modèle,Evoke,1,1,Instrument,Violoncelle,1,1,Corde,,0,1,Taille,4/4,1,1,Tension,Medium,1,1,Attache,,0,1,Âme,,0,1,Filage,,0,1,Type produit,,0,1,Type pack,,0,1,Profil sonore,brillant,1,1,Complexité,équilibré,1,1,Puissance,puissant,1,1,Réponse,rapide,1,1,Usage,soliste,1,1,Positionnement,intermédiaire,1,1,Durabilité,élevée,1,1,Stabilité,bonne,1,1,Temps de rodage,court,1,1
5902,CDM-BF0A5A,Jargar Superior – Medium – 4/4,Marque,Jargar,1,1,Modèle,Superior,1,1,Instrument,Violoncelle,1,1,Corde,,0,1,Taille,4/4,1,1,Tension,Medium,1,1,Attache,,0,1,Âme,,0,1,Filage,,0,1,Type produit,,0,1,Type pack,,0,1,Profil sonore,équilibré,1,1,Complexité,pur,1,1,Puissance,modéré,1,1,Réponse,rapide,1,1,Usage,soliste,1,1,Positionnement,intermédiaire,1,1,Durabilité,moyenne,1,1,Stabilité,bonne,1,1,Temps de rodage,court,1,1
5904,CDM-5F2C0D,Pirastro Evah Pirazzi – Medium – 3/4,Marque,Pirastro,1,1,Modèle,Evah Pirazzi,1,1,Instrument,Violoncelle,1,1,Corde,,0,1,Taille,3/4,1,1,Tension,Medium,1,1,Attache,,0,1,Âme,,0,1,Filage,,0,1,Type produit,,0,1,Type pack,,0,1,Profil sonore,brillant,1,1,Complexité,complexe,1,1,Puissance,puissant,1,1,Réponse,rapide,1,1,Usage,soliste,1,1,Positionnement,premium,1,1,Durabilité,élevée,1,1,Stabilité,excellente,1,1,Temps de rodage,court,1,1
5906,CDM-6177C9,Pirastro Evah Pirazzi – Light – 4/4,Marque,Pirastro,1,1,Modèle,Evah Pirazzi,1,1,Instrument,Violoncelle,1,1,Corde,,0,1,Taille,4/4,1,1,Tension,Light,1,1,Attache,,0,1,Âme,,0,1,Filage,,0,1,Type produit,,0,1,Type pack,,0,1,Profil sonore,brillant,1,1,Complexité,complexe,1,1,Puissance,puissant,1,1,Réponse,rapide,1,1,Usage,soliste,1,1,Positionnement,premium,1,1,Durabilité,élevée,1,1,Stabilité,excellente,1,1,Temps de rodage,court,1,1
5908,CDM-047671,Pirastro Evah Pirazzi Gold – Medium – 4/4,Marque,Pirastro,1,1,Modèle,Evah Pirazzi Gold,1,1,Instrument,Violoncelle,1,1,Corde,,0,1,Taille,4/4,1,1,Tension,Medium,1,1,Attache,,0,1,Âme,,0,1,Filage,,0,1,Type produit,,0,1,Type pack,,0,1,Profil sonore,chaud,1,1,Complexité,complexe,1,1,Puissance,puissant,1,1,Réponse,rapide,1,1,Usage,soliste,1,1,Positionnement,premium,1,1,Durabilité,élevée,1,1,Stabilité,excellente,1,1,Temps de rodage,court,1,1
5910,CDM-B4CD0E,Pirastro Evah Pirazzi Heavy – 4/4,Marque,Pirastro,1,1,Modèle,Evah Pirazzi Heavy,1,1,Instrument,Violoncelle,1,1,Corde,,0,1,Taille,4/4,1,1,Tension,,0,1,Attache,,0,1,Âme,,0,1,Filage,,0,1,Type produit,,0,1,Type pack,,0,1,Profil sonore,brillant,1,1,Complexité,complexe,1,1,Puissance,puissant,1,1,Réponse,rapide,1,1,Usage,soliste,1,1,Positionnement,premium,1,1,Durabilité,élevée,1,1,Stabilité,excellente,1,1,Temps de rodage,court,1,1
5912,CDM-272DFC,Pirastro Flexocor Deluxe – Medium – 4/4,Marque,Pirastro,1,1,Modèle,Flexocor Deluxe,1,1,Instrument,Violoncelle,1,1,Corde,,0,1,Taille,4/4,1,1,Tension,Medium,1,1,Attache,,0,1,Âme,,0,1,Filage,,0,1,Type produit,,0,1,Type pack,,0,1,Profil sonore,chaud,1,1,Complexité,complexe,1,1,Puissance,modéré,1,1,Réponse,rapide,1,1,Usage,orchestre,1,1,Positionnement,premium,1,1,Durabilité,élevée,1,1,Stabilité,bonne,1,1,Temps de rodage,court,1,1
5914,CDM-0B0BF6,Pirastro Perpetual – Medium – 4/4,Marque,Pirastro,1,1,Modèle,Perpetual,1,1,Instrument,Violoncelle,1,1,Corde,,0,1,Taille,4/4,1,1,Tension,Medium,1,1,Attache,,0,1,Âme,,0,1,Filage,,0,1,Type produit,,0,1,Type pack,,0,1,Profil sonore,brillant,1,1,Complexité,complexe,1,1,Puissance,puissant,1,1,Réponse,rapide,1,1,Usage,soliste,1,1,Positionnement,premium,1,1,Durabilité,élevée,1,1,Stabilité,excellente,1,1,Temps de rodage,court,1,1
5916,CDM-25DFAB,Pirastro Perpetual Edition – Medium – 4/4,Marque,Pirastro,1,1,Modèle,Perpetual Edition,1,1,Instrument,Violoncelle,1,1,Corde,jeu,1,1,Taille,4/4,1,1,Tension,Medium,1,1,Attache,,0,1,Âme,,0,1,Filage,,0,1,Type produit,,0,1,Type pack,,0,1,Profil sonore,brillant,1,1,Complexité,complexe,1,1,Puissance,puissant,1,1,Réponse,rapide,1,1,Usage,soliste,1,1,Positionnement,premium,1,1,Durabilité,élevée,1,1,Stabilité,excellente,1,1,Temps de rodage,court,1,1
5918,CDM-192FB3,Pirastro Perpetual Soloist – Medium – 4/4,Marque,Pirastro,1,1,Modèle,Perpetual Soloist,1,1,Instrument,Violoncelle,1,1,Corde,,0,1,Taille,4/4,1,1,Tension,Medium,1,1,Attache,,0,1,Âme,,0,1,Filage,,0,1,Type produit,,0,1,Type pack,,0,1,Profil sonore,brillant,1,1,Complexité,complexe,1,1,Puissance,puissant,1,1,Réponse,rapide,1,1,Usage,soliste,1,1,Positionnement,premium,1,1,Durabilité,élevée,1,1,Stabilité,excellente,1,1,Temps de rodage,court,1,1
5920,CDM-F96535,Thomastik Belcanto Gold – Medium – 4/4,Marque,Thomastik,1,1,Modèle,Belcanto Gold,1,1,Instrument,Violoncelle,1,1,Corde,,0,1,Taille,4/4,1,1,Tension,Medium,1,1,Attache,,0,1,Âme,,0,1,Filage,,0,1,Type produit,,0,1,Type pack,,0,1,Profil sonore,chaud,1,1,Complexité,équilibré,1,1,Puissance,modéré,1,1,Réponse,rapide,1,1,Usage,soliste,1,1,Positionnement,intermédiaire,1,1,Durabilité,moyenne,1,1,Stabilité,bonne,1,1,Temps de rodage,court,1,1
5922,CDM-9A564E,Thomastik Dominant Pro – 4/4,Marque,Thomastik,1,1,Modèle,Dominant Pro,1,1,Instrument,Violoncelle,1,1,Corde,,0,1,Taille,4/4,1,1,Tension,,0,1,Attache,,0,1,Âme,,0,1,Filage,,0,1,Type produit,,0,1,Type pack,,0,1,Profil sonore,brillant,1,1,Complexité,équilibré,1,1,Puissance,puissant,1,1,Réponse,rapide,1,1,Usage,soliste,1,1,Positionnement,premium,1,1,Durabilité,moyenne,1,1,Stabilité,bonne,1,1,Temps de rodage,moyen,1,1
5924,CDM-7DBFA4,Thomastik Peter Infeld – Medium – 4/4,Marque,Thomastik,1,1,Modèle,Peter Infeld,1,1,Instrument,Violoncelle,1,1,Corde,,0,1,Taille,4/4,1,1,Tension,Medium,1,1,Attache,,0,1,Âme,,0,1,Filage,,0,1,Type produit,,0,1,Type pack,,0,1,Profil sonore,équilibré,1,1,Complexité,complexe,1,1,Puissance,puissant,1,1,Réponse,rapide,1,1,Usage,soliste,1,1,Positionnement,premium,1,1,Durabilité,moyenne,1,1,Stabilité,bonne,1,1,Temps de rodage,moyen,1,1
5926,CDM-E97E21,Thomastik Prazision – Medium – 4/4,Marque,Thomastik,1,1,Modèle,Prazision,1,1,Instrument,Violoncelle,1,1,Corde,,0,1,Taille,4/4,1,1,Tension,Medium,1,1,Attache,,0,1,Âme,,0,1,Filage,,0,1,Type produit,,0,1,Type pack,,0,1,Profil sonore,brillant,1,1,Complexité,pur,1,1,Puissance,modéré,1,1,Réponse,rapide,1,1,Usage,étudiant,1,1,Positionnement,entrée,1,1,Durabilité,élevée,1,1,Stabilité,excellente,1,1,Temps de rodage,court,1,1
5928,CDM-F519C4,Thomastik Rondo – 4/4,Marque,Thomastik,1,1,Modèle,Rondo,1,1,Instrument,Violoncelle,1,1,Corde,,0,1,Taille,4/4,1,1,Tension,,0,1,Attache,,0,1,Âme,,0,1,Filage,,0,1,Type produit,,0,1,Type pack,,0,1,Profil sonore,chaud,1,1,Complexité,complexe,1,1,Puissance,puissant,1,1,Réponse,rapide,1,1,Usage,soliste,1,1,Positionnement,premium,1,1,Durabilité,moyenne,1,1,Stabilité,bonne,1,1,Temps de rodage,court,1,1
5930,CDM-E8D67D,Thomastik Versum – Medium – 4/4,Marque,Thomastik,1,1,Modèle,Versum,1,1,Instrument,Violoncelle,1,1,Corde,,0,1,Taille,4/4,1,1,Tension,Medium,1,1,Attache,,0,1,Âme,,0,1,Filage,,0,1,Type produit,,0,1,Type pack,,0,1,Profil sonore,chaud,1,1,Complexité,complexe,1,1,Puissance,modéré,1,1,Réponse,rapide,1,1,Usage,soliste,1,1,Positionnement,premium,1,1,Durabilité,élevée,1,1,Stabilité,bonne,1,1,Temps de rodage,moyen,1,1
5932,CDM-52D8E2,Thomastik Versum Solo – Medium – 4/4,Marque,Thomastik,1,1,Modèle,Versum Solo,1,1,Instrument,Violoncelle,1,1,Corde,,0,1,Taille,4/4,1,1,Tension,Medium,1,1,Attache,,0,1,Âme,,0,1,Filage,,0,1,Type produit,,0,1,Type pack,,0,1,Profil sonore,chaud,1,1,Complexité,complexe,1,1,Puissance,puissant,1,1,Réponse,rapide,1,1,Usage,soliste,1,1,Positionnement,premium,1,1,Durabilité,élevée,1,1,Stabilité,bonne,1,1,Temps de rodage,moyen,1,1
5934,CDM-C9EF19,Warchal Amber – Medium – 4/4,Marque,Warchal,1,1,Modèle,Amber,1,1,Instrument,Violoncelle,1,1,Corde,,0,1,Taille,4/4,1,1,Tension,Medium,1,1,Attache,,0,1,Âme,,0,1,Filage,,0,1,Type produit,,0,1,Type pack,,0,1,Profil sonore,chaud,1,1,Complexité,complexe,1,1,Puissance,modéré,1,1,Réponse,rapide,1,1,Usage,soliste,1,1,Positionnement,premium,1,1,Durabilité,élevée,1,1,Stabilité,bonne,1,1,Temps de rodage,moyen,1,1
5936,CDM-F37009,Jargar Evoke – Medium,Marque,Jargar,1,1,Modèle,Evoke,1,1,Instrument,Violon,1,1,Corde,jeu,1,1,Taille,"1/2, 1/4, 3/4, 4/4",1,1,Tension,Medium,1,1,Attache,,0,1,Âme,,0,1,Filage,,0,1,Type produit,,0,1,Type pack,,0,1,Profil sonore,brillant,1,1,Complexité,équilibré,1,1,Puissance,puissant,1,1,Réponse,rapide,1,1,Usage,soliste,1,1,Positionnement,intermédiaire,1,1,Durabilité,élevée,1,1,Stabilité,bonne,1,1,Temps de rodage,court,1,1
5938,CDM-88C841,Larsen Aurora – Medium,Marque,Larsen,1,1,Modèle,Aurora,1,1,Instrument,Violon,1,1,Corde,jeu,1,1,Taille,"1/16, 1/2, 1/4, 1/8, 3/4, 4/4",1,1,Tension,Medium,1,1,Attache,,0,1,Âme,,0,1,Filage,,0,1,Type produit,,0,1,Type pack,,0,1,Profil sonore,équilibré,1,1,Complexité,équilibré,1,1,Puissance,modéré,1,1,Réponse,rapide,1,1,Usage,"étudiant, intermédiaire",1,1,Positionnement,intermédiaire,1,1,Durabilité,élevée,1,1,Stabilité,excellente,1,1,Temps de rodage,court,1,1
5940,CDM-754111,Pirastro Obligato – boule – Medium,Marque,Pirastro,1,1,Modèle,Obligato,1,1,Instrument,Violon,1,1,Corde,jeu,1,1,Taille,"3/4, 4/4",1,1,Tension,Medium,1,1,Attache,Boule,1,1,Âme,,0,1,Filage,,0,1,Type produit,,0,1,Type pack,,0,1,Profil sonore,chaud,1,1,Complexité,complexe,1,1,Puissance,puissant,1,1,Réponse,rapide,1,1,Usage,soliste,1,1,Positionnement,premium,1,1,Durabilité,élevée,1,1,Stabilité,excellente,1,1,Temps de rodage,court,1,1
5942,CDM-78370D,Pirastro Piranito – boule – Medium,Marque,Pirastro,1,1,Modèle,Piranito,1,1,Instrument,Violon,1,1,Corde,jeu,1,1,Taille,"1/4, 3/4",1,1,Tension,Medium,1,1,Attache,Boule,1,1,Âme,,0,1,Filage,,0,1,Type produit,,0,1,Type pack,,0,1,Profil sonore,brillant,1,1,Complexité,pur,1,1,Puissance,modéré,1,1,Réponse,rapide,1,1,Usage,étudiant,1,1,Positionnement,entrée,1,1,Durabilité,élevée,1,1,Stabilité,excellente,1,1,Temps de rodage,court,1,1
5943,CDM-685423,Pirastro Tonica – boule – Medium,Marque,Pirastro,1,1,Modèle,Tonica,1,1,Instrument,Violon,1,1,Corde,jeu,1,1,Taille,"1/16, 1/4, 3/4-1/2, 4/4",1,1,Tension,Medium,1,1,Attache,Boule,1,1,Âme,,0,1,Filage,,0,1,Type produit,,0,1,Type pack,,0,1,Profil sonore,équilibré,1,1,Complexité,équilibré,1,1,Puissance,modéré,1,1,Réponse,rapide,1,1,Usage,étudiant,1,1,Positionnement,entrée,1,1,Durabilité,moyenne,1,1,Stabilité,excellente,1,1,Temps de rodage,court,1,1
5944,CDM-9E97D4,Thomastik Alphayue – boule – Medium,Marque,Thomastik,1,1,Modèle,Alphayue,1,1,Instrument,Violon,1,1,Corde,jeu,1,1,Taille,"1/16, 1/2, 1/4, 1/8, 3/4, 4/4",1,1,Tension,Medium,1,1,Attache,Boule,1,1,Âme,,0,1,Filage,,0,1,Type produit,,0,1,Type pack,,0,1,Profil sonore,équilibré,1,1,Complexité,équilibré,1,1,Puissance,modéré,1,1,Réponse,rapide,1,1,Usage,étudiant,1,1,Positionnement,entrée,1,1,Durabilité,moyenne,1,1,Stabilité,bonne,1,1,Temps de rodage,court,1,1
5948,CDM-F14E0B,Thomastik Dominant 135 aluminium – Medium,Marque,Thomastik,1,1,Modèle,Dominant,1,1,Instrument,Violon,1,1,Corde,jeu,1,1,Taille,"1/16, 1/2, 1/4, 1/8, 3/4, 4/4",1,1,Tension,Medium,1,1,Attache,,0,1,Âme,,0,1,Filage,aluminium,1,1,Type produit,,0,1,Type pack,,0,1,Profil sonore,équilibré,1,1,Complexité,équilibré,1,1,Puissance,puissant,1,1,Réponse,rapide,1,1,Usage,orchestre,1,1,Positionnement,intermédiaire,1,1,Durabilité,moyenne,1,1,Stabilité,bonne,1,1,Temps de rodage,moyen,1,1
5950,CDM-F57352,Thomastik Dominant 135B acier – Medium,Marque,Thomastik,1,1,Modèle,Dominant,1,1,Instrument,Violon,1,1,Corde,jeu,1,1,Taille,"1/16, 1/2, 1/4, 1/8, 3/4, 4/4",1,1,Tension,Medium,1,1,Attache,,0,1,Âme,acier,1,1,Filage,,0,1,Type produit,,0,1,Type pack,,0,1,Profil sonore,équilibré,1,1,Complexité,équilibré,1,1,Puissance,puissant,1,1,Réponse,rapide,1,1,Usage,orchestre,1,1,Positionnement,intermédiaire,1,1,Durabilité,moyenne,1,1,Stabilité,bonne,1,1,Temps de rodage,moyen,1,1
5952,CDM-222FCF,Thomastik Dynamo – boule – Medium,Marque,Thomastik,1,1,Modèle,Dynamo,1,1,Instrument,Violon,1,1,Corde,jeu,1,1,Taille,"1/2, 3/4, 4/4",1,1,Tension,Medium,1,1,Attache,Boule,1,1,Âme,,0,1,Filage,,0,1,Type produit,,0,1,Type pack,,0,1,Profil sonore,équilibré,1,1,Complexité,équilibré,1,1,Puissance,puissant,1,1,Réponse,rapide,1,1,Usage,soliste,1,1,Positionnement,premium,1,1,Durabilité,moyenne,1,1,Stabilité,bonne,1,1,Temps de rodage,moyen,1,1
5954,CDM-58D68B,Thomastik Spirit! – boule – Medium,Marque,Thomastik,1,1,Modèle,Spirit!,1,1,Instrument,Violon,1,1,Corde,jeu,1,1,Taille,"1/2, 1/4, 3/4, 4/4",1,1,Tension,Medium,1,1,Attache,Boule,1,1,Âme,,0,1,Filage,,0,1,Type produit,,0,1,Type pack,,0,1,Profil sonore,équilibré,1,1,Complexité,équilibré,1,1,Puissance,modéré,1,1,Réponse,rapide,1,1,Usage,étudiant,1,1,Positionnement,entrée,1,1,Durabilité,moyenne,1,1,Stabilité,bonne,1,1,Temps de rodage,court,1,1
5956,CDM-3A6D73,Thomastik Superflexible – boule – Medium,Marque,Thomastik,1,1,Modèle,Superflexible,1,1,Instrument,Violon,1,1,Corde,jeu,1,1,Taille,"1/2, 1/4, 1/8, 3/4, 4/4",1,1,Tension,Medium,1,1,Attache,Boule,1,1,Âme,,0,1,Filage,,0,1,Type produit,,0,1,Type pack,,0,1,Profil sonore,brillant,1,1,Complexité,pur,1,1,Puissance,modéré,1,1,Réponse,rapide,1,1,Usage,orchestre,1,1,Positionnement,entrée,1,1,Durabilité,élevée,1,1,Stabilité,excellente,1,1,Temps de rodage,court,1,1
5958,CDM-1B5EF2,Thomastik Vision – Medium,Marque,Thomastik,1,1,Modèle,Vision,1,1,Instrument,Violon,1,1,Corde,jeu,1,1,Taille,"1/10, 1/16, 1/2, 1/4, 1/8, 3/4, 4/4",1,1,Tension,Medium,1,1,Attache,,0,1,Âme,,0,1,Filage,,0,1,Type produit,,0,1,Type pack,,0,1,Profil sonore,brillant,1,1,Complexité,équilibré,1,1,Puissance,modéré,1,1,Réponse,rapide,1,1,Usage,soliste,1,1,Positionnement,intermédiaire,1,1,Durabilité,moyenne,1,1,Stabilité,bonne,1,1,Temps de rodage,court,1,1
5962,CDM-F75978,Pirastro Passione – boule – Medium – 4/4,Marque,Pirastro,1,1,Modèle,Passione,1,1,Instrument,Violon,1,1,Corde,jeu,1,1,Taille,4/4,1,1,Tension,Medium,1,1,Attache,Boule,1,1,Âme,,0,1,Filage,,0,1,Type produit,,0,1,Type pack,,0,1,Profil sonore,chaud,1,1,Complexité,complexe,1,1,Puissance,modéré,1,1,Réponse,rapide,1,1,Usage,soliste,1,1,Positionnement,premium,1,1,Durabilité,moyenne,1,1,Stabilité,bonne,1,1,Temps de rodage,moyen,1,1
5964,CDM-865955,Pirastro Passione Solo – boule – Medium – 4/4,Marque,Pirastro,1,1,Modèle,Passione Solo,1,1,Instrument,Violon,1,1,Corde,jeu,1,1,Taille,4/4,1,1,Tension,Medium,1,1,Attache,Boule,1,1,Âme,,0,1,Filage,,0,1,Type produit,,0,1,Type pack,,0,1,Profil sonore,chaud,1,1,Complexité,complexe,1,1,Puissance,puissant,1,1,Réponse,rapide,1,1,Usage,soliste,1,1,Positionnement,premium,1,1,Durabilité,moyenne,1,1,Stabilité,bonne,1,1,Temps de rodage,moyen,1,1
5966,CDM-F76555,Pirastro Perpetual acier chrome – boule – Medium – 4/4,Marque,Pirastro,1,1,Modèle,Perpetual,1,1,Instrument,Violon,1,1,Corde,jeu,1,1,Taille,4/4,1,1,Tension,Medium,1,1,Attache,Boule,1,1,Âme,acier,1,1,Filage,chrome,1,1,Type produit,,0,1,Type pack,,0,1,Profil sonore,brillant,1,1,Complexité,complexe,1,1,Puissance,puissant,1,1,Réponse,rapide,1,1,Usage,soliste,1,1,Positionnement,premium,1,1,Durabilité,élevée,1,1,Stabilité,excellente,1,1,Temps de rodage,court,1,1
5968,CDM-FE6DC7,Pirastro Perpetual aluminium – boule – Medium – 4/4,Marque,Pirastro,1,1,Modèle,Perpetual,1,1,Instrument,Violon,1,1,Corde,jeu,1,1,Taille,4/4,1,1,Tension,Medium,1,1,Attache,Boule,1,1,Âme,,0,1,Filage,aluminium,1,1,Type produit,,0,1,Type pack,,0,1,Profil sonore,brillant,1,1,Complexité,complexe,1,1,Puissance,puissant,1,1,Réponse,rapide,1,1,Usage,soliste,1,1,Positionnement,premium,1,1,Durabilité,élevée,1,1,Stabilité,excellente,1,1,Temps de rodage,court,1,1
5970,CDM-44650D,Pirastro Perpetual Cadenza – boule – Medium – 4/4,Marque,Pirastro,1,1,Modèle,Perpetual Cadenza,1,1,Instrument,Violon,1,1,Corde,jeu,1,1,Taille,4/4,1,1,Tension,Medium,1,1,Attache,Boule,1,1,Âme,,0,1,Filage,,0,1,Type produit,,0,1,Type pack,,0,1,Profil sonore,chaud,1,1,Complexité,complexe,1,1,Puissance,modéré,1,1,Réponse,rapide,1,1,Usage,soliste,1,1,Positionnement,premium,1,1,Durabilité,élevée,1,1,Stabilité,bonne,1,1,Temps de rodage,court,1,1
5972,CDM-0C93B7,Pirastro Piranito aluminium – boule – Medium – 4/4,Marque,Pirastro,1,1,Modèle,Piranito,1,1,Instrument,Violon,1,1,Corde,jeu,1,1,Taille,4/4,1,1,Tension,Medium,1,1,Attache,Boule,1,1,Âme,,0,1,Filage,aluminium,1,1,Type produit,,0,1,Type pack,,0,1,Profil sonore,brillant,1,1,Complexité,pur,1,1,Puissance,modéré,1,1,Réponse,rapide,1,1,Usage,étudiant,1,1,Positionnement,entrée,1,1,Durabilité,élevée,1,1,Stabilité,excellente,1,1,Temps de rodage,court,1,1
5976,CDM-126CE9,Pirastro Synoxa – boule – Medium – 4/4,Marque,Pirastro,1,1,Modèle,Synoxa,1,1,Instrument,Violon,1,1,Corde,jeu,1,1,Taille,4/4,1,1,Tension,Medium,1,1,Attache,Boule,1,1,Âme,,0,1,Filage,,0,1,Type produit,,0,1,Type pack,,0,1,Profil sonore,chaud,1,1,Complexité,équilibré,1,1,Puissance,modéré,1,1,Réponse,rapide,1,1,Usage,orchestre,1,1,Positionnement,intermédiaire,1,1,Durabilité,moyenne,1,1,Stabilité,bonne,1,1,Temps de rodage,court,1,1
5978,CDM-F98F2C,Pirastro Tonica Gold – boule – Medium – 4/4,Marque,Pirastro,1,1,Modèle,Tonica,1,1,Instrument,Violon,1,1,Corde,jeu,1,1,Taille,4/4,1,1,Tension,Medium,1,1,Attache,Boule,1,1,Âme,,0,1,Filage,or,1,1,Type produit,,0,1,Type pack,,0,1,Profil sonore,équilibré,1,1,Complexité,équilibré,1,1,Puissance,modéré,1,1,Réponse,rapide,1,1,Usage,étudiant,1,1,Positionnement,entrée,1,1,Durabilité,moyenne,1,1,Stabilité,excellente,1,1,Temps de rodage,court,1,1
5984,CDM-5C40B5,Pirastro Violino – boule – Medium – 4/4,Marque,Pirastro,1,1,Modèle,Violino,1,1,Instrument,Violon,1,1,Corde,jeu,1,1,Taille,4/4,1,1,Tension,Medium,1,1,Attache,Boule,1,1,Âme,,0,1,Filage,,0,1,Type produit,,0,1,Type pack,,0,1,Profil sonore,chaud,1,1,Complexité,équilibré,1,1,Puissance,modéré,1,1,Réponse,rapide,1,1,Usage,étudiant,1,1,Positionnement,entrée,1,1,Durabilité,moyenne,1,1,Stabilité,bonne,1,1,Temps de rodage,court,1,1
5986,CDM-184BAF,Pirastro Wondertone Solo acier aluminium – boule – Medium – 4/4,Marque,Pirastro,1,1,Modèle,Wondertone Solo,1,1,Instrument,Violon,1,1,Corde,jeu,1,1,Taille,4/4,1,1,Tension,Medium,1,1,Attache,Boule,1,1,Âme,acier,1,1,Filage,aluminium,1,1,Type produit,,0,1,Type pack,,0,1,Profil sonore,chaud,1,1,Complexité,complexe,1,1,Puissance,puissant,1,1,Réponse,rapide,1,1,Usage,soliste,1,1,Positionnement,intermédiaire,1,1,Durabilité,moyenne,1,1,Stabilité,bonne,1,1,Temps de rodage,court,1,1
6006,CDM-206780,Thomastik Dominant 135BST acier – Heavy – 4/4,Marque,Thomastik,1,1,Modèle,Dominant,1,1,Instrument,Violon,1,1,Corde,jeu,1,1,Taille,4/4,1,1,Tension,Heavy,1,1,Attache,,0,1,Âme,acier,1,1,Filage,,0,1,Type produit,,0,1,Type pack,,0,1,Profil sonore,équilibré,1,1,Complexité,équilibré,1,1,Puissance,puissant,1,1,Réponse,rapide,1,1,Usage,orchestre,1,1,Positionnement,intermédiaire,1,1,Durabilité,moyenne,1,1,Stabilité,bonne,1,1,Temps de rodage,moyen,1,1
6008,CDM-F54282,Thomastik Dominant 135BW acier – Light – 4/4,Marque,Thomastik,1,1,Modèle,Dominant,1,1,Instrument,Violon,1,1,Corde,jeu,1,1,Taille,4/4,1,1,Tension,Light,1,1,Attache,,0,1,Âme,acier,1,1,Filage,,0,1,Type produit,,0,1,Type pack,,0,1,Profil sonore,équilibré,1,1,Complexité,équilibré,1,1,Puissance,puissant,1,1,Réponse,rapide,1,1,Usage,orchestre,1,1,Positionnement,intermédiaire,1,1,Durabilité,moyenne,1,1,Stabilité,bonne,1,1,Temps de rodage,moyen,1,1
6010,CDM-12906A,Thomastik Dominant 135ST aluminium – Heavy – 4/4,Marque,Thomastik,1,1,Modèle,Dominant,1,1,Instrument,Violon,1,1,Corde,jeu,1,1,Taille,4/4,1,1,Tension,Heavy,1,1,Attache,,0,1,Âme,,0,1,Filage,aluminium,1,1,Type produit,,0,1,Type pack,,0,1,Profil sonore,équilibré,1,1,Complexité,équilibré,1,1,Puissance,puissant,1,1,Réponse,rapide,1,1,Usage,orchestre,1,1,Positionnement,intermédiaire,1,1,Durabilité,moyenne,1,1,Stabilité,bonne,1,1,Temps de rodage,moyen,1,1
6012,CDM-18AFD5,Thomastik Dominant 135W aluminium – Light – 4/4,Marque,Thomastik,1,1,Modèle,Dominant,1,1,Instrument,Violon,1,1,Corde,jeu,1,1,Taille,4/4,1,1,Tension,Light,1,1,Attache,,0,1,Âme,,0,1,Filage,aluminium,1,1,Type produit,,0,1,Type pack,,0,1,Profil sonore,équilibré,1,1,Complexité,équilibré,1,1,Puissance,puissant,1,1,Réponse,rapide,1,1,Usage,orchestre,1,1,Positionnement,intermédiaire,1,1,Durabilité,moyenne,1,1,Stabilité,bonne,1,1,Temps de rodage,moyen,1,1
6014,CDM-325F49,Thomastik Dominant Pro – 4/4,Marque,Thomastik,1,1,Modèle,Dominant Pro,1,1,Instrument,Violon,1,1,Corde,jeu,1,1,Taille,4/4,1,1,Tension,,0,1,Attache,,0,1,Âme,,0,1,Filage,,0,1,Type produit,,0,1,Type pack,,0,1,Profil sonore,brillant,1,1,Complexité,équilibré,1,1,Puissance,puissant,1,1,Réponse,rapide,1,1,Usage,soliste,1,1,Positionnement,premium,1,1,Durabilité,moyenne,1,1,Stabilité,bonne,1,1,Temps de rodage,moyen,1,1
6016,CDM-4F8F19,Thomastik Dynamo Solo – boule – Medium – 4/4,Marque,Thomastik,1,1,Modèle,Dynamo Solo,1,1,Instrument,Violon,1,1,Corde,jeu,1,1,Taille,4/4,1,1,Tension,Medium,1,1,Attache,Boule,1,1,Âme,,0,1,Filage,,0,1,Type produit,,0,1,Type pack,,0,1,Profil sonore,équilibré,1,1,Complexité,équilibré,1,1,Puissance,puissant,1,1,Réponse,rapide,1,1,Usage,soliste,1,1,Positionnement,premium,1,1,Durabilité,moyenne,1,1,Stabilité,bonne,1,1,Temps de rodage,moyen,1,1
6019,CDM-364D26,Thomastik Infeld bleu – boule – Medium – 4/4,Marque,Thomastik,1,1,Modèle,Infeld bleu,1,1,Instrument,Violon,1,1,Corde,jeu,1,1,Taille,4/4,1,1,Tension,Medium,1,1,Attache,Boule,1,1,Âme,,0,1,Filage,,0,1,Type produit,,0,1,Type pack,,0,1,Profil sonore,brillant,1,1,Complexité,équilibré,1,1,Puissance,modéré,1,1,Réponse,rapide,1,1,Usage,soliste,1,1,Positionnement,intermédiaire,1,1,Durabilité,moyenne,1,1,Stabilité,bonne,1,1,Temps de rodage,moyen,1,1
6021,CDM-DB677A,Thomastik Infeld rouge – boule – Medium – 4/4,Marque,Thomastik,1,1,Modèle,Infeld rouge,1,1,Instrument,Violon,1,1,Corde,jeu,1,1,Taille,4/4,1,1,Tension,Medium,1,1,Attache,Boule,1,1,Âme,,0,1,Filage,,0,1,Type produit,,0,1,Type pack,,0,1,Profil sonore,chaud,1,1,Complexité,équilibré,1,1,Puissance,modéré,1,1,Réponse,rapide,1,1,Usage,soliste,1,1,Positionnement,intermédiaire,1,1,Durabilité,moyenne,1,1,Stabilité,bonne,1,1,Temps de rodage,moyen,1,1
6023,CDM-6E364D,Thomastik Peter Infeld étain – 4/4,Marque,Thomastik,1,1,Modèle,Peter Infeld,1,1,Instrument,Violon,1,1,Corde,jeu,1,1,Taille,4/4,1,1,Tension,,0,1,Attache,,0,1,Âme,,0,1,Filage,,0,1,Type produit,,0,1,Type pack,,0,1,Profil sonore,équilibré,1,1,Complexité,complexe,1,1,Puissance,puissant,1,1,Réponse,rapide,1,1,Usage,soliste,1,1,Positionnement,premium,1,1,Durabilité,moyenne,1,1,Stabilité,bonne,1,1,Temps de rodage,moyen,1,1
6025,CDM-1DEB94,Thomastik Peter Infeld platine – 4/4,Marque,Thomastik,1,1,Modèle,Peter Infeld platine,1,1,Instrument,Violon,1,1,Corde,jeu,1,1,Taille,4/4,1,1,Tension,,0,1,Attache,,0,1,Âme,,0,1,Filage,,0,1,Type produit,,0,1,Type pack,,0,1,Profil sonore,brillant,1,1,Complexité,complexe,1,1,Puissance,puissant,1,1,Réponse,rapide,1,1,Usage,soliste,1,1,Positionnement,premium,1,1,Durabilité,moyenne,1,1,Stabilité,bonne,1,1,Temps de rodage,moyen,1,1
6027,CDM-144D4B,Thomastik Prazision – boule – Medium – 4/4,Marque,Thomastik,1,1,Modèle,Prazision,1,1,Instrument,Violon,1,1,Corde,jeu,1,1,Taille,4/4,1,1,Tension,Medium,1,1,Attache,Boule,1,1,Âme,,0,1,Filage,,0,1,Type produit,,0,1,Type pack,,0,1,Profil sonore,brillant,1,1,Complexité,pur,1,1,Puissance,modéré,1,1,Réponse,rapide,1,1,Usage,étudiant,1,1,Positionnement,entrée,1,1,Durabilité,élevée,1,1,Stabilité,excellente,1,1,Temps de rodage,court,1,1
6029,CDM-C16CE6,Thomastik Rondo – 4/4,Marque,Thomastik,1,1,Modèle,Rondo,1,1,Instrument,Violon,1,1,Corde,jeu,1,1,Taille,4/4,1,1,Tension,,0,1,Attache,,0,1,Âme,,0,1,Filage,,0,1,Type produit,,0,1,Type pack,,0,1,Profil sonore,chaud,1,1,Complexité,complexe,1,1,Puissance,puissant,1,1,Réponse,rapide,1,1,Usage,soliste,1,1,Positionnement,premium,1,1,Durabilité,moyenne,1,1,Stabilité,bonne,1,1,Temps de rodage,court,1,1
6040,CDM-353486,Thomastik Ti – Medium – 4/4,Marque,Thomastik,1,1,Modèle,Ti,1,1,Instrument,Violon,1,1,Corde,jeu,1,1,Taille,4/4,1,1,Tension,Medium,1,1,Attache,,0,1,Âme,,0,1,Filage,,0,1,Type produit,,0,1,Type pack,,0,1,Profil sonore,brillant,1,1,Complexité,complexe,1,1,Puissance,puissant,1,1,Réponse,rapide,1,1,Usage,soliste,1,1,Positionnement,premium,1,1,Durabilité,moyenne,1,1,Stabilité,bonne,1,1,Temps de rodage,court,1,1
6049,CDM-E5C0B9,Thomastik Vision aluminium – Solo – 4/4,Marque,Thomastik,1,1,Modèle,Vision,1,1,Instrument,Violon,1,1,Corde,jeu,1,1,Taille,4/4,1,1,Tension,Medium,1,1,Attache,,0,1,Âme,,0,1,Filage,aluminium,1,1,Type produit,,0,1,Type pack,,0,1,Profil sonore,brillant,1,1,Complexité,équilibré,1,1,Puissance,modéré,1,1,Réponse,rapide,1,1,Usage,soliste,1,1,Positionnement,intermédiaire,1,1,Durabilité,moyenne,1,1,Stabilité,bonne,1,1,Temps de rodage,court,1,1
6051,CDM-72F66C,Thomastik Vision argent – Solo – 4/4,Marque,Thomastik,1,1,Modèle,Vision,1,1,Instrument,Violon,1,1,Corde,jeu,1,1,Taille,4/4,1,1,Tension,Medium,1,1,Attache,,0,1,Âme,,0,1,Filage,argent,1,1,Type produit,,0,1,Type pack,,0,1,Profil sonore,brillant,1,1,Complexité,équilibré,1,1,Puissance,modéré,1,1,Réponse,rapide,1,1,Usage,soliste,1,1,Positionnement,intermédiaire,1,1,Durabilité,moyenne,1,1,Stabilité,bonne,1,1,Temps de rodage,court,1,1
6053,CDM-F57BB2,Thomastik Vision Titanium Orchestra – 4/4,Marque,Thomastik,1,1,Modèle,Vision Titanium Orchestra,1,1,Instrument,Violon,1,1,Corde,jeu,1,1,Taille,4/4,1,1,Tension,,0,1,Attache,,0,1,Âme,,0,1,Filage,,0,1,Type produit,,0,1,Type pack,,0,1,Profil sonore,brillant,1,1,Complexité,équilibré,1,1,Puissance,puissant,1,1,Réponse,rapide,1,1,Usage,orchestre,1,1,Positionnement,premium,1,1,Durabilité,moyenne,1,1,Stabilité,bonne,1,1,Temps de rodage,court,1,1
6055,CDM-F49F2C,Thomastik Vision Titanium – Solo – 4/4,Marque,Thomastik,1,1,Modèle,Vision Titanium,1,1,Instrument,Violon,1,1,Corde,jeu,1,1,Taille,4/4,1,1,Tension,Medium,1,1,Attache,,0,1,Âme,,0,1,Filage,,0,1,Type produit,,0,1,Type pack,,0,1,Profil sonore,brillant,1,1,Complexité,équilibré,1,1,Puissance,puissant,1,1,Réponse,rapide,1,1,Usage,soliste,1,1,Positionnement,premium,1,1,Durabilité,moyenne,1,1,Stabilité,bonne,1,1,Temps de rodage,court,1,1
6057,CDM-3E82F2,Warchal The Beast 100B – boule – Medium – 4/4,Marque,Warchal,1,1,Modèle,The Beast,1,1,Instrument,Violon,1,1,Corde,jeu,1,1,Taille,4/4,1,1,Tension,Medium,1,1,Attache,Boule,1,1,Âme,,0,1,Filage,,0,1,Type produit,,0,1,Type pack,,0,1,Profil sonore,brillant,1,1,Complexité,équilibré,1,1,Puissance,puissant,1,1,Réponse,rapide,1,1,Usage,soliste,1,1,Positionnement,premium,1,1,Durabilité,élevée,1,1,Stabilité,bonne,1,1,Temps de rodage,court,1,1
6061,CDM-B0A50A,D'Addario Kaplan Vivo KV410 Long – Medium,Marque,D'Addario,1,1,Modèle,Kaplan Vivo KV410 Long,1,1,Instrument,Alto,1,1,Corde,jeu,1,1,Taille,,0,1,Tension,Medium,1,1,Attache,,0,1,Âme,,0,1,Filage,,0,1,Type produit,,0,1,Type pack,,0,1,Profil sonore,brillant,1,1,Complexité,équilibré,1,1,Puissance,puissant,1,1,Réponse,rapide,1,1,Usage,soliste,1,1,Positionnement,premium,1,1,Durabilité,élevée,1,1,Stabilité,excellente,1,1,Temps de rodage,court,1,1
6063,CDM-B69700,Larsen Aurora – Medium,Marque,Larsen,1,1,Modèle,Aurora,1,1,Instrument,Alto,1,1,Corde,jeu,1,1,Taille,,0,1,Tension,Medium,1,1,Attache,,0,1,Âme,,0,1,Filage,,0,1,Type produit,,0,1,Type pack,,0,1,Profil sonore,équilibré,1,1,Complexité,équilibré,1,1,Puissance,modéré,1,1,Réponse,rapide,1,1,Usage,"étudiant, intermédiaire",1,1,Positionnement,intermédiaire,1,1,Durabilité,élevée,1,1,Stabilité,excellente,1,1,Temps de rodage,court,1,1
6066,CDM-CC1827,Thomastik Dynamo DY200 – boule – Medium – 4/4,Marque,Thomastik,1,1,Modèle,Dynamo,1,1,Instrument,Alto,1,1,Corde,jeu,1,1,Taille,"15""",1,1,Tension,Medium,1,1,Attache,Boule,1,1,Âme,,0,1,Filage,,0,1,Type produit,,0,1,Type pack,,0,1,Profil sonore,équilibré,1,1,Complexité,équilibré,1,1,Puissance,puissant,1,1,Réponse,rapide,1,1,Usage,soliste,1,1,Positionnement,premium,1,1,Durabilité,moyenne,1,1,Stabilité,bonne,1,1,Temps de rodage,moyen,1,1
6072,CDM-5024CF,Larsen Aurora argent – Medium,Marque,Larsen,1,1,Modèle,Aurora,1,1,Instrument,Violon,1,1,Corde,jeu,1,1,Taille,,0,1,Tension,Medium,1,1,Attache,,0,1,Âme,,0,1,Filage,argent,1,1,Type produit,,0,1,Type pack,,0,1,Profil sonore,équilibré,1,1,Complexité,équilibré,1,1,Puissance,modéré,1,1,Réponse,rapide,1,1,Usage,"étudiant, intermédiaire",1,1,Positionnement,intermédiaire,1,1,Durabilité,élevée,1,1,Stabilité,excellente,1,1,Temps de rodage,court,1,1
6074,CDM-40C917,Larsen Il Cannone Gold – Medium – 4/4,Marque,Larsen,1,1,Modèle,Il Cannone Gold,1,1,Instrument,Violon,1,1,Corde,jeu,1,1,Taille,4/4,1,1,Tension,Medium,1,1,Attache,,0,1,Âme,,0,1,Filage,or,1,1,Type produit,,0,1,Type pack,,0,1,Profil sonore,brillant,1,1,Complexité,équilibré,1,1,Puissance,modéré,1,1,Réponse,rapide,1,1,Usage,soliste,1,1,Positionnement,premium,1,1,Durabilité,moyenne,1,1,Stabilité,bonne,1,1,Temps de rodage,court,1,1
6076,CDM-47AD36,Larsen Il Cannone Silver – Medium – 4/4,Marque,Larsen,1,1,Modèle,Il Cannone Silver,1,1,Instrument,Violon,1,1,Corde,jeu,1,1,Taille,4/4,1,1,Tension,Medium,1,1,Attache,,0,1,Âme,,0,1,Filage,,0,1,Type produit,,0,1,Type pack,,0,1,Profil sonore,brillant,1,1,Complexité,équilibré,1,1,Puissance,modéré,1,1,Réponse,rapide,1,1,Usage,soliste,1,1,Positionnement,premium,1,1,Durabilité,moyenne,1,1,Stabilité,bonne,1,1,Temps de rodage,court,1,1
6078,CDM-C86EB0,Pirastro Evah Pirazzi Neo 41B021 – boule – Medium – 4/4,Marque,Pirastro,1,1,Modèle,Evah Pirazzi Neo,1,1,Instrument,Violon,1,1,Corde,jeu,1,1,Taille,4/4,1,1,Tension,Medium,1,1,Attache,Boule,1,1,Âme,,0,1,Filage,,0,1,Type produit,,0,1,Type pack,,0,1,Profil sonore,brillant,1,1,Complexité,équilibré,1,1,Puissance,puissant,1,1,Réponse,rapide,1,1,Usage,orchestre,1,1,Positionnement,intermédiaire,1,1,Durabilité,élevée,1,1,Stabilité,excellente,1,1,Temps de rodage,court,1,1
6083,CDM-FE3F20,Thomastik Rondo Gold – 4/4,Marque,Thomastik,1,1,Modèle,Rondo Gold,1,1,Instrument,Violon,1,1,Corde,jeu,1,1,Taille,4/4,1,1,Tension,,0,1,Attache,,0,1,Âme,,0,1,Filage,or,1,1,Type produit,,0,1,Type pack,,0,1,Profil sonore,chaud,1,1,Complexité,complexe,1,1,Puissance,puissant,1,1,Réponse,rapide,1,1,Usage,soliste,1,1,Positionnement,premium,1,1,Durabilité,moyenne,1,1,Stabilité,bonne,1,1,Temps de rodage,court,1,1
6086,CDM-8C4E8D,Warchal Brilliant 900HB – boule – Medium – 4/4,Marque,Warchal,1,1,Modèle,Brilliant,1,1,Instrument,Violon,1,1,Corde,jeu,1,1,Taille,4/4,1,1,Tension,Medium,1,1,Attache,Boule,1,1,Âme,,0,1,Filage,,0,1,Type produit,,0,1,Type pack,,0,1,Profil sonore,brillant,1,1,Complexité,équilibré,1,1,Puissance,puissant,1,1,Réponse,rapide,1,1,Usage,soliste,1,1,Positionnement,premium,1,1,Durabilité,élevée,1,1,Stabilité,bonne,1,1,Temps de rodage,moyen,1,1
6088,CDM-18C9F6,Warchal Brilliant 900SL argent – boucle – Medium – 4/4,Marque,Warchal,1,1,Modèle,Brilliant argent,1,1,Instrument,Violon,1,1,Corde,jeu,1,1,Taille,4/4,1,1,Tension,Medium,1,1,Attache,Boucle,1,1,Âme,,0,1,Filage,argent,1,1,Type produit,,0,1,Type pack,,0,1,Profil sonore,chaud,1,1,Complexité,équilibré,1,1,Puissance,puissant,1,1,Réponse,rapide,1,1,Usage,soliste,1,1,Positionnement,premium,1,1,Durabilité,élevée,1,1,Stabilité,bonne,1,1,Temps de rodage,moyen,1,1
6090,CDM-5BC37E,Warchal Brilliant Vintage 800B – boule – Medium – 4/4,Marque,Warchal,1,1,Modèle,Brilliant Vintage,1,1,Instrument,Violon,1,1,Corde,jeu,1,1,Taille,4/4,1,1,Tension,Medium,1,1,Attache,Boule,1,1,Âme,,0,1,Filage,,0,1,Type produit,,0,1,Type pack,,0,1,Profil sonore,chaud,1,1,Complexité,équilibré,1,1,Puissance,modéré,1,1,Réponse,rapide,1,1,Usage,orchestre,1,1,Positionnement,premium,1,1,Durabilité,élevée,1,1,Stabilité,bonne,1,1,Temps de rodage,moyen,1,1
